
   INFO  Server running on [http://127.0.0.1:8001].  

  Press Ctrl+C to stop the server

  PHP Deprecated:  App\Models\Teacher::scopeSearch(): Implicitly marking parameter $terms as nullable is deprecated, the explicit nullable type must be used instead in /home/ecobiz/Documents/Software/School-Management-System-CMS/app/Models/Teacher.php on line 101
  PHP Deprecated:  App\Models\Employee::scopeSearch(): Implicitly marking parameter $terms as nullable is deprecated, the explicit nullable type must be used instead in /home/ecobiz/Documents/Software/School-Management-System-CMS/app/Models/Employee.php on line 445
  PHP Deprecated:  App\Http\Controllers\FormWizard\TeacherController::firstStep(): Implicitly marking parameter $employee as nullable is deprecated, the explicit nullable type must be used instead in /home/ecobiz/Documents/Software/School-Management-System-CMS/app/Http/Controllers/FormWizard/TeacherController.php on line 12
  PHP Deprecated:  App\Http\Controllers\FormWizard\TeacherController::secondStep(): Implicitly marking parameter $employee as nullable is deprecated, the explicit nullable type must be used instead in /home/ecobiz/Documents/Software/School-Management-System-CMS/app/Http/Controllers/FormWizard/TeacherController.php on line 75
  PHP Deprecated:  App\Models\Rank::scopeSearch(): Implicitly marking parameter $terms as nullable is deprecated, the explicit nullable type must be used instead in /home/ecobiz/Documents/Software/School-Management-System-CMS/app/Models/Rank.php on line 389
  PHP Deprecated:  App\Http\Controllers\Employee\Auth\LoginController::sendFailedLoginResponse(): Implicitly marking parameter $message as nullable is deprecated, the explicit nullable type must be used instead in /home/ecobiz/Documents/Software/School-Management-System-CMS/app/Http/Controllers/Employee/Auth/LoginController.php on line 271
  2025-12-24 13:57:06 /login ..................................... ~ 502.54ms
  2025-12-24 13:57:06 /build/assets/app-BhLJtwtj.css ............... ~ 0.50ms
  2025-12-24 13:57:06 /build/assets/app-BFwkEv0t.css ............... ~ 0.38ms
  2025-12-24 13:57:06 /build/assets/app-n2kaNdUJ.js ................ ~ 0.35ms
  2025-12-24 13:57:07 /build/assets/Login-BeE5GWHL.js .............. ~ 0.64ms
  2025-12-24 13:57:07 /build/assets/Checkbox-DIrxBKG0.js ........... ~ 0.15ms
  2025-12-24 13:57:07 /build/assets/GuestLayout-BROhEZeN.js ........ ~ 0.13ms
  2025-12-24 13:57:07 /build/assets/GuestLayout-D0pWnSgT.css ....... ~ 0.13ms
  2025-12-24 13:57:07 /favicon.ico ................................. ~ 0.11ms
  2025-12-24 13:57:07 /images/ecobiz_logo_colored.png .............. ~ 0.16ms
  2025-12-24 13:57:07 /build/assets/PublicSans-Regular-CcK-bgQZ.ttf  ~ 0.09ms
  2025-12-24 13:57:07 /build/assets/boxicons-CeGEncwm.woff2 ........ ~ 0.09ms
  2025-12-24 13:57:07 /build/assets/PublicSans-Medium-DOt0zBLs.ttf . ~ 0.12ms
  2025-12-24 13:57:07 /build/assets/OnlineApplications-BA8xJlxk.js . ~ 0.10ms
  2025-12-24 13:57:07 /build/assets/OnlineApplications-CEmPD3sd.css  ~ 0.09ms
  2025-12-24 13:57:07 /build/assets/Index-FznrAFMD.js .............. ~ 0.13ms
  2025-12-24 13:57:07 /build/assets/Report-DSF8eWZd.js ............. ~ 0.13ms
  2025-12-24 13:57:07 /build/assets/debounce-CuFaaCQE.js ........... ~ 0.07ms
  2025-12-24 13:57:07 /build/assets/ConfirmPassword-DIUsJkPj.js .... ~ 0.09ms
  2025-12-24 13:57:07 /build/assets/GuestLayout-BROhEZeN.js ........ ~ 0.10ms
  2025-12-24 13:57:07 /build/assets/GuestLayout-D0pWnSgT.css ....... ~ 0.11ms
  2025-12-24 13:57:07 /build/assets/InputError-Cg65H59E.js ......... ~ 0.11ms
  2025-12-24 13:57:07 /build/assets/InputLabel-BEws7aVK.js ......... ~ 0.12ms
  2025-12-24 13:57:07 /build/assets/PrimaryButton-BCpEzNnw.js ...... ~ 0.07ms
  2025-12-24 13:57:07 /build/assets/TextInput-BSqhQxsP.js .......... ~ 0.08ms
  2025-12-24 13:57:07 /build/assets/ForgotPassword-2e8XCM9D.js ..... ~ 0.06ms
  2025-12-24 13:57:07 /build/assets/Login-CckwMDfA.js .............. ~ 0.06ms
  2025-12-24 13:57:07 /build/assets/Checkbox-DIrxBKG0.js ........... ~ 0.11ms
  2025-12-24 13:57:07 /build/assets/Register-C0sYwMAA.js ........... ~ 0.11ms
  2025-12-24 13:57:07 /build/assets/ResetPassword-Dkql1F8n.js ...... ~ 0.11ms
  2025-12-24 13:57:07 /build/assets/VerifyEmail-CcoWSSds.js ........ ~ 0.10ms
  2025-12-24 13:57:07 /build/assets/Index-CtY8KIY2.js .............. ~ 0.11ms
  2025-12-24 13:57:07 /build/assets/index-CBBmuDDS.js .............. ~ 0.08ms
  2025-12-24 13:57:07 /build/assets/Show-BlEJbvn8.js ............... ~ 0.09ms
  2025-12-24 13:57:07 /build/assets/Show-BI6oj0NI.css .............. ~ 0.14ms
  2025-12-24 13:57:07 /build/assets/Allowance-AnzSr_mY.js .......... ~ 0.08ms
  2025-12-24 13:57:07 /build/assets/BlogCategories-BBoBMiy0.js ..... ~ 0.08ms
  2025-12-24 13:57:07 /build/assets/Deduction-BHSTkXRq.js .......... ~ 0.07ms
  2025-12-24 13:57:07 /build/assets/Divisions-ELoO_NZv.js .......... ~ 0.07ms
  2025-12-24 13:57:07 /build/assets/EmploymentStatuses-CgF1FZDl.js . ~ 0.09ms
  2025-12-24 13:57:07 /build/assets/EmploymentTypes-CP4O-VwB.js .... ~ 0.07ms
  2025-12-24 13:57:07 /build/assets/Genders-DO9oye-L.js ............ ~ 0.11ms
  2025-12-24 13:57:07 /build/assets/Honorifics-ChiN2_8R.js ......... ~ 0.10ms
  2025-12-24 13:57:07 /build/assets/Income-DQuwuCIW.js ............. ~ 0.08ms
  2025-12-24 13:57:07 /build/assets/Index-BofAhEWE.js .............. ~ 0.09ms
  2025-12-24 13:57:07 /build/assets/Index-hOtiuyDQ.css ............. ~ 0.13ms
  2025-12-24 13:57:07 /build/assets/JobTitles-BjMOfTzz.js .......... ~ 0.09ms
  2025-12-24 13:57:07 /build/assets/QualificationTypes-CtRYPonY.js . ~ 0.07ms
  2025-12-24 13:57:07 /build/assets/Relationships-vBt0RQoA.js ...... ~ 0.06ms
  2025-12-24 13:57:07 /build/assets/Religions-BFM8LZ77.js .......... ~ 0.06ms
  2025-12-24 13:57:07 /build/assets/SalaryGrade-tnhBHc8n.js ........ ~ 0.11ms
  2025-12-24 13:57:07 /build/assets/SalaryScale-CpL7Wd78.js ........ ~ 0.09ms
  2025-12-24 13:57:07 /build/assets/Streams-CjI3qmZ3.js ............ ~ 0.08ms
  2025-12-24 13:57:07 /build/assets/Subjects-BNY4EVr5.js ........... ~ 0.08ms
  2025-12-24 13:57:07 /build/assets/TeacherTitles-8qsoGhLX.js ...... ~ 0.07ms
  2025-12-24 13:57:07 /build/assets/Dashboard-DQRQ5cm3.js .......... ~ 0.06ms
  2025-12-24 13:57:07 /build/assets/GreetingCard-iDEKjbuM.js ....... ~ 0.07ms
  2025-12-24 13:57:07 /build/assets/GreetingCard-d-HuJ_xn.css ...... ~ 0.07ms
  2025-12-24 13:57:07 /build/assets/AssignClasses-Dkpws7NZ.js ...... ~ 0.10ms
  2025-12-24 13:57:07 /build/assets/index-CwwetGfI.js .............. ~ 0.10ms
  2025-12-24 13:57:07 /build/assets/AssignClasses-DNa1Zu07.css ..... ~ 0.11ms
  2025-12-24 13:57:07 /build/assets/AssignSubjects-CIPhyMO4.js ..... ~ 0.11ms
  2025-12-24 13:57:07 /build/assets/Edit-uFB2R5oC.js ............... ~ 0.09ms
  2025-12-24 13:57:07 /build/assets/Edit-BY4eCtR7.css .............. ~ 0.07ms
  2025-12-24 13:57:07 /build/assets/EmergencyContactAccordion-D6GVPKdk.js  ~ 0.08ms
  2025-12-24 13:57:07 /build/assets/EmployeeDataAccordion-Qt-NHZPb.js  ~ 0.07ms
  2025-12-24 13:57:07 /build/assets/Index-Dr0jSjuV.js .............. ~ 0.07ms
  2025-12-24 13:57:07 /build/assets/Modal-VGDe72wy.js .............. ~ 0.06ms
  2025-12-24 13:57:07 /build/assets/Dropdown-B9DYNlIt.js ........... ~ 0.05ms
  2025-12-24 13:57:07 /build/assets/Index-CCa_qaaw.css ............. ~ 0.05ms
  2025-12-24 13:57:07 /build/assets/Index-xSpY2VjN.js .............. ~ 0.07ms
  2025-12-24 13:57:07 /build/assets/Index-gehn0z9Y.css ............. ~ 0.09ms
  2025-12-24 13:57:07 /build/assets/QualificationDetailAccordion-D9sRCm84.js  ~ 0.06ms
  2025-12-24 13:57:07 /build/assets/Show-DrziLiN6.js ............... ~ 0.05ms
  2025-12-24 13:57:07 /build/assets/Create-D3TSngnk.js ............. ~ 0.10ms
  2025-12-24 13:57:07 /build/assets/Create-Kc1s9BP_.css ............ ~ 0.07ms
  2025-12-24 13:57:07 /build/assets/Edit-CCIlcGEh.js ............... ~ 0.07ms
  2025-12-24 13:57:07 /build/assets/Edit-BXvpM3JB.css .............. ~ 0.07ms
  2025-12-24 13:57:07 /build/assets/Index-Bm-SqTRM.js .............. ~ 0.08ms
  2025-12-24 13:57:07 /build/assets/Show-DsTt5M3a.js ............... ~ 0.07ms
  2025-12-24 13:57:07 /build/assets/Show-BcbfK-aJ.css .............. ~ 0.09ms
  2025-12-24 13:57:07 /build/assets/WorkHistoryAccordion-Bknmu-AH.js  ~ 0.09ms
  2025-12-24 13:57:07 /build/assets/FeeBalance-DLny0bFl.js ......... ~ 0.06ms
  2025-12-24 13:57:07 /build/assets/FeeBalance-VxAQu3JP.css ........ ~ 0.06ms
  2025-12-24 13:57:07 /build/assets/FeeReport-DpX6gtN0.js .......... ~ 0.07ms
  2025-12-24 13:57:07 /build/assets/FeeReport-B4ZB0Hw_.css ......... ~ 0.06ms
  2025-12-24 13:57:07 /build/assets/Create-DdZIld5F.js ............. ~ 0.07ms
  2025-12-24 13:57:07 /build/assets/Create-v8Xhr7wC.css ............ ~ 0.08ms
  2025-12-24 13:57:07 /build/assets/Edit-78_OCsCK.js ............... ~ 0.07ms
  2025-12-24 13:57:07 /build/assets/Edit-BHrrC4kE.css .............. ~ 0.09ms
  2025-12-24 13:57:07 /build/assets/Index-SsNWqPnj.js .............. ~ 0.06ms
  2025-12-24 13:57:07 /build/assets/Index-B3zSWBtC.css ............. ~ 0.05ms
  2025-12-24 13:57:07 /build/assets/Index-BwQdVoH5.js .............. ~ 0.05ms
  2025-12-24 13:57:07 /build/assets/Index-Doodeb1f.css ............. ~ 0.08ms
  2025-12-24 13:57:07 /build/assets/PaymentHistory-Cauk8c3b.js ..... ~ 0.08ms
  2025-12-24 13:57:07 /build/assets/PaymentHistory-BJycJNMh.css .... ~ 0.07ms
  2025-12-24 13:57:07 /build/assets/Reports-CiEQ_nHH.js ............ ~ 0.08ms
  2025-12-24 13:57:07 /build/assets/chart-BR_H7_9u.js .............. ~ 0.10ms
  2025-12-24 13:57:07 /build/assets/Overview-Bdp5BCiJ.js ........... ~ 0.05ms
  2025-12-24 13:57:07 /build/assets/TransferFunds-DIHta9TY.js ...... ~ 0.06ms
  2025-12-24 13:57:07 /build/assets/TransferFunds-CH4O_5Wh.css ..... ~ 0.07ms
  2025-12-24 13:57:07 /build/assets/TransferHistory-BDB18jkS.js .... ~ 0.08ms
  2025-12-24 13:57:07 /build/assets/TransferHistory-Cpner_fp.css ... ~ 0.05ms
  2025-12-24 13:57:07 /build/assets/VerifyPayment-DHPs6nX7.js ...... ~ 0.06ms
  2025-12-24 13:57:07 /build/assets/VerifyPayment-DoPr7nd5.css ..... ~ 0.06ms
  2025-12-24 13:57:07 /build/assets/Index-CQbJvAOY.js .............. ~ 0.06ms
  2025-12-24 13:57:07 /build/assets/Create-C4vHRvZf.js ............. ~ 0.08ms
  2025-12-24 13:57:07 /build/assets/Index-BzIqKcky.js .............. ~ 0.07ms
  2025-12-24 13:57:07 /build/assets/Index-DJ5YxZ5W.js .............. ~ 0.07ms
  2025-12-24 13:57:07 /build/assets/Assignments-9dqu3vHI.js ........ ~ 0.07ms
  2025-12-24 13:57:07 /build/assets/Assignments-B_bXy2g9.css ....... ~ 0.07ms
  2025-12-24 13:57:07 /build/assets/Classes-DttRkI2t.js ............ ~ 0.07ms
  2025-12-24 13:57:07 /build/assets/Classes-BCvb2enR.css ........... ~ 0.07ms
  2025-12-24 13:57:07 /build/assets/Materials-Qbo0P9QL.js .......... ~ 0.07ms
  2025-12-24 13:57:07 /build/assets/Materials-Bs5Ck8T8.css ......... ~ 0.11ms
  2025-12-24 13:57:07 /build/assets/Index-C1YJS1LP.js .............. ~ 0.07ms
  2025-12-24 13:57:07 /build/assets/AllStaff-CRjDXTrr.js ........... ~ 0.06ms
  2025-12-24 13:57:07 /build/assets/AllStudents-BdujtY_5.js ........ ~ 0.06ms
  2025-12-24 13:57:07 /build/assets/Index-WzQbU86q.js .............. ~ 0.05ms
  2025-12-24 13:57:07 /build/assets/index-DHXAGmwn.css ............. ~ 0.05ms
  2025-12-24 13:57:07 /build/assets/StaffAttendance-Btj9j6mA.js .... ~ 0.09ms
  2025-12-24 13:57:07 /build/assets/Index-BKC-NwOM.js .............. ~ 0.07ms
  2025-12-24 13:57:07 /build/assets/AcademicYears-CUJNjGSE.js ...... ~ 0.07ms
  2025-12-24 13:57:07 /build/assets/Create-DOAzi5JG.js ............. ~ 0.07ms
  2025-12-24 13:57:07 /build/assets/Create-D_Ye6YXb.css ............ ~ 0.08ms
  2025-12-24 13:57:07 /build/assets/Index-BruUZ_ef.js .............. ~ 0.08ms
  2025-12-24 13:57:07 /build/assets/Create-DSKHl8hw.js ............. ~ 0.07ms
  2025-12-24 13:57:07 /build/assets/Create-DR2cA3oS.css ............ ~ 0.08ms
  2025-12-24 13:57:07 /build/assets/Edit-RdJATL5o.js ............... ~ 0.47ms
  2025-12-24 13:57:07 /build/assets/Edit-Ub3hKOBS.css .............. ~ 0.28ms
  2025-12-24 13:57:07 /build/assets/Index-6vQafBVg.js .............. ~ 0.26ms
  2025-12-24 13:57:07 /build/assets/Index-CyoEYGUx.css ............. ~ 0.26ms
  2025-12-24 13:57:07 /build/assets/Show-DEF32fJZ.js ............... ~ 0.29ms
  2025-12-24 13:57:07 /build/assets/Show-DbmSmPI5.css .............. ~ 0.28ms
  2025-12-24 13:57:07 /build/assets/Index-Bth0PZKU.js .............. ~ 0.29ms
  2025-12-24 13:57:07 /build/assets/Index-Bmq05Fjm.js .............. ~ 0.29ms
  2025-12-24 13:57:07 /build/assets/Index-DSFIAx3y.js .............. ~ 0.29ms
  2025-12-24 13:57:07 /build/assets/Blogs-zfIHQsw2.js .............. ~ 0.29ms
  2025-12-24 13:57:07 /build/assets/Editor-Gk2xx0kL.js ............. ~ 0.30ms
  2025-12-24 13:57:07 /build/assets/Editor-DCiBGPfP.css ............ ~ 0.26ms
  2025-12-24 13:57:07 /build/assets/Careers-o_QDlNNp.js ............ ~ 0.26ms
  2025-12-24 13:57:07 /build/assets/Index-ZBy0Yp0p.js .............. ~ 0.20ms
  2025-12-24 13:57:07 /build/assets/Index-DJ9xZC-1.css ............. ~ 0.19ms
  2025-12-24 13:57:07 /build/assets/Buttons-BWJN9zp1.js ............ ~ 0.19ms
  2025-12-24 13:57:07 /build/assets/Buttons-DHNf4XXu.css ........... ~ 0.27ms
  2025-12-24 13:57:07 /build/assets/Colors-Yz8863dD.js ............. ~ 0.14ms
  2025-12-24 13:57:07 /build/assets/Index-BItwxOEf.js .............. ~ 0.25ms
  2025-12-24 13:57:07 /build/assets/Index-CEPBEXi6.css ............. ~ 0.21ms
  2025-12-24 13:57:07 /build/assets/Index-D4JoYn6E.js .............. ~ 0.22ms
  2025-12-24 13:57:07 /build/assets/Index-DNQcik9G.js .............. ~ 0.16ms
  2025-12-24 13:57:07 /build/assets/Create-DmnAudtA.js ............. ~ 0.15ms
  2025-12-24 13:57:07 /build/assets/Create-Co4pdLcW.css ............ ~ 0.13ms
  2025-12-24 13:57:07 /build/assets/Edit-Bdj4idWr.js ............... ~ 0.11ms
  2025-12-24 13:57:07 /build/assets/Edit-CQCm6wpr.css .............. ~ 0.09ms
  2025-12-24 13:57:07 /build/assets/Index-Bwqf1xp6.js .............. ~ 0.08ms
  2025-12-24 13:57:07 /build/assets/ManagePageSections-DABQw4IX.js . ~ 0.07ms
  2025-12-24 13:57:07 /build/assets/ManagePageSections-Bn7DDJFs.css  ~ 0.08ms
  2025-12-24 13:57:07 /build/assets/Index-CljuMQJc.js .............. ~ 0.07ms
  2025-12-24 13:57:07 /build/assets/Login-BeE5GWHL.js .............. ~ 0.09ms
  2025-12-24 13:57:07 /build/assets/Dashboard-BGorFSqM.js .......... ~ 0.07ms
  2025-12-24 13:57:07 /build/assets/AssignClasses-DTbtLx7z.js ...... ~ 0.08ms
  2025-12-24 13:57:07 /build/assets/AssignClasses-BpmGkGfR.css ..... ~ 0.08ms
  2025-12-24 13:57:07 /build/assets/Index-DdHD69K6.js .............. ~ 0.06ms
  2025-12-24 13:57:07 /build/assets/Functions-DBdvPDQ4.js .......... ~ 0.07ms
  2025-12-24 13:57:07 /build/assets/MarkAttendance-hmNdKigW.js ..... ~ 0.08ms
  2025-12-24 13:57:07 /build/assets/Report-C2_P7LAN.js ............. ~ 0.12ms
  2025-12-24 13:57:07 /build/assets/Login-ewSuVe01.js .............. ~ 0.12ms
  2025-12-24 13:57:07 /build/assets/Login-BBD4QppN.css ............. ~ 0.09ms
  2025-12-24 13:57:07 /build/assets/Dashboard-BqgpvpYU.js .......... ~ 0.07ms
  2025-12-24 13:57:07 /build/assets/Dashboard-DMZbz74x.css ......... ~ 0.09ms
  2025-12-24 13:57:07 /build/assets/EnterMarks-B6O3ScuJ.js ......... ~ 0.07ms
  2025-12-24 13:57:07 /build/assets/EnterMarks-DwL5Vpbu.css ........ ~ 0.06ms
  2025-12-24 13:57:07 /build/assets/SubmittedMarks-JopySILO.js ..... ~ 0.07ms
  2025-12-24 13:57:07 /build/assets/SubmittedMarks-CTHh4nKk.css .... ~ 0.05ms
  2025-12-24 13:57:07 /build/assets/Index-L0O__ibO.js .............. ~ 0.05ms
  2025-12-24 13:57:07 /build/assets/Index-bfWcpLwP.css ............. ~ 0.08ms
  2025-12-24 13:57:07 /build/assets/EmergencyContacts-DkQMIilR.js .. ~ 0.11ms
  2025-12-24 13:57:07 /build/assets/EmployeeDetails-BRAJtab7.js .... ~ 0.09ms
  2025-12-24 13:57:07 /build/assets/Qualifications-JdUZ1Y2l.js ..... ~ 0.09ms
  2025-12-24 13:57:07 /build/assets/UpdatePassword-CsHC2Vsq.js ..... ~ 0.09ms
  2025-12-24 13:57:07 /build/assets/UpdatePassword-BJM0g8p3.css .... ~ 0.08ms
  2025-12-24 13:57:07 /build/assets/WorkHistories-1yCDn27Z.js ...... ~ 0.08ms
  2025-12-24 13:57:07 /build/assets/Index-D7aLNnKB.js .............. ~ 0.08ms
  2025-12-24 13:57:07 /build/assets/Index-C2y-pRbf.css ............. ~ 0.07ms
  2025-12-24 13:57:07 /build/assets/Index-C8ZvNm3X.js .............. ~ 0.07ms
  2025-12-24 13:57:07 /build/assets/Index-CqV9O6rm.js .............. ~ 0.07ms
  2025-12-24 13:57:07 /build/assets/ApprovalQueue-DjkQOH9c.js ...... ~ 0.07ms
  2025-12-24 13:57:07 /build/assets/ApprovalQueue-D2DnOygN.css ..... ~ 0.07ms
  2025-12-24 13:57:07 /build/assets/Index-BMUjmxO5.js .............. ~ 0.07ms
  2025-12-24 13:57:07 /build/assets/Index-BWAxV6fd.js .............. ~ 0.06ms
  2025-12-24 13:57:07 /build/assets/PayrollAdjustment-w52ohH0U.js .. ~ 0.07ms
  2025-12-24 13:57:07 /build/assets/iziToast-BIp82V41.js ........... ~ 0.07ms
  2025-12-24 13:57:07 /build/assets/PayrollAdjustmentAllowance-ChqMzg-P.js  ~ 0.07ms
  2025-12-24 13:57:07 /build/assets/PayrollAdjustmentDeduction-BSQP_4vk.js  ~ 0.06ms
  2025-12-24 13:57:08 /build/assets/PayrollDetails-NRQSXGiv.js ..... ~ 0.06ms
  2025-12-24 13:57:08 /build/assets/PayrollRun-DGE_SQwO.js ......... ~ 0.06ms
  2025-12-24 13:57:08 /build/assets/Edit-BIWwFE8A.js ............... ~ 0.06ms
  2025-12-24 13:57:08 /build/assets/SecondaryButton-D0wqnYTu.js .... ~ 0.06ms
  2025-12-24 13:57:08 /build/assets/Index-DK4mOFU-.js .............. ~ 0.06ms
  2025-12-24 13:57:08 /build/assets/DeleteUserForm-7h0EnQZ-.js ..... ~ 0.06ms
  2025-12-24 13:57:08 /build/assets/UpdatePasswordForm-idx7RxAi.js . ~ 0.06ms
  2025-12-24 13:57:08 /build/assets/UpdateProfileInformationForm--t4-Ff3T.js  ~ 0.06ms
  2025-12-24 13:57:08 /build/assets/Index-Bpa5Goj-.js .............. ~ 0.06ms
  2025-12-24 13:57:08 /build/assets/Index-DW4sdL-x.css ............. ~ 0.07ms
  2025-12-24 13:57:08 /build/assets/Success-CwW6MrJr.js ............ ~ 0.08ms
  2025-12-24 13:57:08 /build/assets/Success-r-hqeCiF.css ........... ~ 0.05ms
  2025-12-24 13:57:08 /build/assets/Track-KtToCfIh.js .............. ~ 0.05ms
  2025-12-24 13:57:08 /build/assets/Track-L7omozRj.css ............. ~ 0.05ms
  2025-12-24 13:57:08 /build/assets/TrackingForm-CWW7uiy_.js ....... ~ 0.05ms
  2025-12-24 13:57:08 /build/assets/TrackingForm-BbDMoIBK.css ...... ~ 0.04ms
  2025-12-24 13:57:08 /build/assets/Index-BmB5Me6q.js .............. ~ 0.05ms
  2025-12-24 13:57:08 /build/assets/StudentLayout-DeWCi8ah.js ...... ~ 0.05ms
  2025-12-24 13:57:08 /build/assets/StudentLayout-OSj59oVD.css ..... ~ 0.04ms
  2025-12-24 13:57:08 /build/assets/ChangePassword-DhqDUCK6.js ..... ~ 0.04ms
  2025-12-24 13:57:08 /build/assets/Dashboard-R7RHscxn.js .......... ~ 0.07ms
  2025-12-24 13:57:08 /build/assets/Dashboard-XybeFVte.css ......... ~ 0.04ms
  2025-12-24 13:57:08 /build/assets/Index-DACEiP3D.js .............. ~ 0.04ms
  2025-12-24 13:57:08 /build/assets/Index-BBVaKK-U.js .............. ~ 0.07ms
  2025-12-24 13:57:08 /build/assets/Edit-DZwQa8lr.js ............... ~ 0.05ms
  2025-12-24 13:57:08 /build/assets/Edit-C4P7t_N1.css .............. ~ 0.05ms
  2025-12-24 13:57:08 /build/assets/Index-8n8dVnDp.js .............. ~ 0.05ms
  2025-12-24 13:57:08 /build/assets/Show-CmuWAzfp.js ............... ~ 0.10ms
  2025-12-24 13:57:08 /build/assets/MyTimetable-_JhMnYBH.js ........ ~ 0.08ms
  2025-12-24 13:57:08 /build/assets/MyTimetable-DKnYbDuK.css ....... ~ 0.04ms
  2025-12-24 13:57:08 /build/assets/Generate-D8zE8hPl.js ........... ~ 0.04ms
  2025-12-24 13:57:08 /build/assets/Constraints-DXnqT5MK.js ........ ~ 0.04ms
  2025-12-24 13:57:08 /build/assets/Constraints-BZS0SRTT.css ....... ~ 0.04ms
  2025-12-24 13:57:08 /build/assets/Periods-D_cAUaGO.js ............ ~ 0.04ms
  2025-12-24 13:57:08 /build/assets/SubjectAllocation-CtXno2fv.js .. ~ 0.04ms
  2025-12-24 13:57:08 /build/assets/SubjectAllocation-LlDamDcb.css . ~ 0.04ms
  2025-12-24 13:57:08 /build/assets/ClassTimetable-DajfBan3.js ..... ~ 0.04ms
  2025-12-24 13:57:08 /build/assets/TeacherTimetable-jfrqOuml.js ... ~ 0.04ms
  2025-12-24 13:57:08 /build/assets/Welcome-BqzGGm-l.js ............ ~ 0.04ms
  2025-12-24 13:57:08 /build/assets/DefaultLayout-DkCF503b.js ...... ~ 0.05ms
  2025-12-24 13:57:08 /build/assets/DefaultLayout-UfeXBpZ5.css ..... ~ 0.05ms
  2025-12-24 13:57:08 /build/assets/Pagination-CPg9MUtv.js ......... ~ 0.06ms
  2025-12-24 13:57:08 /build/assets/Pagination-BbeKvaSo.css ........ ~ 0.06ms
  2025-12-24 13:57:08 /build/assets/lodash-BHPZINTD.js ............. ~ 0.04ms
  2025-12-24 13:57:08 /build/assets/Footer-CQ6aXKC4.js ............. ~ 0.05ms
  2025-12-24 13:57:08 /build/assets/Footer-DJf3l1MC.css ............ ~ 0.04ms
  2025-12-24 13:57:18 /login ....................................... ~ 0.14ms
  2025-12-24 13:57:18 /build/assets/app-BhLJtwtj.css ............... ~ 0.07ms
  2025-12-24 13:57:18 /build/assets/app-BFwkEv0t.css ............... ~ 0.07ms
  2025-12-24 13:57:18 /build/assets/app-n2kaNdUJ.js ................ ~ 0.07ms
  2025-12-24 13:57:18 /build/assets/Login-BeE5GWHL.js .............. ~ 0.27ms
  2025-12-24 13:57:18 /build/assets/Checkbox-DIrxBKG0.js ........... ~ 0.13ms
  2025-12-24 13:57:18 /build/assets/GuestLayout-BROhEZeN.js ........ ~ 0.10ms
  2025-12-24 13:57:18 /build/assets/GuestLayout-D0pWnSgT.css ....... ~ 0.11ms
  2025-12-24 13:57:18 /favicon.ico ................................. ~ 0.09ms
  2025-12-24 13:57:18 /images/ecobiz_logo_colored.png .............. ~ 0.09ms
  2025-12-24 13:57:18 /build/assets/PublicSans-Regular-CcK-bgQZ.ttf  ~ 0.09ms
  2025-12-24 13:57:18 /build/assets/boxicons-CeGEncwm.woff2 ........ ~ 0.12ms
  2025-12-24 13:57:18 /build/assets/PublicSans-Medium-DOt0zBLs.ttf . ~ 0.13ms
  2025-12-24 13:57:18 /build/assets/OnlineApplications-BA8xJlxk.js . ~ 0.15ms
  2025-12-24 13:57:18 /build/assets/OnlineApplications-CEmPD3sd.css  ~ 0.11ms
  2025-12-24 13:57:18 /build/assets/Index-FznrAFMD.js .............. ~ 0.11ms
  2025-12-24 13:57:18 /build/assets/Report-DSF8eWZd.js ............. ~ 0.14ms
  2025-12-24 13:57:18 /build/assets/debounce-CuFaaCQE.js ........... ~ 0.12ms
  2025-12-24 13:57:18 /build/assets/ConfirmPassword-DIUsJkPj.js .... ~ 0.09ms
  2025-12-24 13:57:18 /build/assets/GuestLayout-BROhEZeN.js ........ ~ 0.19ms
  2025-12-24 13:57:18 /build/assets/GuestLayout-D0pWnSgT.css ....... ~ 0.13ms
  2025-12-24 13:57:18 /build/assets/InputError-Cg65H59E.js ......... ~ 0.19ms
  2025-12-24 13:57:18 /build/assets/InputLabel-BEws7aVK.js ......... ~ 0.16ms
  2025-12-24 13:57:18 /build/assets/PrimaryButton-BCpEzNnw.js ...... ~ 0.11ms
  2025-12-24 13:57:18 /build/assets/TextInput-BSqhQxsP.js .......... ~ 0.27ms
  2025-12-24 13:57:18 /build/assets/ForgotPassword-2e8XCM9D.js ..... ~ 0.19ms
  2025-12-24 13:57:18 /build/assets/Login-CckwMDfA.js .............. ~ 0.06ms
  2025-12-24 13:57:18 /build/assets/Checkbox-DIrxBKG0.js ........... ~ 0.08ms
  2025-12-24 13:57:18 /build/assets/Register-C0sYwMAA.js ........... ~ 0.10ms
  2025-12-24 13:57:18 /build/assets/ResetPassword-Dkql1F8n.js ...... ~ 0.10ms
  2025-12-24 13:57:18 /build/assets/VerifyEmail-CcoWSSds.js ........ ~ 0.08ms
  2025-12-24 13:57:18 /build/assets/Index-CtY8KIY2.js .............. ~ 0.08ms
  2025-12-24 13:57:18 /build/assets/index-CBBmuDDS.js .............. ~ 0.10ms
  2025-12-24 13:57:18 /build/assets/Show-BlEJbvn8.js ............... ~ 0.06ms
  2025-12-24 13:57:18 /build/assets/Show-BI6oj0NI.css .............. ~ 0.10ms
  2025-12-24 13:57:18 /build/assets/Allowance-AnzSr_mY.js .......... ~ 0.07ms
  2025-12-24 13:57:18 /build/assets/BlogCategories-BBoBMiy0.js ..... ~ 0.06ms
  2025-12-24 13:57:18 /build/assets/Deduction-BHSTkXRq.js .......... ~ 0.08ms
  2025-12-24 13:57:18 /build/assets/Divisions-ELoO_NZv.js .......... ~ 0.09ms
  2025-12-24 13:57:18 /build/assets/EmploymentStatuses-CgF1FZDl.js . ~ 0.06ms
  2025-12-24 13:57:19 /build/assets/EmploymentTypes-CP4O-VwB.js .... ~ 0.08ms
  2025-12-24 13:57:19 /build/assets/Genders-DO9oye-L.js ............ ~ 0.10ms
  2025-12-24 13:57:19 /build/assets/Honorifics-ChiN2_8R.js ......... ~ 0.08ms
  2025-12-24 13:57:19 /build/assets/Income-DQuwuCIW.js ............. ~ 0.08ms
  2025-12-24 13:57:19 /build/assets/Index-BofAhEWE.js .............. ~ 0.09ms
  2025-12-24 13:57:19 /build/assets/Index-hOtiuyDQ.css ............. ~ 0.07ms
  2025-12-24 13:57:19 /build/assets/JobTitles-BjMOfTzz.js .......... ~ 0.06ms
  2025-12-24 13:57:19 /build/assets/QualificationTypes-CtRYPonY.js . ~ 0.05ms
  2025-12-24 13:57:19 /build/assets/Relationships-vBt0RQoA.js ...... ~ 0.05ms
  2025-12-24 13:57:19 /build/assets/Religions-BFM8LZ77.js .......... ~ 0.06ms
  2025-12-24 13:57:19 /build/assets/SalaryGrade-tnhBHc8n.js ........ ~ 0.07ms
  2025-12-24 13:57:19 /build/assets/SalaryScale-CpL7Wd78.js ........ ~ 0.08ms
  2025-12-24 13:57:19 /build/assets/Streams-CjI3qmZ3.js ............ ~ 0.07ms
  2025-12-24 13:57:19 /build/assets/Subjects-BNY4EVr5.js ........... ~ 0.07ms
  2025-12-24 13:57:19 /build/assets/TeacherTitles-8qsoGhLX.js ...... ~ 0.07ms
  2025-12-24 13:57:19 /build/assets/Dashboard-DQRQ5cm3.js .......... ~ 0.06ms
  2025-12-24 13:57:19 /build/assets/GreetingCard-iDEKjbuM.js ....... ~ 0.06ms
  2025-12-24 13:57:19 /build/assets/GreetingCard-d-HuJ_xn.css ...... ~ 0.07ms
  2025-12-24 13:57:19 /build/assets/AssignClasses-Dkpws7NZ.js ...... ~ 0.06ms
  2025-12-24 13:57:19 /build/assets/index-CwwetGfI.js .............. ~ 0.06ms
  2025-12-24 13:57:19 /build/assets/AssignClasses-DNa1Zu07.css ..... ~ 0.05ms
  2025-12-24 13:57:19 /build/assets/AssignSubjects-CIPhyMO4.js ..... ~ 0.10ms
  2025-12-24 13:57:19 /build/assets/Edit-uFB2R5oC.js ............... ~ 0.07ms
  2025-12-24 13:57:19 /build/assets/Edit-BY4eCtR7.css .............. ~ 0.07ms
  2025-12-24 13:57:19 /build/assets/EmergencyContactAccordion-D6GVPKdk.js  ~ 0.16ms
  2025-12-24 13:57:19 /build/assets/EmployeeDataAccordion-Qt-NHZPb.js  ~ 0.08ms
  2025-12-24 13:57:19 /build/assets/Index-Dr0jSjuV.js .............. ~ 0.05ms
  2025-12-24 13:57:19 /build/assets/Modal-VGDe72wy.js .............. ~ 0.08ms
  2025-12-24 13:57:19 /build/assets/Dropdown-B9DYNlIt.js ........... ~ 0.07ms
  2025-12-24 13:57:19 /build/assets/Index-CCa_qaaw.css ............. ~ 0.08ms
  2025-12-24 13:57:19 /build/assets/Index-xSpY2VjN.js .............. ~ 0.07ms
  2025-12-24 13:57:19 /build/assets/Index-gehn0z9Y.css ............. ~ 0.07ms
  2025-12-24 13:57:19 /build/assets/QualificationDetailAccordion-D9sRCm84.js  ~ 0.06ms
  2025-12-24 13:57:19 /build/assets/Show-DrziLiN6.js ............... ~ 0.06ms
  2025-12-24 13:57:19 /build/assets/Create-D3TSngnk.js ............. ~ 0.06ms
  2025-12-24 13:57:19 /build/assets/Create-Kc1s9BP_.css ............ ~ 0.06ms
  2025-12-24 13:57:19 /build/assets/Edit-CCIlcGEh.js ............... ~ 0.06ms
  2025-12-24 13:57:19 /build/assets/Edit-BXvpM3JB.css .............. ~ 0.06ms
  2025-12-24 13:57:19 /build/assets/Index-Bm-SqTRM.js .............. ~ 0.06ms
  2025-12-24 13:57:19 /build/assets/Show-DsTt5M3a.js ............... ~ 0.06ms
  2025-12-24 13:57:19 /build/assets/Show-BcbfK-aJ.css .............. ~ 0.07ms
  2025-12-24 13:57:19 /build/assets/WorkHistoryAccordion-Bknmu-AH.js  ~ 0.10ms
  2025-12-24 13:57:19 /build/assets/FeeBalance-DLny0bFl.js ......... ~ 0.10ms
  2025-12-24 13:57:19 /build/assets/FeeBalance-VxAQu3JP.css ........ ~ 0.09ms
  2025-12-24 13:57:19 /build/assets/FeeReport-DpX6gtN0.js .......... ~ 0.05ms
  2025-12-24 13:57:19 /build/assets/FeeReport-B4ZB0Hw_.css ......... ~ 0.08ms
  2025-12-24 13:57:19 /build/assets/Create-DdZIld5F.js ............. ~ 0.07ms
  2025-12-24 13:57:19 /build/assets/Create-v8Xhr7wC.css ............ ~ 0.09ms
  2025-12-24 13:57:19 /build/assets/Edit-78_OCsCK.js ............... ~ 0.09ms
  2025-12-24 13:57:19 /build/assets/Edit-BHrrC4kE.css .............. ~ 0.07ms
  2025-12-24 13:57:19 /build/assets/Index-SsNWqPnj.js .............. ~ 0.07ms
  2025-12-24 13:57:19 /build/assets/Index-B3zSWBtC.css ............. ~ 0.07ms
  2025-12-24 13:57:19 /build/assets/Index-BwQdVoH5.js .............. ~ 0.08ms
  2025-12-24 13:57:19 /build/assets/Index-Doodeb1f.css ............. ~ 0.07ms
  2025-12-24 13:57:19 /build/assets/PaymentHistory-Cauk8c3b.js ..... ~ 0.06ms
  2025-12-24 13:57:19 /build/assets/PaymentHistory-BJycJNMh.css .... ~ 0.06ms
  2025-12-24 13:57:19 /build/assets/Reports-CiEQ_nHH.js ............ ~ 0.07ms
  2025-12-24 13:57:19 /build/assets/chart-BR_H7_9u.js .............. ~ 0.07ms
  2025-12-24 13:57:19 /build/assets/Overview-Bdp5BCiJ.js ........... ~ 0.06ms
  2025-12-24 13:57:19 /build/assets/TransferFunds-DIHta9TY.js ...... ~ 0.06ms
  2025-12-24 13:57:19 /build/assets/TransferFunds-CH4O_5Wh.css ..... ~ 0.05ms
  2025-12-24 13:57:19 /build/assets/TransferHistory-BDB18jkS.js .... ~ 0.07ms
  2025-12-24 13:57:19 /build/assets/TransferHistory-Cpner_fp.css ... ~ 0.07ms
  2025-12-24 13:57:19 /build/assets/VerifyPayment-DHPs6nX7.js ...... ~ 0.07ms
  2025-12-24 13:57:19 /build/assets/VerifyPayment-DoPr7nd5.css ..... ~ 0.07ms
  2025-12-24 13:57:19 /build/assets/Index-CQbJvAOY.js .............. ~ 0.07ms
  2025-12-24 13:57:19 /build/assets/Create-C4vHRvZf.js ............. ~ 0.07ms
  2025-12-24 13:57:19 /build/assets/Index-BzIqKcky.js .............. ~ 0.07ms
  2025-12-24 13:57:19 /build/assets/Index-DJ5YxZ5W.js .............. ~ 0.07ms
  2025-12-24 13:57:19 /build/assets/Assignments-9dqu3vHI.js ........ ~ 0.06ms
  2025-12-24 13:57:19 /build/assets/Assignments-B_bXy2g9.css ....... ~ 0.06ms
  2025-12-24 13:57:19 /build/assets/Classes-DttRkI2t.js ............ ~ 0.07ms
  2025-12-24 13:57:19 /build/assets/Classes-BCvb2enR.css ........... ~ 0.07ms
  2025-12-24 13:57:19 /build/assets/Materials-Qbo0P9QL.js .......... ~ 0.08ms
  2025-12-24 13:57:19 /build/assets/Materials-Bs5Ck8T8.css ......... ~ 0.07ms
  2025-12-24 13:57:19 /build/assets/Index-C1YJS1LP.js .............. ~ 0.07ms
  2025-12-24 13:57:19 /build/assets/AllStaff-CRjDXTrr.js ........... ~ 0.08ms
  2025-12-24 13:57:19 /build/assets/AllStudents-BdujtY_5.js ........ ~ 0.07ms
  2025-12-24 13:57:19 /build/assets/Index-WzQbU86q.js .............. ~ 0.07ms
  2025-12-24 13:57:19 /build/assets/index-DHXAGmwn.css ............. ~ 0.08ms
  2025-12-24 13:57:19 /build/assets/StaffAttendance-Btj9j6mA.js .... ~ 0.06ms
  2025-12-24 13:57:19 /build/assets/Index-BKC-NwOM.js .............. ~ 0.06ms
  2025-12-24 13:57:19 /build/assets/AcademicYears-CUJNjGSE.js ...... ~ 0.06ms
  2025-12-24 13:57:19 /build/assets/Create-DOAzi5JG.js ............. ~ 0.06ms
  2025-12-24 13:57:19 /build/assets/Create-D_Ye6YXb.css ............ ~ 0.07ms
  2025-12-24 13:57:19 /build/assets/Index-BruUZ_ef.js .............. ~ 0.06ms
  2025-12-24 13:57:19 /build/assets/Create-DSKHl8hw.js ............. ~ 0.06ms
  2025-12-24 13:57:19 /build/assets/Create-DR2cA3oS.css ............ ~ 0.07ms
  2025-12-24 13:57:19 /build/assets/Edit-RdJATL5o.js ............... ~ 0.06ms
  2025-12-24 13:57:19 /build/assets/Edit-Ub3hKOBS.css .............. ~ 0.07ms
  2025-12-24 13:57:19 /build/assets/Index-6vQafBVg.js .............. ~ 0.06ms
  2025-12-24 13:57:19 /build/assets/Index-CyoEYGUx.css ............. ~ 0.06ms
  2025-12-24 13:57:19 /build/assets/Show-DEF32fJZ.js ............... ~ 0.06ms
  2025-12-24 13:57:19 /build/assets/Show-DbmSmPI5.css .............. ~ 0.06ms
  2025-12-24 13:57:19 /build/assets/Index-Bth0PZKU.js .............. ~ 0.05ms
  2025-12-24 13:57:19 /build/assets/Index-Bmq05Fjm.js .............. ~ 0.07ms
  2025-12-24 13:57:19 /build/assets/Index-DSFIAx3y.js .............. ~ 0.08ms
  2025-12-24 13:57:19 /build/assets/Blogs-zfIHQsw2.js .............. ~ 0.09ms
  2025-12-24 13:57:19 /build/assets/Editor-Gk2xx0kL.js ............. ~ 0.08ms
  2025-12-24 13:57:19 /build/assets/Editor-DCiBGPfP.css ............ ~ 0.07ms
  2025-12-24 13:57:19 /build/assets/Careers-o_QDlNNp.js ............ ~ 0.42ms
  2025-12-24 13:57:19 /build/assets/Index-ZBy0Yp0p.js .............. ~ 0.23ms
  2025-12-24 13:57:19 /build/assets/Index-DJ9xZC-1.css ............. ~ 0.24ms
  2025-12-24 13:57:19 /build/assets/Buttons-BWJN9zp1.js ............ ~ 0.29ms
  2025-12-24 13:57:19 /build/assets/Buttons-DHNf4XXu.css ........... ~ 0.28ms
  2025-12-24 13:57:19 /build/assets/Colors-Yz8863dD.js ............. ~ 0.24ms
  2025-12-24 13:57:19 /build/assets/Index-BItwxOEf.js .............. ~ 0.30ms
  2025-12-24 13:57:19 /build/assets/Index-CEPBEXi6.css ............. ~ 0.27ms
  2025-12-24 13:57:19 /build/assets/Index-D4JoYn6E.js .............. ~ 0.43ms
  2025-12-24 13:57:19 /build/assets/Index-DNQcik9G.js .............. ~ 0.28ms
  2025-12-24 13:57:19 /build/assets/Create-DmnAudtA.js ............. ~ 0.26ms
  2025-12-24 13:57:19 /build/assets/Create-Co4pdLcW.css ............ ~ 0.18ms
  2025-12-24 13:57:19 /build/assets/Edit-Bdj4idWr.js ............... ~ 0.21ms
  2025-12-24 13:57:19 /build/assets/Edit-CQCm6wpr.css .............. ~ 0.27ms
  2025-12-24 13:57:19 /build/assets/Index-Bwqf1xp6.js .............. ~ 0.14ms
  2025-12-24 13:57:19 /build/assets/ManagePageSections-DABQw4IX.js . ~ 0.14ms
  2025-12-24 13:57:19 /build/assets/ManagePageSections-Bn7DDJFs.css  ~ 0.14ms
  2025-12-24 13:57:19 /build/assets/Index-CljuMQJc.js .............. ~ 0.10ms
  2025-12-24 13:57:19 /build/assets/Login-BeE5GWHL.js .............. ~ 0.12ms
  2025-12-24 13:57:19 /build/assets/Dashboard-BGorFSqM.js .......... ~ 0.09ms
  2025-12-24 13:57:19 /build/assets/AssignClasses-DTbtLx7z.js ...... ~ 0.14ms
  2025-12-24 13:57:19 /build/assets/AssignClasses-BpmGkGfR.css ..... ~ 0.10ms
  2025-12-24 13:57:19 /build/assets/Index-DdHD69K6.js .............. ~ 0.11ms
  2025-12-24 13:57:19 /build/assets/Functions-DBdvPDQ4.js .......... ~ 0.10ms
  2025-12-24 13:57:19 /build/assets/MarkAttendance-hmNdKigW.js ..... ~ 0.09ms
  2025-12-24 13:57:19 /build/assets/Report-C2_P7LAN.js ............. ~ 0.12ms
  2025-12-24 13:57:19 /build/assets/Login-ewSuVe01.js .............. ~ 0.19ms
  2025-12-24 13:57:19 /build/assets/Login-BBD4QppN.css ............. ~ 0.09ms
  2025-12-24 13:57:19 /build/assets/Dashboard-BqgpvpYU.js .......... ~ 0.08ms
  2025-12-24 13:57:19 /build/assets/Dashboard-DMZbz74x.css ......... ~ 0.08ms
  2025-12-24 13:57:19 /build/assets/EnterMarks-B6O3ScuJ.js ......... ~ 0.08ms
  2025-12-24 13:57:19 /build/assets/EnterMarks-DwL5Vpbu.css ........ ~ 0.09ms
  2025-12-24 13:57:19 /build/assets/SubmittedMarks-JopySILO.js ..... ~ 0.07ms
  2025-12-24 13:57:19 /build/assets/SubmittedMarks-CTHh4nKk.css .... ~ 0.11ms
  2025-12-24 13:57:19 /build/assets/Index-L0O__ibO.js .............. ~ 0.13ms
  2025-12-24 13:57:19 /build/assets/Index-bfWcpLwP.css ............. ~ 0.10ms
  2025-12-24 13:57:19 /build/assets/EmergencyContacts-DkQMIilR.js .. ~ 0.09ms
  2025-12-24 13:57:19 /build/assets/EmployeeDetails-BRAJtab7.js .... ~ 0.07ms
  2025-12-24 13:57:19 /build/assets/Qualifications-JdUZ1Y2l.js ..... ~ 0.07ms
  2025-12-24 13:57:19 /build/assets/UpdatePassword-CsHC2Vsq.js ..... ~ 0.09ms
  2025-12-24 13:57:19 /build/assets/UpdatePassword-BJM0g8p3.css .... ~ 0.07ms
  2025-12-24 13:57:19 /build/assets/WorkHistories-1yCDn27Z.js ...... ~ 0.07ms
  2025-12-24 13:57:19 /build/assets/Index-D7aLNnKB.js .............. ~ 0.07ms
  2025-12-24 13:57:19 /build/assets/Index-C2y-pRbf.css ............. ~ 0.07ms
  2025-12-24 13:57:19 /build/assets/Index-C8ZvNm3X.js .............. ~ 0.07ms
  2025-12-24 13:57:19 /build/assets/Index-CqV9O6rm.js .............. ~ 0.06ms
  2025-12-24 13:57:19 /build/assets/ApprovalQueue-DjkQOH9c.js ...... ~ 0.07ms
  2025-12-24 13:57:19 /build/assets/ApprovalQueue-D2DnOygN.css ..... ~ 0.06ms
  2025-12-24 13:57:19 /build/assets/Index-BMUjmxO5.js .............. ~ 0.06ms
  2025-12-24 13:57:19 /build/assets/Index-BWAxV6fd.js .............. ~ 0.07ms
  2025-12-24 13:57:19 /build/assets/PayrollAdjustment-w52ohH0U.js .. ~ 0.06ms
  2025-12-24 13:57:19 /build/assets/iziToast-BIp82V41.js ........... ~ 0.06ms
  2025-12-24 13:57:19 /build/assets/PayrollAdjustmentAllowance-ChqMzg-P.js  ~ 0.17ms
  2025-12-24 13:57:19 /build/assets/PayrollAdjustmentDeduction-BSQP_4vk.js  ~ 0.06ms
  2025-12-24 13:57:19 /build/assets/PayrollDetails-NRQSXGiv.js ..... ~ 0.06ms
  2025-12-24 13:57:19 /build/assets/PayrollRun-DGE_SQwO.js ......... ~ 0.06ms
  2025-12-24 13:57:19 /build/assets/Edit-BIWwFE8A.js ............... ~ 0.06ms
  2025-12-24 13:57:19 /build/assets/SecondaryButton-D0wqnYTu.js .... ~ 0.10ms
  2025-12-24 13:57:19 /build/assets/Index-DK4mOFU-.js .............. ~ 0.11ms
  2025-12-24 13:57:19 /build/assets/DeleteUserForm-7h0EnQZ-.js ..... ~ 0.09ms
  2025-12-24 13:57:19 /build/assets/UpdatePasswordForm-idx7RxAi.js . ~ 0.05ms
  2025-12-24 13:57:19 /build/assets/UpdateProfileInformationForm--t4-Ff3T.js  ~ 0.05ms
  2025-12-24 13:57:19 /build/assets/Index-Bpa5Goj-.js .............. ~ 0.05ms
  2025-12-24 13:57:19 /build/assets/Index-DW4sdL-x.css ............. ~ 0.05ms
  2025-12-24 13:57:19 /build/assets/Success-CwW6MrJr.js ............ ~ 0.05ms
  2025-12-24 13:57:19 /build/assets/Success-r-hqeCiF.css ........... ~ 0.04ms
  2025-12-24 13:57:19 /build/assets/Track-KtToCfIh.js .............. ~ 0.05ms
  2025-12-24 13:57:19 /build/assets/Track-L7omozRj.css ............. ~ 0.05ms
  2025-12-24 13:57:19 /build/assets/TrackingForm-CWW7uiy_.js ....... ~ 0.05ms
  2025-12-24 13:57:19 /build/assets/TrackingForm-BbDMoIBK.css ...... ~ 0.05ms
  2025-12-24 13:57:19 /build/assets/Index-BmB5Me6q.js .............. ~ 0.05ms
  2025-12-24 13:57:19 /build/assets/StudentLayout-DeWCi8ah.js ...... ~ 0.05ms
  2025-12-24 13:57:19 /build/assets/StudentLayout-OSj59oVD.css ..... ~ 0.05ms
  2025-12-24 13:57:19 /build/assets/ChangePassword-DhqDUCK6.js ..... ~ 0.05ms
  2025-12-24 13:57:19 /build/assets/Dashboard-R7RHscxn.js .......... ~ 0.06ms
  2025-12-24 13:57:19 /build/assets/Dashboard-XybeFVte.css ......... ~ 0.05ms
  2025-12-24 13:57:19 /build/assets/Index-DACEiP3D.js .............. ~ 0.05ms
  2025-12-24 13:57:19 /build/assets/Index-BBVaKK-U.js .............. ~ 0.09ms
  2025-12-24 13:57:19 /build/assets/Edit-DZwQa8lr.js ............... ~ 0.10ms
  2025-12-24 13:57:19 /build/assets/Edit-C4P7t_N1.css .............. ~ 0.07ms
  2025-12-24 13:57:19 /build/assets/Index-8n8dVnDp.js .............. ~ 0.06ms
  2025-12-24 13:57:19 /build/assets/Show-CmuWAzfp.js ............... ~ 0.06ms
  2025-12-24 13:57:19 /build/assets/MyTimetable-_JhMnYBH.js ........ ~ 0.06ms
  2025-12-24 13:57:19 /build/assets/MyTimetable-DKnYbDuK.css ....... ~ 0.06ms
  2025-12-24 13:57:19 /build/assets/Generate-D8zE8hPl.js ........... ~ 0.06ms
  2025-12-24 13:57:19 /build/assets/Constraints-DXnqT5MK.js ........ ~ 0.07ms
  2025-12-24 13:57:19 /build/assets/Constraints-BZS0SRTT.css ....... ~ 0.06ms
  2025-12-24 13:57:19 /build/assets/Periods-D_cAUaGO.js ............ ~ 0.06ms
  2025-12-24 13:57:19 /build/assets/SubjectAllocation-CtXno2fv.js .. ~ 0.06ms
  2025-12-24 13:57:19 /build/assets/SubjectAllocation-LlDamDcb.css . ~ 0.06ms
  2025-12-24 13:57:19 /build/assets/ClassTimetable-DajfBan3.js ..... ~ 0.06ms
  2025-12-24 13:57:19 /build/assets/TeacherTimetable-jfrqOuml.js ... ~ 0.07ms
  2025-12-24 13:57:19 /build/assets/Welcome-BqzGGm-l.js ............ ~ 0.06ms
  2025-12-24 13:57:19 /build/assets/DefaultLayout-DkCF503b.js ...... ~ 0.06ms
  2025-12-24 13:57:19 /build/assets/DefaultLayout-UfeXBpZ5.css ..... ~ 0.06ms
  2025-12-24 13:57:19 /build/assets/Pagination-CPg9MUtv.js ......... ~ 0.06ms
  2025-12-24 13:57:19 /build/assets/Pagination-BbeKvaSo.css ........ ~ 0.06ms
  2025-12-24 13:57:19 /build/assets/lodash-BHPZINTD.js ............. ~ 0.05ms
  2025-12-24 13:57:19 /build/assets/Footer-CQ6aXKC4.js ............. ~ 0.05ms
  2025-12-24 13:57:19 /build/assets/Footer-DJf3l1MC.css ............ ~ 0.04ms
  2025-12-24 13:58:38 /forgot-password ............................. ~ 0.47ms
  2025-12-24 13:58:38 /build/assets/ForgotPassword-2e8XCM9D.js ..... ~ 0.11ms
  2025-12-24 13:58:38 /build/assets/InputError-Cg65H59E.js ......... ~ 0.09ms
  2025-12-24 13:58:38 /build/assets/InputLabel-BEws7aVK.js ......... ~ 0.09ms
  2025-12-24 13:58:38 /build/assets/PrimaryButton-BCpEzNnw.js ...... ~ 0.09ms
  2025-12-24 13:58:38 /build/assets/TextInput-BSqhQxsP.js .......... ~ 0.08ms
  2025-12-24 13:58:42 /forgot-password ............................. ~ 0.14ms
  2025-12-24 13:58:43 /forgot-password ........................... ~ 500.73ms
  2025-12-24 14:04:24 /login ....................................... ~ 0.39ms
  2025-12-24 14:04:24 /build/assets/app-BhLJtwtj.css ............... ~ 0.50ms
  2025-12-24 14:04:24 /build/assets/app-BFwkEv0t.css ............... ~ 0.15ms
  2025-12-24 14:04:24 /build/assets/app-n2kaNdUJ.js ................ ~ 0.12ms
  2025-12-24 14:04:25 /build/assets/Login-BeE5GWHL.js .............. ~ 0.52ms
  2025-12-24 14:04:25 /build/assets/Checkbox-DIrxBKG0.js ........... ~ 0.14ms
  2025-12-24 14:04:25 /build/assets/GuestLayout-BROhEZeN.js ........ ~ 0.12ms
  2025-12-24 14:04:25 /build/assets/GuestLayout-D0pWnSgT.css ....... ~ 0.29ms
  2025-12-24 14:04:25 /favicon.ico ................................. ~ 0.41ms
  2025-12-24 14:04:25 /images/ecobiz_logo_colored.png .............. ~ 0.28ms
  2025-12-24 14:04:25 /build/assets/PublicSans-Regular-CcK-bgQZ.ttf  ~ 0.18ms
  2025-12-24 14:04:25 /build/assets/boxicons-CeGEncwm.woff2 ........ ~ 0.15ms
  2025-12-24 14:04:25 /build/assets/PublicSans-Medium-DOt0zBLs.ttf . ~ 0.19ms
  2025-12-24 14:04:25 /build/assets/OnlineApplications-BA8xJlxk.js . ~ 0.14ms
  2025-12-24 14:04:25 /build/assets/OnlineApplications-CEmPD3sd.css  ~ 0.15ms
  2025-12-24 14:04:25 /build/assets/Index-FznrAFMD.js .............. ~ 0.14ms
  2025-12-24 14:04:25 /build/assets/Report-DSF8eWZd.js ............. ~ 0.15ms
  2025-12-24 14:04:25 /build/assets/debounce-CuFaaCQE.js ........... ~ 0.36ms
  2025-12-24 14:04:25 /build/assets/ConfirmPassword-DIUsJkPj.js .... ~ 0.12ms
  2025-12-24 14:04:25 /build/assets/GuestLayout-BROhEZeN.js ........ ~ 0.12ms
  2025-12-24 14:04:25 /build/assets/GuestLayout-D0pWnSgT.css ....... ~ 0.11ms
  2025-12-24 14:04:25 /build/assets/InputError-Cg65H59E.js ......... ~ 0.10ms
  2025-12-24 14:04:25 /build/assets/InputLabel-BEws7aVK.js ......... ~ 0.09ms
  2025-12-24 14:04:25 /build/assets/PrimaryButton-BCpEzNnw.js ...... ~ 0.12ms
  2025-12-24 14:04:25 /build/assets/TextInput-BSqhQxsP.js .......... ~ 0.21ms
  2025-12-24 14:04:25 /build/assets/ForgotPassword-2e8XCM9D.js ..... ~ 0.27ms
  2025-12-24 14:04:25 /build/assets/Login-CckwMDfA.js .............. ~ 0.18ms
  2025-12-24 14:04:25 /build/assets/Checkbox-DIrxBKG0.js ........... ~ 0.30ms
  2025-12-24 14:04:25 /build/assets/Register-C0sYwMAA.js ........... ~ 0.15ms
  2025-12-24 14:04:25 /build/assets/ResetPassword-Dkql1F8n.js ...... ~ 0.15ms
  2025-12-24 14:04:25 /build/assets/VerifyEmail-CcoWSSds.js ........ ~ 0.17ms
  2025-12-24 14:04:25 /build/assets/Index-CtY8KIY2.js .............. ~ 0.26ms
  2025-12-24 14:04:25 /build/assets/index-CBBmuDDS.js .............. ~ 0.15ms
  2025-12-24 14:04:25 /build/assets/Show-BlEJbvn8.js ............... ~ 0.17ms
  2025-12-24 14:04:25 /build/assets/Show-BI6oj0NI.css .............. ~ 0.15ms
  2025-12-24 14:04:25 /build/assets/Allowance-AnzSr_mY.js .......... ~ 0.27ms
  2025-12-24 14:04:25 /build/assets/BlogCategories-BBoBMiy0.js ..... ~ 0.95ms
  2025-12-24 14:04:25 /build/assets/Deduction-BHSTkXRq.js .......... ~ 0.16ms
  2025-12-24 14:04:25 /build/assets/Divisions-ELoO_NZv.js .......... ~ 0.18ms
  2025-12-24 14:04:25 /build/assets/EmploymentStatuses-CgF1FZDl.js . ~ 0.15ms
  2025-12-24 14:04:25 /build/assets/EmploymentTypes-CP4O-VwB.js .... ~ 0.17ms
  2025-12-24 14:04:25 /build/assets/Genders-DO9oye-L.js ............ ~ 0.13ms
  2025-12-24 14:04:25 /build/assets/Honorifics-ChiN2_8R.js ......... ~ 0.14ms
  2025-12-24 14:04:25 /build/assets/Income-DQuwuCIW.js ............. ~ 0.16ms
  2025-12-24 14:04:25 /build/assets/Index-BofAhEWE.js .............. ~ 0.14ms
  2025-12-24 14:04:25 /build/assets/Index-hOtiuyDQ.css ............. ~ 0.16ms
  2025-12-24 14:04:25 /build/assets/JobTitles-BjMOfTzz.js .......... ~ 0.18ms
  2025-12-24 14:04:25 /build/assets/QualificationTypes-CtRYPonY.js . ~ 0.16ms
  2025-12-24 14:04:25 /build/assets/Relationships-vBt0RQoA.js ...... ~ 0.13ms
  2025-12-24 14:04:25 /build/assets/Religions-BFM8LZ77.js .......... ~ 0.13ms
  2025-12-24 14:04:25 /build/assets/SalaryGrade-tnhBHc8n.js ........ ~ 0.16ms
  2025-12-24 14:04:25 /build/assets/SalaryScale-CpL7Wd78.js ........ ~ 0.13ms
  2025-12-24 14:04:25 /build/assets/Streams-CjI3qmZ3.js ............ ~ 0.23ms
  2025-12-24 14:04:25 /build/assets/Subjects-BNY4EVr5.js ........... ~ 0.32ms
  2025-12-24 14:04:25 /build/assets/TeacherTitles-8qsoGhLX.js ...... ~ 0.20ms
  2025-12-24 14:04:25 /build/assets/Dashboard-DQRQ5cm3.js .......... ~ 0.24ms
  2025-12-24 14:04:25 /build/assets/GreetingCard-iDEKjbuM.js ....... ~ 0.15ms
  2025-12-24 14:04:25 /build/assets/GreetingCard-d-HuJ_xn.css ...... ~ 0.16ms
  2025-12-24 14:04:25 /build/assets/AssignClasses-Dkpws7NZ.js ...... ~ 0.14ms
  2025-12-24 14:04:25 /build/assets/index-CwwetGfI.js .............. ~ 0.13ms
  2025-12-24 14:04:25 /build/assets/AssignClasses-DNa1Zu07.css ..... ~ 0.14ms
  2025-12-24 14:04:25 /build/assets/AssignSubjects-CIPhyMO4.js ..... ~ 0.14ms
  2025-12-24 14:04:25 /build/assets/Edit-uFB2R5oC.js ............... ~ 0.14ms
  2025-12-24 14:04:25 /build/assets/Edit-BY4eCtR7.css .............. ~ 0.15ms
  2025-12-24 14:04:25 /build/assets/EmergencyContactAccordion-D6GVPKdk.js  ~ 0.13ms
  2025-12-24 14:04:26 /build/assets/EmployeeDataAccordion-Qt-NHZPb.js  ~ 0.14ms
  2025-12-24 14:04:26 /build/assets/Index-Dr0jSjuV.js .............. ~ 0.13ms
  2025-12-24 14:04:26 /build/assets/Modal-VGDe72wy.js .............. ~ 0.14ms
  2025-12-24 14:04:26 /build/assets/Dropdown-B9DYNlIt.js ........... ~ 0.13ms
  2025-12-24 14:04:26 /build/assets/Index-CCa_qaaw.css ............. ~ 0.24ms
  2025-12-24 14:04:26 /build/assets/Index-xSpY2VjN.js .............. ~ 0.33ms
  2025-12-24 14:04:26 /build/assets/Index-gehn0z9Y.css ............. ~ 0.17ms
  2025-12-24 14:04:26 /build/assets/QualificationDetailAccordion-D9sRCm84.js  ~ 0.17ms
  2025-12-24 14:04:26 /build/assets/Show-DrziLiN6.js ............... ~ 0.14ms
  2025-12-24 14:04:26 /build/assets/Create-D3TSngnk.js ............. ~ 0.14ms
  2025-12-24 14:04:26 /build/assets/Create-Kc1s9BP_.css ............ ~ 0.14ms
  2025-12-24 14:04:26 /build/assets/Edit-CCIlcGEh.js ............... ~ 0.14ms
  2025-12-24 14:04:26 /build/assets/Edit-BXvpM3JB.css .............. ~ 0.14ms
  2025-12-24 14:04:26 /build/assets/Index-Bm-SqTRM.js .............. ~ 0.14ms
  2025-12-24 14:04:26 /build/assets/Show-DsTt5M3a.js ............... ~ 0.14ms
  2025-12-24 14:04:26 /build/assets/Show-BcbfK-aJ.css .............. ~ 0.13ms
  2025-12-24 14:04:26 /build/assets/WorkHistoryAccordion-Bknmu-AH.js  ~ 0.14ms
  2025-12-24 14:04:26 /build/assets/FeeBalance-DLny0bFl.js ......... ~ 0.12ms
  2025-12-24 14:04:26 /build/assets/FeeBalance-VxAQu3JP.css ........ ~ 0.14ms
  2025-12-24 14:04:26 /build/assets/FeeReport-DpX6gtN0.js .......... ~ 0.12ms
  2025-12-24 14:04:26 /build/assets/FeeReport-B4ZB0Hw_.css ......... ~ 0.26ms
  2025-12-24 14:04:26 /build/assets/Create-DdZIld5F.js ............. ~ 0.37ms
  2025-12-24 14:04:26 /build/assets/Create-v8Xhr7wC.css ............ ~ 0.14ms
  2025-12-24 14:04:26 /build/assets/Edit-78_OCsCK.js ............... ~ 0.28ms
  2025-12-24 14:04:26 /build/assets/Edit-BHrrC4kE.css .............. ~ 0.14ms
  2025-12-24 14:04:26 /build/assets/Index-SsNWqPnj.js .............. ~ 0.14ms
  2025-12-24 14:04:26 /build/assets/Index-B3zSWBtC.css ............. ~ 0.13ms
  2025-12-24 14:04:26 /build/assets/Index-BwQdVoH5.js .............. ~ 0.14ms
  2025-12-24 14:04:26 /build/assets/Index-Doodeb1f.css ............. ~ 0.14ms
  2025-12-24 14:04:26 /build/assets/PaymentHistory-Cauk8c3b.js ..... ~ 0.17ms
  2025-12-24 14:04:26 /build/assets/PaymentHistory-BJycJNMh.css .... ~ 0.13ms
  2025-12-24 14:04:26 /build/assets/Reports-CiEQ_nHH.js ............ ~ 0.12ms
  2025-12-24 14:04:26 /build/assets/chart-BR_H7_9u.js .............. ~ 0.13ms
  2025-12-24 14:04:26 /build/assets/Overview-Bdp5BCiJ.js ........... ~ 0.13ms
  2025-12-24 14:04:26 /build/assets/TransferFunds-DIHta9TY.js ...... ~ 0.15ms
  2025-12-24 14:04:26 /build/assets/TransferFunds-CH4O_5Wh.css ..... ~ 0.13ms
  2025-12-24 14:04:26 /build/assets/TransferHistory-BDB18jkS.js .... ~ 0.23ms
  2025-12-24 14:04:26 /build/assets/TransferHistory-Cpner_fp.css ... ~ 0.29ms
  2025-12-24 14:04:26 /build/assets/VerifyPayment-DHPs6nX7.js ...... ~ 0.35ms
  2025-12-24 14:04:26 /build/assets/VerifyPayment-DoPr7nd5.css ..... ~ 0.14ms
  2025-12-24 14:04:26 /build/assets/Index-CQbJvAOY.js .............. ~ 0.20ms
  2025-12-24 14:04:26 /build/assets/Create-C4vHRvZf.js ............. ~ 0.19ms
  2025-12-24 14:04:26 /build/assets/Index-BzIqKcky.js .............. ~ 0.16ms
  2025-12-24 14:04:26 /build/assets/Index-DJ5YxZ5W.js .............. ~ 0.14ms
  2025-12-24 14:04:26 /build/assets/Assignments-9dqu3vHI.js ........ ~ 0.14ms
  2025-12-24 14:04:26 /build/assets/Assignments-B_bXy2g9.css ....... ~ 0.15ms
  2025-12-24 14:04:26 /build/assets/Classes-DttRkI2t.js ............ ~ 0.13ms
  2025-12-24 14:04:26 /build/assets/Classes-BCvb2enR.css ........... ~ 0.13ms
  2025-12-24 14:04:26 /build/assets/Materials-Qbo0P9QL.js .......... ~ 0.23ms
  2025-12-24 14:04:26 /build/assets/Materials-Bs5Ck8T8.css ......... ~ 0.15ms
  2025-12-24 14:04:26 /build/assets/Index-C1YJS1LP.js .............. ~ 0.15ms
  2025-12-24 14:04:26 /build/assets/AllStaff-CRjDXTrr.js ........... ~ 0.47ms
  2025-12-24 14:04:26 /build/assets/AllStudents-BdujtY_5.js ........ ~ 0.25ms
  2025-12-24 14:04:26 /build/assets/Index-WzQbU86q.js .............. ~ 0.16ms
  2025-12-24 14:04:26 /build/assets/index-DHXAGmwn.css ............. ~ 0.29ms
  2025-12-24 14:04:26 /build/assets/StaffAttendance-Btj9j6mA.js .... ~ 0.21ms
  2025-12-24 14:04:26 /build/assets/Index-BKC-NwOM.js .............. ~ 0.29ms
  2025-12-24 14:04:26 /build/assets/AcademicYears-CUJNjGSE.js ...... ~ 0.20ms
  2025-12-24 14:04:26 /build/assets/Create-DOAzi5JG.js ............. ~ 0.15ms
  2025-12-24 14:04:26 /build/assets/Create-D_Ye6YXb.css ............ ~ 0.20ms
  2025-12-24 14:04:26 /build/assets/Index-BruUZ_ef.js .............. ~ 0.14ms
  2025-12-24 14:04:26 /build/assets/Create-DSKHl8hw.js ............. ~ 0.16ms
  2025-12-24 14:04:26 /build/assets/Create-DR2cA3oS.css ............ ~ 0.18ms
  2025-12-24 14:04:26 /build/assets/Edit-RdJATL5o.js ............... ~ 0.38ms
  2025-12-24 14:04:26 /build/assets/Edit-Ub3hKOBS.css .............. ~ 0.17ms
  2025-12-24 14:04:26 /build/assets/Index-6vQafBVg.js .............. ~ 0.48ms
  2025-12-24 14:04:26 /build/assets/Index-CyoEYGUx.css ............. ~ 0.32ms
  2025-12-24 14:04:26 /build/assets/Show-DEF32fJZ.js ............... ~ 0.28ms
  2025-12-24 14:04:26 /build/assets/Show-DbmSmPI5.css .............. ~ 0.19ms
  2025-12-24 14:04:26 /build/assets/Index-Bth0PZKU.js .............. ~ 0.17ms
  2025-12-24 14:04:26 /build/assets/Index-Bmq05Fjm.js .............. ~ 0.15ms
  2025-12-24 14:04:26 /build/assets/Index-DSFIAx3y.js .............. ~ 0.15ms
  2025-12-24 14:04:26 /build/assets/Blogs-zfIHQsw2.js .............. ~ 0.66ms
  2025-12-24 14:04:26 /build/assets/Editor-Gk2xx0kL.js ............. ~ 0.19ms
  2025-12-24 14:04:26 /build/assets/Editor-DCiBGPfP.css ............ ~ 0.37ms
  2025-12-24 14:04:26 /build/assets/Careers-o_QDlNNp.js ............ ~ 0.17ms
  2025-12-24 14:04:26 /build/assets/Index-ZBy0Yp0p.js .............. ~ 0.24ms
  2025-12-24 14:04:26 /build/assets/Index-DJ9xZC-1.css ............. ~ 0.41ms
  2025-12-24 14:04:26 /build/assets/Buttons-BWJN9zp1.js ............ ~ 0.18ms
  2025-12-24 14:04:26 /build/assets/Buttons-DHNf4XXu.css ........... ~ 0.16ms
  2025-12-24 14:04:26 /build/assets/Colors-Yz8863dD.js ............. ~ 0.14ms
  2025-12-24 14:04:26 /build/assets/Index-BItwxOEf.js .............. ~ 0.16ms
  2025-12-24 14:04:26 /build/assets/Index-CEPBEXi6.css ............. ~ 0.24ms
  2025-12-24 14:04:26 /build/assets/Index-D4JoYn6E.js .............. ~ 0.18ms
  2025-12-24 14:04:26 /build/assets/Index-DNQcik9G.js .............. ~ 0.17ms
  2025-12-24 14:04:26 /build/assets/Create-DmnAudtA.js ............. ~ 0.46ms
  2025-12-24 14:04:26 /build/assets/Create-Co4pdLcW.css ............ ~ 0.11ms
  2025-12-24 14:04:26 /build/assets/Edit-Bdj4idWr.js ............... ~ 0.10ms
  2025-12-24 14:04:26 /build/assets/Edit-CQCm6wpr.css .............. ~ 0.15ms
  2025-12-24 14:04:26 /build/assets/Index-Bwqf1xp6.js .............. ~ 0.10ms
  2025-12-24 14:04:26 /build/assets/ManagePageSections-DABQw4IX.js . ~ 0.09ms
  2025-12-24 14:04:26 /build/assets/ManagePageSections-Bn7DDJFs.css  ~ 0.08ms
  2025-12-24 14:04:26 /build/assets/Index-CljuMQJc.js .............. ~ 0.11ms
  2025-12-24 14:04:26 /build/assets/Login-BeE5GWHL.js .............. ~ 0.15ms
  2025-12-24 14:04:26 /build/assets/Dashboard-BGorFSqM.js .......... ~ 0.09ms
  2025-12-24 14:04:26 /build/assets/AssignClasses-DTbtLx7z.js ...... ~ 0.08ms
  2025-12-24 14:04:26 /build/assets/AssignClasses-BpmGkGfR.css ..... ~ 0.07ms
  2025-12-24 14:04:26 /build/assets/Index-DdHD69K6.js .............. ~ 0.09ms
  2025-12-24 14:04:26 /build/assets/Functions-DBdvPDQ4.js .......... ~ 0.09ms
  2025-12-24 14:04:26 /build/assets/MarkAttendance-hmNdKigW.js ..... ~ 0.07ms
  2025-12-24 14:04:26 /build/assets/Report-C2_P7LAN.js ............. ~ 0.10ms
  2025-12-24 14:04:26 /build/assets/Login-ewSuVe01.js .............. ~ 0.17ms
  2025-12-24 14:04:26 /build/assets/Login-BBD4QppN.css ............. ~ 0.37ms
  2025-12-24 14:04:26 /build/assets/Dashboard-BqgpvpYU.js .......... ~ 0.18ms
  2025-12-24 14:04:26 /build/assets/Dashboard-DMZbz74x.css ......... ~ 0.19ms
  2025-12-24 14:04:26 /build/assets/EnterMarks-B6O3ScuJ.js ......... ~ 0.33ms
  2025-12-24 14:04:26 /build/assets/EnterMarks-DwL5Vpbu.css ........ ~ 0.12ms
  2025-12-24 14:04:26 /build/assets/SubmittedMarks-JopySILO.js ..... ~ 0.13ms
  2025-12-24 14:04:26 /build/assets/SubmittedMarks-CTHh4nKk.css .... ~ 0.13ms
  2025-12-24 14:04:26 /build/assets/Index-L0O__ibO.js .............. ~ 0.11ms
  2025-12-24 14:04:26 /build/assets/Index-bfWcpLwP.css ............. ~ 0.14ms
  2025-12-24 14:04:26 /build/assets/EmergencyContacts-DkQMIilR.js .. ~ 0.11ms
  2025-12-24 14:04:26 /build/assets/EmployeeDetails-BRAJtab7.js .... ~ 0.09ms
  2025-12-24 14:04:26 /build/assets/Qualifications-JdUZ1Y2l.js ..... ~ 0.10ms
  2025-12-24 14:04:26 /build/assets/UpdatePassword-CsHC2Vsq.js ..... ~ 0.09ms
  2025-12-24 14:04:26 /build/assets/UpdatePassword-BJM0g8p3.css .... ~ 0.17ms
  2025-12-24 14:04:26 /build/assets/WorkHistories-1yCDn27Z.js ...... ~ 0.12ms
  2025-12-24 14:04:26 /build/assets/Index-D7aLNnKB.js .............. ~ 0.09ms
  2025-12-24 14:04:26 /build/assets/Index-C2y-pRbf.css ............. ~ 0.09ms
  2025-12-24 14:04:26 /build/assets/Index-C8ZvNm3X.js .............. ~ 0.08ms
  2025-12-24 14:04:26 /build/assets/Index-CqV9O6rm.js .............. ~ 0.13ms
  2025-12-24 14:04:26 /build/assets/ApprovalQueue-DjkQOH9c.js ...... ~ 0.50ms
  2025-12-24 14:04:26 /build/assets/ApprovalQueue-D2DnOygN.css ..... ~ 0.21ms
  2025-12-24 14:04:26 /build/assets/Index-BMUjmxO5.js .............. ~ 0.17ms
  2025-12-24 14:04:26 /build/assets/Index-BWAxV6fd.js .............. ~ 0.22ms
  2025-12-24 14:04:26 /build/assets/PayrollAdjustment-w52ohH0U.js .. ~ 0.34ms
  2025-12-24 14:04:26 /build/assets/iziToast-BIp82V41.js ........... ~ 0.60ms
  2025-12-24 14:04:26 /build/assets/PayrollAdjustmentAllowance-ChqMzg-P.js  ~ 0.36ms
  2025-12-24 14:04:26 /build/assets/PayrollAdjustmentDeduction-BSQP_4vk.js  ~ 0.36ms
  2025-12-24 14:04:26 /build/assets/PayrollDetails-NRQSXGiv.js ..... ~ 0.37ms
  2025-12-24 14:04:26 /build/assets/PayrollRun-DGE_SQwO.js ......... ~ 0.42ms
  2025-12-24 14:04:26 /build/assets/Edit-BIWwFE8A.js ............... ~ 0.45ms
  2025-12-24 14:04:26 /build/assets/SecondaryButton-D0wqnYTu.js .... ~ 0.28ms
  2025-12-24 14:04:26 /build/assets/Index-DK4mOFU-.js .............. ~ 0.27ms
  2025-12-24 14:04:26 /build/assets/DeleteUserForm-7h0EnQZ-.js ..... ~ 0.33ms
  2025-12-24 14:04:26 /build/assets/UpdatePasswordForm-idx7RxAi.js . ~ 0.18ms
  2025-12-24 14:04:27 /build/assets/UpdateProfileInformationForm--t4-Ff3T.js  ~ 0.18ms
  2025-12-24 14:04:27 /build/assets/Index-Bpa5Goj-.js .............. ~ 0.16ms
  2025-12-24 14:04:27 /build/assets/Index-DW4sdL-x.css ............. ~ 0.19ms
  2025-12-24 14:04:27 /build/assets/Success-CwW6MrJr.js ............ ~ 0.19ms
  2025-12-24 14:04:27 /build/assets/Success-r-hqeCiF.css ........... ~ 0.20ms
  2025-12-24 14:04:27 /build/assets/Track-KtToCfIh.js .............. ~ 0.23ms
  2025-12-24 14:04:27 /build/assets/Track-L7omozRj.css ............. ~ 0.29ms
  2025-12-24 14:04:27 /build/assets/TrackingForm-CWW7uiy_.js ....... ~ 0.19ms
  2025-12-24 14:04:27 /build/assets/TrackingForm-BbDMoIBK.css ...... ~ 0.15ms
  2025-12-24 14:04:27 /build/assets/Index-BmB5Me6q.js .............. ~ 0.15ms
  2025-12-24 14:04:27 /build/assets/StudentLayout-DeWCi8ah.js ...... ~ 0.16ms
  2025-12-24 14:04:27 /build/assets/StudentLayout-OSj59oVD.css ..... ~ 0.14ms
  2025-12-24 14:04:27 /build/assets/ChangePassword-DhqDUCK6.js ..... ~ 0.14ms
  2025-12-24 14:04:27 /build/assets/Dashboard-R7RHscxn.js .......... ~ 0.14ms
  2025-12-24 14:04:27 /build/assets/Dashboard-XybeFVte.css ......... ~ 0.15ms
  2025-12-24 14:04:27 /build/assets/Index-DACEiP3D.js .............. ~ 0.17ms
  2025-12-24 14:04:27 /build/assets/Index-BBVaKK-U.js .............. ~ 0.14ms
  2025-12-24 14:04:27 /build/assets/Edit-DZwQa8lr.js ............... ~ 0.09ms
  2025-12-24 14:04:27 /build/assets/Edit-C4P7t_N1.css .............. ~ 0.07ms
  2025-12-24 14:04:27 /build/assets/Index-8n8dVnDp.js .............. ~ 0.07ms
  2025-12-24 14:04:27 /build/assets/Show-CmuWAzfp.js ............... ~ 0.07ms
  2025-12-24 14:04:27 /build/assets/MyTimetable-_JhMnYBH.js ........ ~ 0.07ms
  2025-12-24 14:04:27 /build/assets/MyTimetable-DKnYbDuK.css ....... ~ 0.07ms
  2025-12-24 14:04:27 /build/assets/Generate-D8zE8hPl.js ........... ~ 0.10ms
  2025-12-24 14:04:27 /build/assets/Constraints-DXnqT5MK.js ........ ~ 0.10ms
  2025-12-24 14:04:27 /build/assets/Constraints-BZS0SRTT.css ....... ~ 0.22ms
  2025-12-24 14:04:27 /build/assets/Periods-D_cAUaGO.js ............ ~ 0.37ms
  2025-12-24 14:04:27 /build/assets/SubjectAllocation-CtXno2fv.js .. ~ 0.13ms
  2025-12-24 14:04:27 /build/assets/SubjectAllocation-LlDamDcb.css . ~ 0.14ms
  2025-12-24 14:04:27 /build/assets/ClassTimetable-DajfBan3.js ..... ~ 0.14ms
  2025-12-24 14:04:27 /build/assets/TeacherTimetable-jfrqOuml.js ... ~ 0.14ms
  2025-12-24 14:04:27 /build/assets/Welcome-BqzGGm-l.js ............ ~ 0.17ms
  2025-12-24 14:04:27 /build/assets/DefaultLayout-DkCF503b.js ...... ~ 0.11ms
  2025-12-24 14:04:27 /build/assets/DefaultLayout-UfeXBpZ5.css ..... ~ 0.12ms
  2025-12-24 14:04:27 /build/assets/Pagination-CPg9MUtv.js ......... ~ 0.11ms
  2025-12-24 14:04:27 /build/assets/Pagination-BbeKvaSo.css ........ ~ 0.12ms
  2025-12-24 14:04:27 /build/assets/lodash-BHPZINTD.js ............. ~ 0.15ms
  2025-12-24 14:04:27 /build/assets/Footer-CQ6aXKC4.js ............. ~ 0.16ms
  2025-12-24 14:04:27 /build/assets/Footer-DJf3l1MC.css ............ ~ 0.11ms
  2025-12-24 14:13:36 /login ....................................... ~ 0.50ms
  2025-12-24 14:13:37 /build/assets/app-BhLJtwtj.css ............... ~ 0.36ms
  2025-12-24 14:13:37 /build/assets/app-BFwkEv0t.css ............... ~ 0.30ms
  2025-12-24 14:13:37 /build/assets/app-n2kaNdUJ.js ................ ~ 0.22ms
  2025-12-24 14:13:37 /build/assets/Login-BeE5GWHL.js .............. ~ 0.17ms
  2025-12-24 14:13:37 /build/assets/Checkbox-DIrxBKG0.js ........... ~ 0.09ms
  2025-12-24 14:13:37 /build/assets/GuestLayout-BROhEZeN.js ........ ~ 0.10ms
  2025-12-24 14:13:37 /build/assets/GuestLayout-D0pWnSgT.css ....... ~ 0.08ms
  2025-12-24 14:13:37 /favicon.ico ................................. ~ 0.19ms
  2025-12-24 14:13:37 /images/ecobiz_logo_colored.png .............. ~ 0.27ms
  2025-12-24 14:13:37 /build/assets/PublicSans-Regular-CcK-bgQZ.ttf  ~ 0.28ms
  2025-12-24 14:13:37 /build/assets/boxicons-CeGEncwm.woff2 ........ ~ 0.72ms
  2025-12-24 14:13:37 /build/assets/PublicSans-Medium-DOt0zBLs.ttf . ~ 1.27ms
  2025-12-24 14:13:37 /build/assets/OnlineApplications-BA8xJlxk.js . ~ 1.62ms
  2025-12-24 14:13:37 /build/assets/OnlineApplications-CEmPD3sd.css  ~ 1.84ms
  2025-12-24 14:13:37 /build/assets/Index-FznrAFMD.js .............. ~ 1.44ms
  2025-12-24 14:13:37 /build/assets/Report-DSF8eWZd.js ............. ~ 0.09ms
  2025-12-24 14:13:37 /build/assets/debounce-CuFaaCQE.js ........... ~ 0.10ms
  2025-12-24 14:13:37 /build/assets/ConfirmPassword-DIUsJkPj.js .... ~ 0.10ms
  2025-12-24 14:13:37 /build/assets/GuestLayout-BROhEZeN.js ........ ~ 0.08ms
  2025-12-24 14:13:37 /build/assets/GuestLayout-D0pWnSgT.css ....... ~ 0.13ms
  2025-12-24 14:13:37 /build/assets/InputError-Cg65H59E.js ......... ~ 0.09ms
  2025-12-24 14:13:37 /build/assets/InputLabel-BEws7aVK.js ......... ~ 0.11ms
  2025-12-24 14:13:37 /build/assets/PrimaryButton-BCpEzNnw.js ...... ~ 0.08ms
  2025-12-24 14:13:37 /build/assets/TextInput-BSqhQxsP.js .......... ~ 0.11ms
  2025-12-24 14:13:37 /build/assets/ForgotPassword-2e8XCM9D.js ..... ~ 0.10ms
  2025-12-24 14:13:37 /build/assets/Login-CckwMDfA.js .............. ~ 0.09ms
  2025-12-24 14:13:37 /build/assets/Checkbox-DIrxBKG0.js ........... ~ 0.10ms
  2025-12-24 14:13:37 /build/assets/Register-C0sYwMAA.js ........... ~ 0.09ms
  2025-12-24 14:13:37 /build/assets/ResetPassword-Dkql1F8n.js ...... ~ 0.10ms
  2025-12-24 14:13:37 /build/assets/VerifyEmail-CcoWSSds.js ........ ~ 0.11ms
  2025-12-24 14:13:37 /build/assets/Index-CtY8KIY2.js .............. ~ 0.10ms
  2025-12-24 14:13:37 /build/assets/index-CBBmuDDS.js .............. ~ 0.25ms
  2025-12-24 14:13:37 /build/assets/Show-BlEJbvn8.js ............... ~ 0.14ms
  2025-12-24 14:13:37 /build/assets/Show-BI6oj0NI.css .............. ~ 0.24ms
  2025-12-24 14:13:37 /build/assets/Allowance-AnzSr_mY.js .......... ~ 0.20ms
  2025-12-24 14:13:37 /build/assets/BlogCategories-BBoBMiy0.js ..... ~ 0.16ms
  2025-12-24 14:13:37 /build/assets/Deduction-BHSTkXRq.js .......... ~ 0.07ms
  2025-12-24 14:13:37 /build/assets/Divisions-ELoO_NZv.js .......... ~ 0.11ms
  2025-12-24 14:13:37 /build/assets/EmploymentStatuses-CgF1FZDl.js . ~ 0.09ms
  2025-12-24 14:13:37 /build/assets/EmploymentTypes-CP4O-VwB.js .... ~ 0.07ms
  2025-12-24 14:13:37 /build/assets/Genders-DO9oye-L.js ............ ~ 0.06ms
  2025-12-24 14:13:37 /build/assets/Honorifics-ChiN2_8R.js ......... ~ 0.13ms
  2025-12-24 14:13:37 /build/assets/Income-DQuwuCIW.js ............. ~ 0.08ms
  2025-12-24 14:13:37 /build/assets/Index-BofAhEWE.js .............. ~ 0.14ms
  2025-12-24 14:13:37 /build/assets/Index-hOtiuyDQ.css ............. ~ 0.05ms
  2025-12-24 14:13:37 /build/assets/JobTitles-BjMOfTzz.js .......... ~ 0.05ms
  2025-12-24 14:13:37 /build/assets/QualificationTypes-CtRYPonY.js . ~ 0.06ms
  2025-12-24 14:13:37 /build/assets/Relationships-vBt0RQoA.js ...... ~ 0.06ms
  2025-12-24 14:13:37 /build/assets/Religions-BFM8LZ77.js .......... ~ 0.06ms
  2025-12-24 14:13:37 /build/assets/SalaryGrade-tnhBHc8n.js ........ ~ 0.06ms
  2025-12-24 14:13:37 /build/assets/SalaryScale-CpL7Wd78.js ........ ~ 0.06ms
  2025-12-24 14:13:37 /build/assets/Streams-CjI3qmZ3.js ............ ~ 0.06ms
  2025-12-24 14:13:37 /build/assets/Subjects-BNY4EVr5.js ........... ~ 0.06ms
  2025-12-24 14:13:37 /build/assets/TeacherTitles-8qsoGhLX.js ...... ~ 0.06ms
  2025-12-24 14:13:37 /build/assets/Dashboard-DQRQ5cm3.js .......... ~ 0.06ms
  2025-12-24 14:13:37 /build/assets/GreetingCard-iDEKjbuM.js ....... ~ 0.06ms
  2025-12-24 14:13:37 /build/assets/GreetingCard-d-HuJ_xn.css ...... ~ 0.06ms
  2025-12-24 14:13:37 /build/assets/AssignClasses-Dkpws7NZ.js ...... ~ 0.08ms
  2025-12-24 14:13:37 /build/assets/index-CwwetGfI.js .............. ~ 0.09ms
  2025-12-24 14:13:37 /build/assets/AssignClasses-DNa1Zu07.css ..... ~ 0.07ms
  2025-12-24 14:13:37 /build/assets/AssignSubjects-CIPhyMO4.js ..... ~ 0.08ms
  2025-12-24 14:13:37 /build/assets/Edit-uFB2R5oC.js ............... ~ 0.08ms
  2025-12-24 14:13:37 /build/assets/Edit-BY4eCtR7.css .............. ~ 0.10ms
  2025-12-24 14:13:37 /build/assets/EmergencyContactAccordion-D6GVPKdk.js  ~ 0.08ms
  2025-12-24 14:13:37 /build/assets/EmployeeDataAccordion-Qt-NHZPb.js  ~ 0.05ms
  2025-12-24 14:13:37 /build/assets/Index-Dr0jSjuV.js .............. ~ 0.05ms
  2025-12-24 14:13:37 /build/assets/Modal-VGDe72wy.js .............. ~ 0.07ms
  2025-12-24 14:13:37 /build/assets/Dropdown-B9DYNlIt.js ........... ~ 0.06ms
  2025-12-24 14:13:37 /build/assets/Index-CCa_qaaw.css ............. ~ 0.06ms
  2025-12-24 14:13:37 /build/assets/Index-xSpY2VjN.js .............. ~ 0.06ms
  2025-12-24 14:13:37 /build/assets/Index-gehn0z9Y.css ............. ~ 0.06ms
  2025-12-24 14:13:37 /build/assets/QualificationDetailAccordion-D9sRCm84.js  ~ 0.10ms
  2025-12-24 14:13:37 /build/assets/Show-DrziLiN6.js ............... ~ 0.10ms
  2025-12-24 14:13:37 /build/assets/Create-D3TSngnk.js ............. ~ 0.10ms
  2025-12-24 14:13:37 /build/assets/Create-Kc1s9BP_.css ............ ~ 0.08ms
  2025-12-24 14:13:37 /build/assets/Edit-CCIlcGEh.js ............... ~ 0.08ms
  2025-12-24 14:13:37 /build/assets/Edit-BXvpM3JB.css .............. ~ 0.07ms
  2025-12-24 14:13:37 /build/assets/Index-Bm-SqTRM.js .............. ~ 0.07ms
  2025-12-24 14:13:37 /build/assets/Show-DsTt5M3a.js ............... ~ 0.07ms
  2025-12-24 14:13:37 /build/assets/Show-BcbfK-aJ.css .............. ~ 0.10ms
  2025-12-24 14:13:37 /build/assets/WorkHistoryAccordion-Bknmu-AH.js  ~ 0.10ms
  2025-12-24 14:13:37 /build/assets/FeeBalance-DLny0bFl.js ......... ~ 0.10ms
  2025-12-24 14:13:37 /build/assets/FeeBalance-VxAQu3JP.css ........ ~ 0.10ms
  2025-12-24 14:13:37 /build/assets/FeeReport-DpX6gtN0.js .......... ~ 0.09ms
  2025-12-24 14:13:37 /build/assets/FeeReport-B4ZB0Hw_.css ......... ~ 0.06ms
  2025-12-24 14:13:37 /build/assets/Create-DdZIld5F.js ............. ~ 0.06ms
  2025-12-24 14:13:37 /build/assets/Create-v8Xhr7wC.css ............ ~ 0.05ms
  2025-12-24 14:13:38 /build/assets/Edit-78_OCsCK.js ............... ~ 0.05ms
  2025-12-24 14:13:38 /build/assets/Edit-BHrrC4kE.css .............. ~ 0.06ms
  2025-12-24 14:13:38 /build/assets/Index-SsNWqPnj.js .............. ~ 0.10ms
  2025-12-24 14:13:38 /build/assets/Index-B3zSWBtC.css ............. ~ 0.10ms
  2025-12-24 14:13:38 /build/assets/Index-BwQdVoH5.js .............. ~ 0.06ms
  2025-12-24 14:13:38 /build/assets/Index-Doodeb1f.css ............. ~ 0.08ms
  2025-12-24 14:13:38 /build/assets/PaymentHistory-Cauk8c3b.js ..... ~ 0.07ms
  2025-12-24 14:13:38 /build/assets/PaymentHistory-BJycJNMh.css .... ~ 0.06ms
  2025-12-24 14:13:38 /build/assets/Reports-CiEQ_nHH.js ............ ~ 0.07ms
  2025-12-24 14:13:38 /build/assets/chart-BR_H7_9u.js .............. ~ 0.07ms
  2025-12-24 14:13:38 /build/assets/Overview-Bdp5BCiJ.js ........... ~ 0.06ms
  2025-12-24 14:13:38 /build/assets/TransferFunds-DIHta9TY.js ...... ~ 0.09ms
  2025-12-24 14:13:38 /build/assets/TransferFunds-CH4O_5Wh.css ..... ~ 0.09ms
  2025-12-24 14:13:38 /build/assets/TransferHistory-BDB18jkS.js .... ~ 0.09ms
  2025-12-24 14:13:38 /build/assets/TransferHistory-Cpner_fp.css ... ~ 0.09ms
  2025-12-24 14:13:38 /build/assets/VerifyPayment-DHPs6nX7.js ...... ~ 0.10ms
  2025-12-24 14:13:38 /build/assets/VerifyPayment-DoPr7nd5.css ..... ~ 0.09ms
  2025-12-24 14:13:38 /build/assets/Index-CQbJvAOY.js .............. ~ 0.09ms
  2025-12-24 14:13:38 /build/assets/Create-C4vHRvZf.js ............. ~ 0.06ms
  2025-12-24 14:13:38 /build/assets/Index-BzIqKcky.js .............. ~ 0.08ms
  2025-12-24 14:13:38 /build/assets/Index-DJ5YxZ5W.js .............. ~ 0.05ms
  2025-12-24 14:13:38 /build/assets/Assignments-9dqu3vHI.js ........ ~ 0.05ms
  2025-12-24 14:13:38 /build/assets/Assignments-B_bXy2g9.css ....... ~ 0.05ms
  2025-12-24 14:13:38 /build/assets/Classes-DttRkI2t.js ............ ~ 0.09ms
  2025-12-24 14:13:38 /build/assets/Classes-BCvb2enR.css ........... ~ 0.10ms
  2025-12-24 14:13:38 /build/assets/Materials-Qbo0P9QL.js .......... ~ 0.11ms
  2025-12-24 14:13:38 /build/assets/Materials-Bs5Ck8T8.css ......... ~ 0.11ms
  2025-12-24 14:13:38 /build/assets/Index-C1YJS1LP.js .............. ~ 0.07ms
  2025-12-24 14:13:38 /build/assets/AllStaff-CRjDXTrr.js ........... ~ 0.09ms
  2025-12-24 14:13:38 /build/assets/AllStudents-BdujtY_5.js ........ ~ 0.07ms
  2025-12-24 14:13:38 /build/assets/Index-WzQbU86q.js .............. ~ 0.07ms
  2025-12-24 14:13:38 /build/assets/index-DHXAGmwn.css ............. ~ 0.10ms
  2025-12-24 14:13:38 /build/assets/StaffAttendance-Btj9j6mA.js .... ~ 0.07ms
  2025-12-24 14:13:38 /build/assets/Index-BKC-NwOM.js .............. ~ 0.06ms
  2025-12-24 14:13:38 /build/assets/AcademicYears-CUJNjGSE.js ...... ~ 0.07ms
  2025-12-24 14:13:38 /build/assets/Create-DOAzi5JG.js ............. ~ 0.09ms
  2025-12-24 14:13:38 /build/assets/Create-D_Ye6YXb.css ............ ~ 0.07ms
  2025-12-24 14:13:38 /build/assets/Index-BruUZ_ef.js .............. ~ 0.07ms
  2025-12-24 14:13:38 /build/assets/Create-DSKHl8hw.js ............. ~ 0.08ms
  2025-12-24 14:13:38 /build/assets/Create-DR2cA3oS.css ............ ~ 0.08ms
  2025-12-24 14:13:38 /build/assets/Edit-RdJATL5o.js ............... ~ 0.05ms
  2025-12-24 14:13:38 /build/assets/Edit-Ub3hKOBS.css .............. ~ 0.05ms
  2025-12-24 14:13:38 /build/assets/Index-6vQafBVg.js .............. ~ 0.06ms
  2025-12-24 14:13:38 /build/assets/Index-CyoEYGUx.css ............. ~ 0.08ms
  2025-12-24 14:13:38 /build/assets/Show-DEF32fJZ.js ............... ~ 0.07ms
  2025-12-24 14:13:38 /build/assets/Show-DbmSmPI5.css .............. ~ 0.08ms
  2025-12-24 14:13:38 /build/assets/Index-Bth0PZKU.js .............. ~ 0.08ms
  2025-12-24 14:13:38 /build/assets/Index-Bmq05Fjm.js .............. ~ 0.05ms
  2025-12-24 14:13:38 /build/assets/Index-DSFIAx3y.js .............. ~ 0.05ms
  2025-12-24 14:13:38 /build/assets/Blogs-zfIHQsw2.js .............. ~ 0.08ms
  2025-12-24 14:13:38 /build/assets/Editor-Gk2xx0kL.js ............. ~ 0.05ms
  2025-12-24 14:13:38 /build/assets/Editor-DCiBGPfP.css ............ ~ 0.09ms
  2025-12-24 14:13:38 /build/assets/Careers-o_QDlNNp.js ............ ~ 0.06ms
  2025-12-24 14:13:38 /build/assets/Index-ZBy0Yp0p.js .............. ~ 0.08ms
  2025-12-24 14:13:38 /build/assets/Index-DJ9xZC-1.css ............. ~ 0.10ms
  2025-12-24 14:13:38 /build/assets/Buttons-BWJN9zp1.js ............ ~ 0.06ms
  2025-12-24 14:13:38 /build/assets/Buttons-DHNf4XXu.css ........... ~ 0.07ms
  2025-12-24 14:13:38 /build/assets/Colors-Yz8863dD.js ............. ~ 0.07ms
  2025-12-24 14:13:38 /build/assets/Index-BItwxOEf.js .............. ~ 0.07ms
  2025-12-24 14:13:38 /build/assets/Index-CEPBEXi6.css ............. ~ 0.06ms
  2025-12-24 14:13:38 /build/assets/Index-D4JoYn6E.js .............. ~ 0.05ms
  2025-12-24 14:13:38 /build/assets/Index-DNQcik9G.js .............. ~ 0.06ms
  2025-12-24 14:13:38 /build/assets/Create-DmnAudtA.js ............. ~ 0.06ms
  2025-12-24 14:13:38 /build/assets/Create-Co4pdLcW.css ............ ~ 0.05ms
  2025-12-24 14:13:38 /build/assets/Edit-Bdj4idWr.js ............... ~ 0.06ms
  2025-12-24 14:13:38 /build/assets/Edit-CQCm6wpr.css .............. ~ 0.06ms
  2025-12-24 14:13:38 /build/assets/Index-Bwqf1xp6.js .............. ~ 0.09ms
  2025-12-24 14:13:38 /build/assets/ManagePageSections-DABQw4IX.js . ~ 0.06ms
  2025-12-24 14:13:38 /build/assets/ManagePageSections-Bn7DDJFs.css  ~ 0.06ms
  2025-12-24 14:13:38 /build/assets/Index-CljuMQJc.js .............. ~ 0.07ms
  2025-12-24 14:13:38 /build/assets/Login-BeE5GWHL.js .............. ~ 0.07ms
  2025-12-24 14:13:38 /build/assets/Dashboard-BGorFSqM.js .......... ~ 0.07ms
  2025-12-24 14:13:38 /build/assets/AssignClasses-DTbtLx7z.js ...... ~ 0.08ms
  2025-12-24 14:13:38 /build/assets/AssignClasses-BpmGkGfR.css ..... ~ 0.06ms
  2025-12-24 14:13:38 /build/assets/Index-DdHD69K6.js .............. ~ 0.20ms
  2025-12-24 14:13:38 /build/assets/Functions-DBdvPDQ4.js .......... ~ 0.07ms
  2025-12-24 14:13:38 /build/assets/MarkAttendance-hmNdKigW.js ..... ~ 0.09ms
  2025-12-24 14:13:38 /build/assets/Report-C2_P7LAN.js ............. ~ 0.09ms
  2025-12-24 14:13:38 /build/assets/Login-ewSuVe01.js .............. ~ 0.11ms
  2025-12-24 14:13:38 /build/assets/Login-BBD4QppN.css ............. ~ 0.09ms
  2025-12-24 14:13:38 /build/assets/Dashboard-BqgpvpYU.js .......... ~ 0.09ms
  2025-12-24 14:13:38 /build/assets/Dashboard-DMZbz74x.css ......... ~ 0.08ms
  2025-12-24 14:13:38 /build/assets/EnterMarks-B6O3ScuJ.js ......... ~ 0.08ms
  2025-12-24 14:13:38 /build/assets/EnterMarks-DwL5Vpbu.css ........ ~ 0.09ms
  2025-12-24 14:13:38 /build/assets/SubmittedMarks-JopySILO.js ..... ~ 0.09ms
  2025-12-24 14:13:38 /build/assets/SubmittedMarks-CTHh4nKk.css .... ~ 0.09ms
  2025-12-24 14:13:38 /build/assets/Index-L0O__ibO.js .............. ~ 0.08ms
  2025-12-24 14:13:38 /build/assets/Index-bfWcpLwP.css ............. ~ 0.07ms
  2025-12-24 14:13:38 /build/assets/EmergencyContacts-DkQMIilR.js .. ~ 0.07ms
  2025-12-24 14:13:38 /build/assets/EmployeeDetails-BRAJtab7.js .... ~ 0.08ms
  2025-12-24 14:13:38 /build/assets/Qualifications-JdUZ1Y2l.js ..... ~ 0.06ms
  2025-12-24 14:13:38 /build/assets/UpdatePassword-CsHC2Vsq.js ..... ~ 0.06ms
  2025-12-24 14:13:38 /build/assets/UpdatePassword-BJM0g8p3.css .... ~ 0.06ms
  2025-12-24 14:13:38 /build/assets/WorkHistories-1yCDn27Z.js ...... ~ 0.06ms
  2025-12-24 14:13:38 /build/assets/Index-D7aLNnKB.js .............. ~ 0.06ms
  2025-12-24 14:13:38 /build/assets/Index-C2y-pRbf.css ............. ~ 0.06ms
  2025-12-24 14:13:38 /build/assets/Index-C8ZvNm3X.js .............. ~ 0.06ms
  2025-12-24 14:13:38 /build/assets/Index-CqV9O6rm.js .............. ~ 0.06ms
  2025-12-24 14:13:38 /build/assets/ApprovalQueue-DjkQOH9c.js ...... ~ 0.06ms
  2025-12-24 14:13:38 /build/assets/ApprovalQueue-D2DnOygN.css ..... ~ 0.06ms
  2025-12-24 14:13:38 /build/assets/Index-BMUjmxO5.js .............. ~ 0.06ms
  2025-12-24 14:13:38 /build/assets/Index-BWAxV6fd.js .............. ~ 0.06ms
  2025-12-24 14:13:38 /build/assets/PayrollAdjustment-w52ohH0U.js .. ~ 0.06ms
  2025-12-24 14:13:38 /build/assets/iziToast-BIp82V41.js ........... ~ 0.06ms
  2025-12-24 14:13:38 /build/assets/PayrollAdjustmentAllowance-ChqMzg-P.js  ~ 0.06ms
  2025-12-24 14:13:38 /build/assets/PayrollAdjustmentDeduction-BSQP_4vk.js  ~ 0.06ms
  2025-12-24 14:13:38 /build/assets/PayrollDetails-NRQSXGiv.js ..... ~ 0.06ms
  2025-12-24 14:13:38 /build/assets/PayrollRun-DGE_SQwO.js ......... ~ 0.06ms
  2025-12-24 14:13:38 /build/assets/Edit-BIWwFE8A.js ............... ~ 0.07ms
  2025-12-24 14:13:38 /build/assets/SecondaryButton-D0wqnYTu.js .... ~ 0.06ms
  2025-12-24 14:13:38 /build/assets/Index-DK4mOFU-.js .............. ~ 0.07ms
  2025-12-24 14:13:38 /build/assets/DeleteUserForm-7h0EnQZ-.js ..... ~ 0.07ms
  2025-12-24 14:13:38 /build/assets/UpdatePasswordForm-idx7RxAi.js . ~ 0.07ms
  2025-12-24 14:13:38 /build/assets/UpdateProfileInformationForm--t4-Ff3T.js  ~ 0.08ms
  2025-12-24 14:13:38 /build/assets/Index-Bpa5Goj-.js .............. ~ 0.06ms
  2025-12-24 14:13:38 /build/assets/Index-DW4sdL-x.css ............. ~ 0.06ms
  2025-12-24 14:13:38 /build/assets/Success-CwW6MrJr.js ............ ~ 0.07ms
  2025-12-24 14:13:38 /build/assets/Success-r-hqeCiF.css ........... ~ 0.07ms
  2025-12-24 14:13:38 /build/assets/Track-KtToCfIh.js .............. ~ 0.07ms
  2025-12-24 14:13:38 /build/assets/Track-L7omozRj.css ............. ~ 0.07ms
  2025-12-24 14:13:38 /build/assets/TrackingForm-CWW7uiy_.js ....... ~ 0.08ms
  2025-12-24 14:13:38 /build/assets/TrackingForm-BbDMoIBK.css ...... ~ 0.07ms
  2025-12-24 14:13:38 /build/assets/Index-BmB5Me6q.js .............. ~ 0.07ms
  2025-12-24 14:13:38 /build/assets/StudentLayout-DeWCi8ah.js ...... ~ 0.07ms
  2025-12-24 14:13:38 /build/assets/StudentLayout-OSj59oVD.css ..... ~ 0.08ms
  2025-12-24 14:13:38 /build/assets/ChangePassword-DhqDUCK6.js ..... ~ 0.07ms
  2025-12-24 14:13:38 /build/assets/Dashboard-R7RHscxn.js .......... ~ 0.07ms
  2025-12-24 14:13:38 /build/assets/Dashboard-XybeFVte.css ......... ~ 0.07ms
  2025-12-24 14:13:38 /build/assets/Index-DACEiP3D.js .............. ~ 0.07ms
  2025-12-24 14:13:38 /build/assets/Index-BBVaKK-U.js .............. ~ 0.08ms
  2025-12-24 14:13:38 /build/assets/Edit-DZwQa8lr.js ............... ~ 0.07ms
  2025-12-24 14:13:38 /build/assets/Edit-C4P7t_N1.css .............. ~ 0.07ms
  2025-12-24 14:13:38 /build/assets/Index-8n8dVnDp.js .............. ~ 0.07ms
  2025-12-24 14:13:38 /build/assets/Show-CmuWAzfp.js ............... ~ 0.07ms
  2025-12-24 14:13:38 /build/assets/MyTimetable-_JhMnYBH.js ........ ~ 0.07ms
  2025-12-24 14:13:38 /build/assets/MyTimetable-DKnYbDuK.css ....... ~ 0.07ms
  2025-12-24 14:13:38 /build/assets/Generate-D8zE8hPl.js ........... ~ 0.07ms
  2025-12-24 14:13:38 /build/assets/Constraints-DXnqT5MK.js ........ ~ 0.07ms
  2025-12-24 14:13:38 /build/assets/Constraints-BZS0SRTT.css ....... ~ 0.07ms
  2025-12-24 14:13:38 /build/assets/Periods-D_cAUaGO.js ............ ~ 0.07ms
  2025-12-24 14:13:38 /build/assets/SubjectAllocation-CtXno2fv.js .. ~ 0.07ms
  2025-12-24 14:13:38 /build/assets/SubjectAllocation-LlDamDcb.css . ~ 0.07ms
  2025-12-24 14:13:38 /build/assets/ClassTimetable-DajfBan3.js ..... ~ 0.09ms
  2025-12-24 14:13:38 /build/assets/TeacherTimetable-jfrqOuml.js ... ~ 0.06ms
  2025-12-24 14:13:38 /build/assets/Welcome-BqzGGm-l.js ............ ~ 0.06ms
  2025-12-24 14:13:38 /build/assets/DefaultLayout-DkCF503b.js ...... ~ 0.06ms
  2025-12-24 14:13:38 /build/assets/DefaultLayout-UfeXBpZ5.css ..... ~ 0.06ms
  2025-12-24 14:13:38 /build/assets/Pagination-CPg9MUtv.js ......... ~ 0.06ms
  2025-12-24 14:13:38 /build/assets/Pagination-BbeKvaSo.css ........ ~ 0.08ms
  2025-12-24 14:13:38 /build/assets/lodash-BHPZINTD.js ............. ~ 0.06ms
  2025-12-24 14:13:38 /build/assets/Footer-CQ6aXKC4.js ............. ~ 0.06ms
  2025-12-24 14:13:38 /build/assets/Footer-DJf3l1MC.css ............ ~ 0.06ms
  2025-12-24 14:13:41 .................................................. ~ 5s
  2025-12-24 14:14:08 /login ..................................... ~ 500.39ms
  2025-12-24 14:14:09 /build/assets/app-BhLJtwtj.css ............... ~ 0.29ms
  2025-12-24 14:14:09 /build/assets/app-BFwkEv0t.css ............... ~ 0.22ms
  2025-12-24 14:14:09 /build/assets/app-n2kaNdUJ.js ................ ~ 0.13ms
  2025-12-24 14:14:09 /build/assets/Login-BeE5GWHL.js .............. ~ 0.68ms
  2025-12-24 14:14:09 /build/assets/Checkbox-DIrxBKG0.js ........... ~ 0.29ms
  2025-12-24 14:14:09 /build/assets/GuestLayout-BROhEZeN.js ........ ~ 0.19ms
  2025-12-24 14:14:09 /build/assets/GuestLayout-D0pWnSgT.css ....... ~ 0.24ms
  2025-12-24 14:14:09 /favicon.ico ................................. ~ 0.98ms
  2025-12-24 14:14:09 /images/ecobiz_logo_colored.png .............. ~ 0.28ms
  2025-12-24 14:14:09 /build/assets/PublicSans-Regular-CcK-bgQZ.ttf  ~ 0.29ms
  2025-12-24 14:14:09 /build/assets/boxicons-CeGEncwm.woff2 ........ ~ 0.77ms
  2025-12-24 14:14:09 /build/assets/PublicSans-Medium-DOt0zBLs.ttf . ~ 1.64ms
  2025-12-24 14:14:09 /build/assets/OnlineApplications-BA8xJlxk.js . ~ 2.38ms
  2025-12-24 14:14:09 /build/assets/OnlineApplications-CEmPD3sd.css  ~ 2.81ms
  2025-12-24 14:14:09 /build/assets/Index-FznrAFMD.js .............. ~ 2.66ms
  2025-12-24 14:14:09 /build/assets/Report-DSF8eWZd.js ............. ~ 0.14ms
  2025-12-24 14:14:09 /build/assets/debounce-CuFaaCQE.js ........... ~ 0.44ms
  2025-12-24 14:14:09 /build/assets/ConfirmPassword-DIUsJkPj.js .... ~ 0.44ms
  2025-12-24 14:14:09 /build/assets/GuestLayout-BROhEZeN.js ........ ~ 0.55ms
  2025-12-24 14:14:09 /build/assets/GuestLayout-D0pWnSgT.css ....... ~ 0.59ms
  2025-12-24 14:14:09 /build/assets/InputError-Cg65H59E.js ......... ~ 0.39ms
  2025-12-24 14:14:09 /build/assets/InputLabel-BEws7aVK.js ......... ~ 0.72ms
  2025-12-24 14:14:09 /build/assets/PrimaryButton-BCpEzNnw.js ...... ~ 0.17ms
  2025-12-24 14:14:09 /build/assets/TextInput-BSqhQxsP.js .......... ~ 0.39ms
  2025-12-24 14:14:10 /build/assets/ForgotPassword-2e8XCM9D.js ..... ~ 0.34ms
  2025-12-24 14:14:10 /build/assets/Login-CckwMDfA.js .............. ~ 1.45ms
  2025-12-24 14:14:10 /build/assets/Checkbox-DIrxBKG0.js ........... ~ 0.16ms
  2025-12-24 14:14:10 /build/assets/Register-C0sYwMAA.js ........... ~ 0.21ms
  2025-12-24 14:14:10 /build/assets/ResetPassword-Dkql1F8n.js ...... ~ 0.12ms
  2025-12-24 14:14:10 /build/assets/VerifyEmail-CcoWSSds.js ........ ~ 0.13ms
  2025-12-24 14:14:10 /build/assets/Index-CtY8KIY2.js .............. ~ 0.14ms
  2025-12-24 14:14:10 /build/assets/index-CBBmuDDS.js .............. ~ 0.17ms
  2025-12-24 14:14:10 /build/assets/Show-BlEJbvn8.js ............... ~ 0.14ms
  2025-12-24 14:14:10 /build/assets/Show-BI6oj0NI.css .............. ~ 0.12ms
  2025-12-24 14:14:10 /build/assets/Allowance-AnzSr_mY.js .......... ~ 0.66ms
  2025-12-24 14:14:10 /build/assets/BlogCategories-BBoBMiy0.js ..... ~ 0.19ms
  2025-12-24 14:14:10 /build/assets/Deduction-BHSTkXRq.js .......... ~ 0.58ms
  2025-12-24 14:14:10 /build/assets/Divisions-ELoO_NZv.js .......... ~ 0.61ms
  2025-12-24 14:14:10 /build/assets/EmploymentStatuses-CgF1FZDl.js . ~ 0.21ms
  2025-12-24 14:14:10 /build/assets/EmploymentTypes-CP4O-VwB.js .... ~ 0.28ms
  2025-12-24 14:14:10 /build/assets/Genders-DO9oye-L.js ............ ~ 0.13ms
  2025-12-24 14:14:10 /build/assets/Honorifics-ChiN2_8R.js ......... ~ 0.12ms
  2025-12-24 14:14:10 /build/assets/Income-DQuwuCIW.js ............. ~ 0.18ms
  2025-12-24 14:14:10 /build/assets/Index-BofAhEWE.js .............. ~ 0.18ms
  2025-12-24 14:14:10 /build/assets/Index-hOtiuyDQ.css ............. ~ 0.14ms
  2025-12-24 14:14:10 /build/assets/JobTitles-BjMOfTzz.js .......... ~ 0.19ms
  2025-12-24 14:14:10 /build/assets/QualificationTypes-CtRYPonY.js . ~ 0.43ms
  2025-12-24 14:14:10 /build/assets/Relationships-vBt0RQoA.js ...... ~ 0.21ms
  2025-12-24 14:14:10 /build/assets/Religions-BFM8LZ77.js .......... ~ 0.27ms
  2025-12-24 14:14:10 /build/assets/SalaryGrade-tnhBHc8n.js ........ ~ 0.24ms
  2025-12-24 14:14:10 /build/assets/SalaryScale-CpL7Wd78.js ........ ~ 0.30ms
  2025-12-24 14:14:10 /build/assets/Streams-CjI3qmZ3.js ............ ~ 0.27ms
  2025-12-24 14:14:10 /build/assets/Subjects-BNY4EVr5.js ........... ~ 0.19ms
  2025-12-24 14:14:10 /build/assets/TeacherTitles-8qsoGhLX.js ...... ~ 0.16ms
  2025-12-24 14:14:10 /build/assets/Dashboard-DQRQ5cm3.js .......... ~ 0.14ms
  2025-12-24 14:14:10 /build/assets/GreetingCard-iDEKjbuM.js ....... ~ 0.23ms
  2025-12-24 14:14:10 /build/assets/GreetingCard-d-HuJ_xn.css ...... ~ 0.89ms
  2025-12-24 14:14:10 /build/assets/AssignClasses-Dkpws7NZ.js ...... ~ 0.21ms
  2025-12-24 14:14:10 /build/assets/index-CwwetGfI.js .............. ~ 0.18ms
  2025-12-24 14:14:10 /build/assets/AssignClasses-DNa1Zu07.css ..... ~ 0.18ms
  2025-12-24 14:14:10 /build/assets/AssignSubjects-CIPhyMO4.js ..... ~ 0.34ms
  2025-12-24 14:14:10 /build/assets/Edit-uFB2R5oC.js ............... ~ 0.29ms
  2025-12-24 14:14:10 /build/assets/Edit-BY4eCtR7.css .............. ~ 0.31ms
  2025-12-24 14:14:10 /build/assets/EmergencyContactAccordion-D6GVPKdk.js  ~ 0.18ms
  2025-12-24 14:14:10 /build/assets/EmployeeDataAccordion-Qt-NHZPb.js  ~ 0.33ms
  2025-12-24 14:14:10 /build/assets/Index-Dr0jSjuV.js .............. ~ 0.12ms
  2025-12-24 14:14:10 /build/assets/Modal-VGDe72wy.js .............. ~ 0.23ms
  2025-12-24 14:14:10 /build/assets/Dropdown-B9DYNlIt.js ........... ~ 0.12ms
  2025-12-24 14:14:10 /build/assets/Index-CCa_qaaw.css ............. ~ 0.11ms
  2025-12-24 14:14:10 /build/assets/Index-xSpY2VjN.js .............. ~ 0.12ms
  2025-12-24 14:14:10 /build/assets/Index-gehn0z9Y.css ............. ~ 0.12ms
  2025-12-24 14:14:10 /build/assets/QualificationDetailAccordion-D9sRCm84.js  ~ 0.13ms
  2025-12-24 14:14:10 /build/assets/Show-DrziLiN6.js ............... ~ 0.14ms
  2025-12-24 14:14:10 /build/assets/Create-D3TSngnk.js ............. ~ 0.15ms
  2025-12-24 14:14:10 /build/assets/Create-Kc1s9BP_.css ............ ~ 0.26ms
  2025-12-24 14:14:10 /build/assets/Edit-CCIlcGEh.js ............... ~ 0.43ms
  2025-12-24 14:14:10 /build/assets/Edit-BXvpM3JB.css .............. ~ 0.13ms
  2025-12-24 14:14:10 /build/assets/Index-Bm-SqTRM.js .............. ~ 0.18ms
  2025-12-24 14:14:10 /build/assets/Show-DsTt5M3a.js ............... ~ 0.14ms
  2025-12-24 14:14:10 /build/assets/Show-BcbfK-aJ.css .............. ~ 0.20ms
  2025-12-24 14:14:10 /build/assets/WorkHistoryAccordion-Bknmu-AH.js  ~ 0.22ms
  2025-12-24 14:14:10 /build/assets/FeeBalance-DLny0bFl.js ......... ~ 0.17ms
  2025-12-24 14:14:10 /build/assets/FeeBalance-VxAQu3JP.css ........ ~ 0.16ms
  2025-12-24 14:14:10 /build/assets/FeeReport-DpX6gtN0.js .......... ~ 0.11ms
  2025-12-24 14:14:10 /build/assets/FeeReport-B4ZB0Hw_.css ......... ~ 0.15ms
  2025-12-24 14:14:10 /build/assets/Create-DdZIld5F.js ............. ~ 0.14ms
  2025-12-24 14:14:10 /build/assets/Create-v8Xhr7wC.css ............ ~ 0.15ms
  2025-12-24 14:14:10 /build/assets/Edit-78_OCsCK.js ............... ~ 0.14ms
  2025-12-24 14:14:10 /build/assets/Edit-BHrrC4kE.css .............. ~ 0.17ms
  2025-12-24 14:14:10 /build/assets/Index-SsNWqPnj.js .............. ~ 0.19ms
  2025-12-24 14:14:10 /build/assets/Index-B3zSWBtC.css ............. ~ 0.31ms
  2025-12-24 14:14:10 /build/assets/Index-BwQdVoH5.js .............. ~ 0.26ms
  2025-12-24 14:14:10 /build/assets/Index-Doodeb1f.css ............. ~ 0.13ms
  2025-12-24 14:14:10 /build/assets/PaymentHistory-Cauk8c3b.js ..... ~ 0.12ms
  2025-12-24 14:14:10 /build/assets/PaymentHistory-BJycJNMh.css .... ~ 0.14ms
  2025-12-24 14:14:10 /build/assets/Reports-CiEQ_nHH.js ............ ~ 0.22ms
  2025-12-24 14:14:10 /build/assets/chart-BR_H7_9u.js .............. ~ 0.24ms
  2025-12-24 14:14:10 /build/assets/Overview-Bdp5BCiJ.js ........... ~ 0.11ms
  2025-12-24 14:14:10 /build/assets/TransferFunds-DIHta9TY.js ...... ~ 0.11ms
  2025-12-24 14:14:10 /build/assets/TransferFunds-CH4O_5Wh.css ..... ~ 0.10ms
  2025-12-24 14:14:10 /build/assets/TransferHistory-BDB18jkS.js .... ~ 0.10ms
  2025-12-24 14:14:10 /build/assets/TransferHistory-Cpner_fp.css ... ~ 0.10ms
  2025-12-24 14:14:10 /build/assets/VerifyPayment-DHPs6nX7.js ...... ~ 0.11ms
  2025-12-24 14:14:10 /build/assets/VerifyPayment-DoPr7nd5.css ..... ~ 0.10ms
  2025-12-24 14:14:10 /build/assets/Index-CQbJvAOY.js .............. ~ 0.10ms
  2025-12-24 14:14:10 /build/assets/Create-C4vHRvZf.js ............. ~ 0.10ms
  2025-12-24 14:14:10 /build/assets/Index-BzIqKcky.js .............. ~ 0.09ms
  2025-12-24 14:14:10 /build/assets/Index-DJ5YxZ5W.js .............. ~ 0.08ms
  2025-12-24 14:14:10 /build/assets/Assignments-9dqu3vHI.js ........ ~ 0.34ms
  2025-12-24 14:14:10 /build/assets/Assignments-B_bXy2g9.css ....... ~ 0.46ms
  2025-12-24 14:14:10 /build/assets/Classes-DttRkI2t.js ............ ~ 0.15ms
  2025-12-24 14:14:10 /build/assets/Classes-BCvb2enR.css ........... ~ 0.34ms
  2025-12-24 14:14:11 /build/assets/Materials-Qbo0P9QL.js .......... ~ 0.15ms
  2025-12-24 14:14:11 /build/assets/Materials-Bs5Ck8T8.css ......... ~ 0.26ms
  2025-12-24 14:14:11 /build/assets/Index-C1YJS1LP.js .............. ~ 0.20ms
  2025-12-24 14:14:11 /build/assets/AllStaff-CRjDXTrr.js ........... ~ 0.13ms
  2025-12-24 14:14:11 /build/assets/AllStudents-BdujtY_5.js ........ ~ 0.14ms
  2025-12-24 14:14:11 /build/assets/Index-WzQbU86q.js .............. ~ 0.12ms
  2025-12-24 14:14:11 /build/assets/index-DHXAGmwn.css ............. ~ 0.09ms
  2025-12-24 14:14:11 /build/assets/StaffAttendance-Btj9j6mA.js .... ~ 0.11ms
  2025-12-24 14:14:11 /build/assets/Index-BKC-NwOM.js .............. ~ 0.09ms
  2025-12-24 14:14:11 /build/assets/AcademicYears-CUJNjGSE.js ...... ~ 0.76ms
  2025-12-24 14:14:11 /build/assets/Create-DOAzi5JG.js ............. ~ 1.66ms
  2025-12-24 14:14:11 /build/assets/Create-D_Ye6YXb.css ............ ~ 0.23ms
  2025-12-24 14:14:11 /build/assets/Index-BruUZ_ef.js .............. ~ 0.49ms
  2025-12-24 14:14:11 /build/assets/Create-DSKHl8hw.js ............. ~ 0.21ms
  2025-12-24 14:14:11 /build/assets/Create-DR2cA3oS.css ............ ~ 0.31ms
  2025-12-24 14:14:11 /build/assets/Edit-RdJATL5o.js ............... ~ 0.16ms
  2025-12-24 14:14:11 /build/assets/Edit-Ub3hKOBS.css .............. ~ 0.24ms
  2025-12-24 14:14:11 /build/assets/Index-6vQafBVg.js .............. ~ 0.19ms
  2025-12-24 14:14:11 /build/assets/Index-CyoEYGUx.css ............. ~ 0.26ms
  2025-12-24 14:14:11 /build/assets/Show-DEF32fJZ.js ............... ~ 0.18ms
  2025-12-24 14:14:11 /build/assets/Show-DbmSmPI5.css .............. ~ 0.17ms
  2025-12-24 14:14:11 /build/assets/Index-Bth0PZKU.js .............. ~ 0.26ms
  2025-12-24 14:14:11 /build/assets/Index-Bmq05Fjm.js .............. ~ 0.18ms
  2025-12-24 14:14:11 /build/assets/Index-DSFIAx3y.js .............. ~ 0.15ms
  2025-12-24 14:14:11 /build/assets/Blogs-zfIHQsw2.js .............. ~ 0.23ms
  2025-12-24 14:14:11 /build/assets/Editor-Gk2xx0kL.js ............. ~ 0.18ms
  2025-12-24 14:14:11 /build/assets/Editor-DCiBGPfP.css ............ ~ 0.19ms
  2025-12-24 14:14:11 /build/assets/Careers-o_QDlNNp.js ............ ~ 0.18ms
  2025-12-24 14:14:11 /build/assets/Index-ZBy0Yp0p.js .............. ~ 0.18ms
  2025-12-24 14:14:11 /build/assets/Index-DJ9xZC-1.css ............. ~ 0.18ms
  2025-12-24 14:14:11 /build/assets/Buttons-BWJN9zp1.js ............ ~ 0.14ms
  2025-12-24 14:14:11 /build/assets/Buttons-DHNf4XXu.css ........... ~ 0.13ms
  2025-12-24 14:14:11 /build/assets/Colors-Yz8863dD.js ............. ~ 0.17ms
  2025-12-24 14:14:11 /build/assets/Index-BItwxOEf.js .............. ~ 0.17ms
  2025-12-24 14:14:11 /build/assets/Index-CEPBEXi6.css ............. ~ 0.19ms
  2025-12-24 14:14:11 /build/assets/Index-D4JoYn6E.js .............. ~ 0.16ms
  2025-12-24 14:14:11 /build/assets/Index-DNQcik9G.js .............. ~ 0.14ms
  2025-12-24 14:14:11 /build/assets/Create-DmnAudtA.js ............. ~ 0.12ms
  2025-12-24 14:14:11 /build/assets/Create-Co4pdLcW.css ............ ~ 0.14ms
  2025-12-24 14:14:11 /build/assets/Edit-Bdj4idWr.js ............... ~ 0.13ms
  2025-12-24 14:14:11 /build/assets/Edit-CQCm6wpr.css .............. ~ 0.31ms
  2025-12-24 14:14:11 /build/assets/Index-Bwqf1xp6.js .............. ~ 0.28ms
  2025-12-24 14:14:11 /build/assets/ManagePageSections-DABQw4IX.js . ~ 0.12ms
  2025-12-24 14:14:11 /build/assets/ManagePageSections-Bn7DDJFs.css  ~ 0.15ms
  2025-12-24 14:14:11 /build/assets/Index-CljuMQJc.js .............. ~ 0.15ms
  2025-12-24 14:14:11 /build/assets/Login-BeE5GWHL.js .............. ~ 0.14ms
  2025-12-24 14:14:11 /build/assets/Dashboard-BGorFSqM.js .......... ~ 0.17ms
  2025-12-24 14:14:11 /build/assets/AssignClasses-DTbtLx7z.js ...... ~ 0.27ms
  2025-12-24 14:14:11 /build/assets/AssignClasses-BpmGkGfR.css ..... ~ 0.17ms
  2025-12-24 14:14:11 /build/assets/Index-DdHD69K6.js .............. ~ 0.17ms
  2025-12-24 14:14:11 /build/assets/Functions-DBdvPDQ4.js .......... ~ 0.18ms
  2025-12-24 14:14:11 /build/assets/MarkAttendance-hmNdKigW.js ..... ~ 0.18ms
  2025-12-24 14:14:11 /build/assets/Report-C2_P7LAN.js ............. ~ 0.19ms
  2025-12-24 14:14:11 /build/assets/Login-ewSuVe01.js .............. ~ 0.17ms
  2025-12-24 14:14:11 /build/assets/Login-BBD4QppN.css ............. ~ 0.17ms
  2025-12-24 14:14:11 /build/assets/Dashboard-BqgpvpYU.js .......... ~ 0.30ms
  2025-12-24 14:14:11 /build/assets/Dashboard-DMZbz74x.css ......... ~ 0.29ms
  2025-12-24 14:14:11 /build/assets/EnterMarks-B6O3ScuJ.js ......... ~ 0.28ms
  2025-12-24 14:14:11 /build/assets/EnterMarks-DwL5Vpbu.css ........ ~ 0.23ms
  2025-12-24 14:14:11 /build/assets/SubmittedMarks-JopySILO.js ..... ~ 0.11ms
  2025-12-24 14:14:11 /build/assets/SubmittedMarks-CTHh4nKk.css .... ~ 0.13ms
  2025-12-24 14:14:11 /build/assets/Index-L0O__ibO.js .............. ~ 0.16ms
  2025-12-24 14:14:11 /build/assets/Index-bfWcpLwP.css ............. ~ 0.21ms
  2025-12-24 14:14:11 /build/assets/EmergencyContacts-DkQMIilR.js .. ~ 0.17ms
  2025-12-24 14:14:11 /build/assets/EmployeeDetails-BRAJtab7.js .... ~ 0.15ms
  2025-12-24 14:14:11 /build/assets/Qualifications-JdUZ1Y2l.js ..... ~ 0.18ms
  2025-12-24 14:14:11 /build/assets/UpdatePassword-CsHC2Vsq.js ..... ~ 0.16ms
  2025-12-24 14:14:11 /build/assets/UpdatePassword-BJM0g8p3.css .... ~ 0.14ms
  2025-12-24 14:14:11 /build/assets/WorkHistories-1yCDn27Z.js ...... ~ 0.15ms
  2025-12-24 14:14:11 /build/assets/Index-D7aLNnKB.js .............. ~ 0.14ms
  2025-12-24 14:14:11 /build/assets/Index-C2y-pRbf.css ............. ~ 0.19ms
  2025-12-24 14:14:11 /build/assets/Index-C8ZvNm3X.js .............. ~ 0.43ms
  2025-12-24 14:14:11 /build/assets/Index-CqV9O6rm.js .............. ~ 0.28ms
  2025-12-24 14:14:11 /build/assets/ApprovalQueue-DjkQOH9c.js ...... ~ 0.23ms
  2025-12-24 14:14:11 /build/assets/ApprovalQueue-D2DnOygN.css ..... ~ 0.17ms
  2025-12-24 14:14:11 /build/assets/Index-BMUjmxO5.js .............. ~ 0.16ms
  2025-12-24 14:14:11 /build/assets/Index-BWAxV6fd.js .............. ~ 0.15ms
  2025-12-24 14:14:11 /build/assets/PayrollAdjustment-w52ohH0U.js .. ~ 0.08ms
  2025-12-24 14:14:11 /build/assets/iziToast-BIp82V41.js ........... ~ 0.07ms
  2025-12-24 14:14:11 /build/assets/PayrollAdjustmentAllowance-ChqMzg-P.js  ~ 0.08ms
  2025-12-24 14:14:11 /build/assets/PayrollAdjustmentDeduction-BSQP_4vk.js  ~ 0.07ms
  2025-12-24 14:14:11 /build/assets/PayrollDetails-NRQSXGiv.js ..... ~ 0.07ms
  2025-12-24 14:14:11 /build/assets/PayrollRun-DGE_SQwO.js ......... ~ 0.08ms
  2025-12-24 14:14:11 /build/assets/Edit-BIWwFE8A.js ............... ~ 0.07ms
  2025-12-24 14:14:11 /build/assets/SecondaryButton-D0wqnYTu.js .... ~ 0.08ms
  2025-12-24 14:14:11 /build/assets/Index-DK4mOFU-.js .............. ~ 0.08ms
  2025-12-24 14:14:11 /build/assets/DeleteUserForm-7h0EnQZ-.js ..... ~ 0.07ms
  2025-12-24 14:14:11 /build/assets/UpdatePasswordForm-idx7RxAi.js . ~ 0.07ms
  2025-12-24 14:14:11 /build/assets/UpdateProfileInformationForm--t4-Ff3T.js  ~ 0.07ms
  2025-12-24 14:14:11 /build/assets/Index-Bpa5Goj-.js .............. ~ 0.08ms
  2025-12-24 14:14:11 /build/assets/Index-DW4sdL-x.css ............. ~ 0.08ms
  2025-12-24 14:14:11 /build/assets/Success-CwW6MrJr.js ............ ~ 0.07ms
  2025-12-24 14:14:11 /build/assets/Success-r-hqeCiF.css ........... ~ 0.08ms
  2025-12-24 14:14:11 /build/assets/Track-KtToCfIh.js .............. ~ 0.08ms
  2025-12-24 14:14:11 /build/assets/Track-L7omozRj.css ............. ~ 0.07ms
  2025-12-24 14:14:11 /build/assets/TrackingForm-CWW7uiy_.js ....... ~ 0.07ms
  2025-12-24 14:14:11 /build/assets/TrackingForm-BbDMoIBK.css ...... ~ 0.06ms
  2025-12-24 14:14:11 /build/assets/Index-BmB5Me6q.js .............. ~ 0.06ms
  2025-12-24 14:14:11 /build/assets/StudentLayout-DeWCi8ah.js ...... ~ 0.07ms
  2025-12-24 14:14:11 /build/assets/StudentLayout-OSj59oVD.css ..... ~ 0.08ms
  2025-12-24 14:14:11 /build/assets/ChangePassword-DhqDUCK6.js ..... ~ 0.07ms
  2025-12-24 14:14:11 /build/assets/Dashboard-R7RHscxn.js .......... ~ 0.07ms
  2025-12-24 14:14:11 /build/assets/Dashboard-XybeFVte.css ......... ~ 0.07ms
  2025-12-24 14:14:11 /build/assets/Index-DACEiP3D.js .............. ~ 0.06ms
  2025-12-24 14:14:11 /build/assets/Index-BBVaKK-U.js .............. ~ 0.07ms
  2025-12-24 14:14:11 /build/assets/Edit-DZwQa8lr.js ............... ~ 0.08ms
  2025-12-24 14:14:11 /build/assets/Edit-C4P7t_N1.css .............. ~ 0.08ms
  2025-12-24 14:14:11 /build/assets/Index-8n8dVnDp.js .............. ~ 0.07ms
  2025-12-24 14:14:11 /build/assets/Show-CmuWAzfp.js ............... ~ 0.07ms
  2025-12-24 14:14:11 /build/assets/MyTimetable-_JhMnYBH.js ........ ~ 0.08ms
  2025-12-24 14:14:11 /build/assets/MyTimetable-DKnYbDuK.css ....... ~ 0.07ms
  2025-12-24 14:14:11 /build/assets/Generate-D8zE8hPl.js ........... ~ 0.08ms
  2025-12-24 14:14:11 /build/assets/Constraints-DXnqT5MK.js ........ ~ 0.07ms
  2025-12-24 14:14:11 /build/assets/Constraints-BZS0SRTT.css ....... ~ 0.06ms
  2025-12-24 14:14:11 /build/assets/Periods-D_cAUaGO.js ............ ~ 0.06ms
  2025-12-24 14:14:11 /build/assets/SubjectAllocation-CtXno2fv.js .. ~ 0.07ms
  2025-12-24 14:14:11 /build/assets/SubjectAllocation-LlDamDcb.css . ~ 0.07ms
  2025-12-24 14:14:11 /build/assets/ClassTimetable-DajfBan3.js ..... ~ 0.07ms
  2025-12-24 14:14:11 /build/assets/TeacherTimetable-jfrqOuml.js ... ~ 0.07ms
  2025-12-24 14:14:11 /build/assets/Welcome-BqzGGm-l.js ............ ~ 0.07ms
  2025-12-24 14:14:11 /build/assets/DefaultLayout-DkCF503b.js ...... ~ 0.07ms
  2025-12-24 14:14:11 /build/assets/DefaultLayout-UfeXBpZ5.css ..... ~ 0.07ms
  2025-12-24 14:14:11 /build/assets/Pagination-CPg9MUtv.js ......... ~ 0.06ms
  2025-12-24 14:14:11 /build/assets/Pagination-BbeKvaSo.css ........ ~ 0.06ms
  2025-12-24 14:14:12 /build/assets/lodash-BHPZINTD.js ............. ~ 0.07ms
  2025-12-24 14:14:12 /build/assets/Footer-CQ6aXKC4.js ............. ~ 0.07ms
  2025-12-24 14:14:12 /build/assets/Footer-DJf3l1MC.css ............ ~ 0.08ms
  2025-12-24 14:14:44 /login ....................................... ~ 0.16ms
  2025-12-24 14:14:44 /build/assets/app-BhLJtwtj.css ............... ~ 0.09ms
  2025-12-24 14:14:44 /build/assets/app-BFwkEv0t.css ............... ~ 0.07ms
  2025-12-24 14:14:44 /build/assets/app-n2kaNdUJ.js ................ ~ 0.06ms
  2025-12-24 14:14:45 /build/assets/Login-BeE5GWHL.js .............. ~ 0.32ms
  2025-12-24 14:14:45 /build/assets/Checkbox-DIrxBKG0.js ........... ~ 3.96ms
  2025-12-24 14:14:45 /build/assets/GuestLayout-BROhEZeN.js ........ ~ 0.23ms
  2025-12-24 14:14:45 /build/assets/GuestLayout-D0pWnSgT.css ....... ~ 0.17ms
  2025-12-24 14:14:45 /favicon.ico ................................. ~ 0.19ms
  2025-12-24 14:14:45 /images/ecobiz_logo_colored.png ............ ~ 500.57ms
  2025-12-24 14:14:45 /build/assets/PublicSans-Regular-CcK-bgQZ.ttf  ~ 0.23ms
  2025-12-24 14:14:45 /build/assets/boxicons-CeGEncwm.woff2 ........ ~ 0.53ms
  2025-12-24 14:14:45 /build/assets/PublicSans-Medium-DOt0zBLs.ttf . ~ 1.16ms
  2025-12-24 14:14:45 /build/assets/OnlineApplications-BA8xJlxk.js . ~ 1.44ms
  2025-12-24 14:14:45 /build/assets/OnlineApplications-CEmPD3sd.css  ~ 1.77ms
  2025-12-24 14:14:45 /build/assets/Index-FznrAFMD.js .............. ~ 1.68ms
  2025-12-24 14:14:45 /build/assets/Report-DSF8eWZd.js ............. ~ 0.11ms
  2025-12-24 14:14:45 /build/assets/debounce-CuFaaCQE.js ........... ~ 0.14ms
  2025-12-24 14:14:45 /build/assets/ConfirmPassword-DIUsJkPj.js .... ~ 0.15ms
  2025-12-24 14:14:45 /build/assets/GuestLayout-BROhEZeN.js ........ ~ 0.10ms
  2025-12-24 14:14:45 /build/assets/GuestLayout-D0pWnSgT.css ....... ~ 0.10ms
  2025-12-24 14:14:45 /build/assets/InputError-Cg65H59E.js ......... ~ 0.18ms
  2025-12-24 14:14:45 /build/assets/InputLabel-BEws7aVK.js ......... ~ 0.16ms
  2025-12-24 14:14:45 /build/assets/PrimaryButton-BCpEzNnw.js ...... ~ 0.10ms
  2025-12-24 14:14:45 /build/assets/TextInput-BSqhQxsP.js .......... ~ 0.09ms
  2025-12-24 14:14:45 /build/assets/ForgotPassword-2e8XCM9D.js ..... ~ 0.09ms
  2025-12-24 14:14:45 /build/assets/Login-CckwMDfA.js .............. ~ 0.09ms
  2025-12-24 14:14:45 /build/assets/Checkbox-DIrxBKG0.js ........... ~ 0.09ms
  2025-12-24 14:14:45 /build/assets/Register-C0sYwMAA.js ........... ~ 0.08ms
  2025-12-24 14:14:45 /build/assets/ResetPassword-Dkql1F8n.js ...... ~ 0.10ms
  2025-12-24 14:14:45 /build/assets/VerifyEmail-CcoWSSds.js ........ ~ 0.08ms
  2025-12-24 14:14:45 /build/assets/Index-CtY8KIY2.js .............. ~ 0.06ms
  2025-12-24 14:14:45 /build/assets/index-CBBmuDDS.js .............. ~ 0.08ms
  2025-12-24 14:14:45 /build/assets/Show-BlEJbvn8.js ............... ~ 0.12ms
  2025-12-24 14:14:45 /build/assets/Show-BI6oj0NI.css .............. ~ 0.12ms
  2025-12-24 14:14:45 /build/assets/Allowance-AnzSr_mY.js .......... ~ 0.16ms
  2025-12-24 14:14:45 /build/assets/BlogCategories-BBoBMiy0.js ..... ~ 0.13ms
  2025-12-24 14:14:45 /build/assets/Deduction-BHSTkXRq.js .......... ~ 0.08ms
  2025-12-24 14:14:45 /build/assets/Divisions-ELoO_NZv.js .......... ~ 0.09ms
  2025-12-24 14:14:45 /build/assets/EmploymentStatuses-CgF1FZDl.js . ~ 0.08ms
  2025-12-24 14:14:45 /build/assets/EmploymentTypes-CP4O-VwB.js .... ~ 0.08ms
  2025-12-24 14:14:45 /build/assets/Genders-DO9oye-L.js ............ ~ 0.09ms
  2025-12-24 14:14:45 /build/assets/Honorifics-ChiN2_8R.js ......... ~ 0.08ms
  2025-12-24 14:14:45 /build/assets/Income-DQuwuCIW.js ............. ~ 0.07ms
  2025-12-24 14:14:45 /build/assets/Index-BofAhEWE.js .............. ~ 0.09ms
  2025-12-24 14:14:45 /build/assets/Index-hOtiuyDQ.css ............. ~ 0.08ms
  2025-12-24 14:14:45 /build/assets/JobTitles-BjMOfTzz.js .......... ~ 0.11ms
  2025-12-24 14:14:45 /build/assets/QualificationTypes-CtRYPonY.js . ~ 0.09ms
  2025-12-24 14:14:45 /build/assets/Relationships-vBt0RQoA.js ...... ~ 0.08ms
  2025-12-24 14:14:45 /build/assets/Religions-BFM8LZ77.js .......... ~ 0.09ms
  2025-12-24 14:14:45 /build/assets/SalaryGrade-tnhBHc8n.js ........ ~ 0.09ms
  2025-12-24 14:14:45 /build/assets/SalaryScale-CpL7Wd78.js ........ ~ 0.08ms
  2025-12-24 14:14:45 /build/assets/Streams-CjI3qmZ3.js ............ ~ 0.08ms
  2025-12-24 14:14:45 /build/assets/Subjects-BNY4EVr5.js ........... ~ 0.09ms
  2025-12-24 14:14:45 /build/assets/TeacherTitles-8qsoGhLX.js ...... ~ 0.09ms
  2025-12-24 14:14:45 /build/assets/Dashboard-DQRQ5cm3.js .......... ~ 0.07ms
  2025-12-24 14:14:45 /build/assets/GreetingCard-iDEKjbuM.js ....... ~ 0.10ms
  2025-12-24 14:14:45 /build/assets/GreetingCard-d-HuJ_xn.css ...... ~ 0.08ms
  2025-12-24 14:14:45 /build/assets/AssignClasses-Dkpws7NZ.js ...... ~ 0.08ms
  2025-12-24 14:14:45 /build/assets/index-CwwetGfI.js .............. ~ 0.08ms
  2025-12-24 14:14:45 /build/assets/AssignClasses-DNa1Zu07.css ..... ~ 0.07ms
  2025-12-24 14:14:45 /build/assets/AssignSubjects-CIPhyMO4.js ..... ~ 0.09ms
  2025-12-24 14:14:45 /build/assets/Edit-uFB2R5oC.js ............... ~ 0.07ms
  2025-12-24 14:14:45 /build/assets/Edit-BY4eCtR7.css .............. ~ 0.08ms
  2025-12-24 14:14:45 /build/assets/EmergencyContactAccordion-D6GVPKdk.js  ~ 0.08ms
  2025-12-24 14:14:45 /build/assets/EmployeeDataAccordion-Qt-NHZPb.js  ~ 0.08ms
  2025-12-24 14:14:45 /build/assets/Index-Dr0jSjuV.js .............. ~ 0.06ms
  2025-12-24 14:14:45 /build/assets/Modal-VGDe72wy.js .............. ~ 0.07ms
  2025-12-24 14:14:45 /build/assets/Dropdown-B9DYNlIt.js ........... ~ 0.07ms
  2025-12-24 14:14:45 /build/assets/Index-CCa_qaaw.css ............. ~ 0.08ms
  2025-12-24 14:14:45 /build/assets/Index-xSpY2VjN.js .............. ~ 0.08ms
  2025-12-24 14:14:45 /build/assets/Index-gehn0z9Y.css ............. ~ 0.14ms
  2025-12-24 14:14:45 /build/assets/QualificationDetailAccordion-D9sRCm84.js  ~ 0.08ms
  2025-12-24 14:14:45 /build/assets/Show-DrziLiN6.js ............... ~ 0.06ms
  2025-12-24 14:14:45 /build/assets/Create-D3TSngnk.js ............. ~ 0.06ms
  2025-12-24 14:14:45 /build/assets/Create-Kc1s9BP_.css ............ ~ 0.06ms
  2025-12-24 14:14:45 /build/assets/Edit-CCIlcGEh.js ............... ~ 0.09ms
  2025-12-24 14:14:45 /build/assets/Edit-BXvpM3JB.css .............. ~ 0.08ms
  2025-12-24 14:14:45 /build/assets/Index-Bm-SqTRM.js .............. ~ 0.08ms
  2025-12-24 14:14:45 /build/assets/Show-DsTt5M3a.js ............... ~ 0.27ms
  2025-12-24 14:14:45 /build/assets/Show-BcbfK-aJ.css .............. ~ 0.08ms
  2025-12-24 14:14:45 /build/assets/WorkHistoryAccordion-Bknmu-AH.js  ~ 0.08ms
  2025-12-24 14:14:45 /build/assets/FeeBalance-DLny0bFl.js ......... ~ 0.08ms
  2025-12-24 14:14:45 /build/assets/FeeBalance-VxAQu3JP.css ........ ~ 0.08ms
  2025-12-24 14:14:45 /build/assets/FeeReport-DpX6gtN0.js .......... ~ 0.08ms
  2025-12-24 14:14:45 /build/assets/FeeReport-B4ZB0Hw_.css ......... ~ 0.07ms
  2025-12-24 14:14:45 /build/assets/Create-DdZIld5F.js ............. ~ 0.07ms
  2025-12-24 14:14:45 /build/assets/Create-v8Xhr7wC.css ............ ~ 0.07ms
  2025-12-24 14:14:45 /build/assets/Edit-78_OCsCK.js ............... ~ 0.10ms
  2025-12-24 14:14:45 /build/assets/Edit-BHrrC4kE.css .............. ~ 0.08ms
  2025-12-24 14:14:45 /build/assets/Index-SsNWqPnj.js .............. ~ 0.07ms
  2025-12-24 14:14:45 /build/assets/Index-B3zSWBtC.css ............. ~ 0.07ms
  2025-12-24 14:14:45 /build/assets/Index-BwQdVoH5.js .............. ~ 0.08ms
  2025-12-24 14:14:45 /build/assets/Index-Doodeb1f.css ............. ~ 0.08ms
  2025-12-24 14:14:45 /build/assets/PaymentHistory-Cauk8c3b.js ..... ~ 0.09ms
  2025-12-24 14:14:45 /build/assets/PaymentHistory-BJycJNMh.css .... ~ 0.13ms
  2025-12-24 14:14:45 /build/assets/Reports-CiEQ_nHH.js ............ ~ 0.07ms
  2025-12-24 14:14:45 /build/assets/chart-BR_H7_9u.js .............. ~ 0.09ms
  2025-12-24 14:14:45 /build/assets/Overview-Bdp5BCiJ.js ........... ~ 0.06ms
  2025-12-24 14:14:45 /build/assets/TransferFunds-DIHta9TY.js ...... ~ 0.07ms
  2025-12-24 14:14:45 /build/assets/TransferFunds-CH4O_5Wh.css ..... ~ 0.08ms
  2025-12-24 14:14:45 /build/assets/TransferHistory-BDB18jkS.js .... ~ 0.07ms
  2025-12-24 14:14:45 /build/assets/TransferHistory-Cpner_fp.css ... ~ 0.07ms
  2025-12-24 14:14:45 /build/assets/VerifyPayment-DHPs6nX7.js ...... ~ 0.07ms
  2025-12-24 14:14:45 /build/assets/VerifyPayment-DoPr7nd5.css ..... ~ 0.07ms
  2025-12-24 14:14:45 /build/assets/Index-CQbJvAOY.js .............. ~ 0.07ms
  2025-12-24 14:14:45 /build/assets/Create-C4vHRvZf.js ............. ~ 0.08ms
  2025-12-24 14:14:45 /build/assets/Index-BzIqKcky.js .............. ~ 0.07ms
  2025-12-24 14:14:45 /build/assets/Index-DJ5YxZ5W.js .............. ~ 0.08ms
  2025-12-24 14:14:45 /build/assets/Assignments-9dqu3vHI.js ........ ~ 0.09ms
  2025-12-24 14:14:45 /build/assets/Assignments-B_bXy2g9.css ....... ~ 0.07ms
  2025-12-24 14:14:45 /build/assets/Classes-DttRkI2t.js ............ ~ 0.07ms
  2025-12-24 14:14:45 /build/assets/Classes-BCvb2enR.css ........... ~ 0.07ms
  2025-12-24 14:14:45 /build/assets/Materials-Qbo0P9QL.js .......... ~ 0.07ms
  2025-12-24 14:14:45 /build/assets/Materials-Bs5Ck8T8.css ......... ~ 0.10ms
  2025-12-24 14:14:45 /build/assets/Index-C1YJS1LP.js .............. ~ 0.08ms
  2025-12-24 14:14:45 /build/assets/AllStaff-CRjDXTrr.js ........... ~ 0.07ms
  2025-12-24 14:14:45 /build/assets/AllStudents-BdujtY_5.js ........ ~ 0.07ms
  2025-12-24 14:14:45 /build/assets/Index-WzQbU86q.js .............. ~ 0.07ms
  2025-12-24 14:14:45 /build/assets/index-DHXAGmwn.css ............. ~ 0.06ms
  2025-12-24 14:14:45 /build/assets/StaffAttendance-Btj9j6mA.js .... ~ 0.07ms
  2025-12-24 14:14:45 /build/assets/Index-BKC-NwOM.js .............. ~ 0.08ms
  2025-12-24 14:14:45 /build/assets/AcademicYears-CUJNjGSE.js ...... ~ 0.06ms
  2025-12-24 14:14:45 /build/assets/Create-DOAzi5JG.js ............. ~ 0.10ms
  2025-12-24 14:14:45 /build/assets/Create-D_Ye6YXb.css ............ ~ 0.08ms
  2025-12-24 14:14:45 /build/assets/Index-BruUZ_ef.js .............. ~ 0.07ms
  2025-12-24 14:14:45 /build/assets/Create-DSKHl8hw.js ............. ~ 0.07ms
  2025-12-24 14:14:45 /build/assets/Create-DR2cA3oS.css ............ ~ 0.07ms
  2025-12-24 14:14:45 /build/assets/Edit-RdJATL5o.js ............... ~ 0.07ms
  2025-12-24 14:14:45 /build/assets/Edit-Ub3hKOBS.css .............. ~ 0.07ms
  2025-12-24 14:14:45 /build/assets/Index-6vQafBVg.js .............. ~ 0.08ms
  2025-12-24 14:14:45 /build/assets/Index-CyoEYGUx.css ............. ~ 0.07ms
  2025-12-24 14:14:45 /build/assets/Show-DEF32fJZ.js ............... ~ 0.07ms
  2025-12-24 14:14:45 /build/assets/Show-DbmSmPI5.css .............. ~ 0.07ms
  2025-12-24 14:14:45 /build/assets/Index-Bth0PZKU.js .............. ~ 0.07ms
  2025-12-24 14:14:45 /build/assets/Index-Bmq05Fjm.js .............. ~ 0.08ms
  2025-12-24 14:14:45 /build/assets/Index-DSFIAx3y.js .............. ~ 0.07ms
  2025-12-24 14:14:45 /build/assets/Blogs-zfIHQsw2.js .............. ~ 0.09ms
  2025-12-24 14:14:45 /build/assets/Editor-Gk2xx0kL.js ............. ~ 0.08ms
  2025-12-24 14:14:45 /build/assets/Editor-DCiBGPfP.css ............ ~ 0.07ms
  2025-12-24 14:14:45 /build/assets/Careers-o_QDlNNp.js ............ ~ 0.07ms
  2025-12-24 14:14:45 /build/assets/Index-ZBy0Yp0p.js .............. ~ 0.06ms
  2025-12-24 14:14:45 /build/assets/Index-DJ9xZC-1.css ............. ~ 0.07ms
  2025-12-24 14:14:45 /build/assets/Buttons-BWJN9zp1.js ............ ~ 0.10ms
  2025-12-24 14:14:45 /build/assets/Buttons-DHNf4XXu.css ........... ~ 0.05ms
  2025-12-24 14:14:46 /build/assets/Colors-Yz8863dD.js ............. ~ 0.09ms
  2025-12-24 14:14:46 /build/assets/Index-BItwxOEf.js .............. ~ 0.10ms
  2025-12-24 14:14:46 /build/assets/Index-CEPBEXi6.css ............. ~ 0.10ms
  2025-12-24 14:14:46 /build/assets/Index-D4JoYn6E.js .............. ~ 0.10ms
  2025-12-24 14:14:46 /build/assets/Index-DNQcik9G.js .............. ~ 0.09ms
  2025-12-24 14:14:46 /build/assets/Create-DmnAudtA.js ............. ~ 0.09ms
  2025-12-24 14:14:46 /build/assets/Create-Co4pdLcW.css ............ ~ 0.08ms
  2025-12-24 14:14:46 /build/assets/Edit-Bdj4idWr.js ............... ~ 0.06ms
  2025-12-24 14:14:46 /build/assets/Edit-CQCm6wpr.css .............. ~ 0.07ms
  2025-12-24 14:14:46 /build/assets/Index-Bwqf1xp6.js .............. ~ 0.11ms
  2025-12-24 14:14:46 /build/assets/ManagePageSections-DABQw4IX.js . ~ 0.07ms
  2025-12-24 14:14:46 /build/assets/ManagePageSections-Bn7DDJFs.css  ~ 0.07ms
  2025-12-24 14:14:46 /build/assets/Index-CljuMQJc.js .............. ~ 0.06ms
  2025-12-24 14:14:46 /build/assets/Login-BeE5GWHL.js .............. ~ 0.07ms
  2025-12-24 14:14:46 /build/assets/Dashboard-BGorFSqM.js .......... ~ 0.06ms
  2025-12-24 14:14:46 /build/assets/AssignClasses-DTbtLx7z.js ...... ~ 0.05ms
  2025-12-24 14:14:46 /build/assets/AssignClasses-BpmGkGfR.css ..... ~ 0.07ms
  2025-12-24 14:14:46 /build/assets/Index-DdHD69K6.js .............. ~ 0.06ms
  2025-12-24 14:14:46 /build/assets/Functions-DBdvPDQ4.js .......... ~ 0.05ms
  2025-12-24 14:14:46 /build/assets/MarkAttendance-hmNdKigW.js ..... ~ 0.06ms
  2025-12-24 14:14:46 /build/assets/Report-C2_P7LAN.js ............. ~ 0.09ms
  2025-12-24 14:14:46 /build/assets/Login-ewSuVe01.js .............. ~ 0.07ms
  2025-12-24 14:14:46 /build/assets/Login-BBD4QppN.css ............. ~ 0.08ms
  2025-12-24 14:14:46 /build/assets/Dashboard-BqgpvpYU.js .......... ~ 0.07ms
  2025-12-24 14:14:46 /build/assets/Dashboard-DMZbz74x.css ......... ~ 0.06ms
  2025-12-24 14:14:46 /build/assets/EnterMarks-B6O3ScuJ.js ......... ~ 0.06ms
  2025-12-24 14:14:46 /build/assets/EnterMarks-DwL5Vpbu.css ........ ~ 0.06ms
  2025-12-24 14:14:46 /build/assets/SubmittedMarks-JopySILO.js ..... ~ 0.06ms
  2025-12-24 14:14:46 /build/assets/SubmittedMarks-CTHh4nKk.css .... ~ 0.07ms
  2025-12-24 14:14:46 /build/assets/Index-L0O__ibO.js .............. ~ 0.07ms
  2025-12-24 14:14:46 /build/assets/Index-bfWcpLwP.css ............. ~ 0.07ms
  2025-12-24 14:14:46 /build/assets/EmergencyContacts-DkQMIilR.js .. ~ 0.06ms
  2025-12-24 14:14:46 /build/assets/EmployeeDetails-BRAJtab7.js .... ~ 0.06ms
  2025-12-24 14:14:46 /build/assets/Qualifications-JdUZ1Y2l.js ..... ~ 0.07ms
  2025-12-24 14:14:46 /build/assets/UpdatePassword-CsHC2Vsq.js ..... ~ 0.06ms
  2025-12-24 14:14:46 /build/assets/UpdatePassword-BJM0g8p3.css .... ~ 0.06ms
  2025-12-24 14:14:46 /build/assets/WorkHistories-1yCDn27Z.js ...... ~ 0.05ms
  2025-12-24 14:14:46 /build/assets/Index-D7aLNnKB.js .............. ~ 0.05ms
  2025-12-24 14:14:46 /build/assets/Index-C2y-pRbf.css ............. ~ 0.05ms
  2025-12-24 14:14:46 /build/assets/Index-C8ZvNm3X.js .............. ~ 0.12ms
  2025-12-24 14:14:46 /build/assets/Index-CqV9O6rm.js .............. ~ 0.06ms
  2025-12-24 14:14:46 /build/assets/ApprovalQueue-DjkQOH9c.js ...... ~ 0.08ms
  2025-12-24 14:14:46 /build/assets/ApprovalQueue-D2DnOygN.css ..... ~ 0.07ms
  2025-12-24 14:14:46 /build/assets/Index-BMUjmxO5.js .............. ~ 0.07ms
  2025-12-24 14:14:46 /build/assets/Index-BWAxV6fd.js .............. ~ 0.07ms
  2025-12-24 14:14:46 /build/assets/PayrollAdjustment-w52ohH0U.js .. ~ 0.05ms
  2025-12-24 14:14:46 /build/assets/iziToast-BIp82V41.js ........... ~ 0.05ms
  2025-12-24 14:14:46 /build/assets/PayrollAdjustmentAllowance-ChqMzg-P.js  ~ 0.05ms
  2025-12-24 14:14:46 /build/assets/PayrollAdjustmentDeduction-BSQP_4vk.js  ~ 0.05ms
  2025-12-24 14:14:46 /build/assets/PayrollDetails-NRQSXGiv.js ..... ~ 0.05ms
  2025-12-24 14:14:46 /build/assets/PayrollRun-DGE_SQwO.js ......... ~ 0.05ms
  2025-12-24 14:14:46 /build/assets/Edit-BIWwFE8A.js ............... ~ 0.05ms
  2025-12-24 14:14:46 /build/assets/SecondaryButton-D0wqnYTu.js .... ~ 0.06ms
  2025-12-24 14:14:46 /build/assets/Index-DK4mOFU-.js .............. ~ 0.06ms
  2025-12-24 14:14:46 /build/assets/DeleteUserForm-7h0EnQZ-.js ..... ~ 0.09ms
  2025-12-24 14:14:46 /build/assets/UpdatePasswordForm-idx7RxAi.js . ~ 0.05ms
  2025-12-24 14:14:46 /build/assets/UpdateProfileInformationForm--t4-Ff3T.js  ~ 0.05ms
  2025-12-24 14:14:46 /build/assets/Index-Bpa5Goj-.js .............. ~ 0.05ms
  2025-12-24 14:14:46 /build/assets/Index-DW4sdL-x.css ............. ~ 0.09ms
  2025-12-24 14:14:46 /build/assets/Success-CwW6MrJr.js ............ ~ 0.07ms
  2025-12-24 14:14:46 /build/assets/Success-r-hqeCiF.css ........... ~ 0.05ms
  2025-12-24 14:14:46 /build/assets/Track-KtToCfIh.js .............. ~ 0.05ms
  2025-12-24 14:14:46 /build/assets/Track-L7omozRj.css ............. ~ 0.05ms
  2025-12-24 14:14:46 /build/assets/TrackingForm-CWW7uiy_.js ....... ~ 0.09ms
  2025-12-24 14:14:46 /build/assets/TrackingForm-BbDMoIBK.css ...... ~ 0.05ms
  2025-12-24 14:14:46 /build/assets/Index-BmB5Me6q.js .............. ~ 0.05ms
  2025-12-24 14:14:46 /build/assets/StudentLayout-DeWCi8ah.js ...... ~ 0.05ms
  2025-12-24 14:14:46 /build/assets/StudentLayout-OSj59oVD.css ..... ~ 0.06ms
  2025-12-24 14:14:46 /build/assets/ChangePassword-DhqDUCK6.js ..... ~ 0.07ms
  2025-12-24 14:14:46 /build/assets/Dashboard-R7RHscxn.js .......... ~ 0.05ms
  2025-12-24 14:14:46 /build/assets/Dashboard-XybeFVte.css ......... ~ 0.05ms
  2025-12-24 14:14:46 /build/assets/Index-DACEiP3D.js .............. ~ 0.06ms
  2025-12-24 14:14:46 /build/assets/Index-BBVaKK-U.js .............. ~ 0.09ms
  2025-12-24 14:14:46 /build/assets/Edit-DZwQa8lr.js ............... ~ 0.05ms
  2025-12-24 14:14:46 /build/assets/Edit-C4P7t_N1.css .............. ~ 0.08ms
  2025-12-24 14:14:46 /build/assets/Index-8n8dVnDp.js .............. ~ 0.07ms
  2025-12-24 14:14:46 /build/assets/Show-CmuWAzfp.js ............... ~ 0.07ms
  2025-12-24 14:14:46 /build/assets/MyTimetable-_JhMnYBH.js ........ ~ 0.07ms
  2025-12-24 14:14:46 /build/assets/MyTimetable-DKnYbDuK.css ....... ~ 0.07ms
  2025-12-24 14:14:46 /build/assets/Generate-D8zE8hPl.js ........... ~ 0.06ms
  2025-12-24 14:14:46 /build/assets/Constraints-DXnqT5MK.js ........ ~ 0.06ms
  2025-12-24 14:14:46 /build/assets/Constraints-BZS0SRTT.css ....... ~ 0.40ms
  2025-12-24 14:14:46 /build/assets/Periods-D_cAUaGO.js ............ ~ 0.21ms
  2025-12-24 14:14:46 /build/assets/SubjectAllocation-CtXno2fv.js .. ~ 0.14ms
  2025-12-24 14:14:46 /build/assets/SubjectAllocation-LlDamDcb.css . ~ 0.10ms
  2025-12-24 14:14:46 /build/assets/ClassTimetable-DajfBan3.js ..... ~ 0.10ms
  2025-12-24 14:14:46 /build/assets/TeacherTimetable-jfrqOuml.js ... ~ 0.10ms
  2025-12-24 14:14:46 /build/assets/Welcome-BqzGGm-l.js ............ ~ 0.16ms
  2025-12-24 14:14:46 /build/assets/DefaultLayout-DkCF503b.js ...... ~ 0.16ms
  2025-12-24 14:14:46 /build/assets/DefaultLayout-UfeXBpZ5.css ..... ~ 0.11ms
  2025-12-24 14:14:46 /build/assets/Pagination-CPg9MUtv.js ......... ~ 0.13ms
  2025-12-24 14:14:46 /build/assets/Pagination-BbeKvaSo.css ........ ~ 0.10ms
  2025-12-24 14:14:46 /build/assets/lodash-BHPZINTD.js ............. ~ 0.12ms
  2025-12-24 14:14:46 /build/assets/Footer-CQ6aXKC4.js ............. ~ 0.10ms
  2025-12-24 14:14:46 /build/assets/Footer-DJf3l1MC.css ............ ~ 0.10ms
  2025-12-24 14:19:04 /login ....................................... ~ 0.27ms
  2025-12-24 14:19:04 /build/assets/app-DJu6VaGe.css ............... ~ 0.11ms
  2025-12-24 14:19:04 /build/assets/app-BFwkEv0t.css ............... ~ 0.10ms
  2025-12-24 14:19:04 /build/assets/app-3p9IbrSw.js ................ ~ 0.10ms
  2025-12-24 14:19:04 /build/assets/Login-BsouAvi_.js .............. ~ 0.20ms
  2025-12-24 14:19:04 /build/assets/Checkbox-Q6o7KdZE.js ........... ~ 0.10ms
  2025-12-24 14:19:04 /build/assets/GuestLayout-t-t3cz5f.js ........ ~ 0.09ms
  2025-12-24 14:19:04 /build/assets/GuestLayout-D0pWnSgT.css ....... ~ 0.13ms
  2025-12-24 14:19:04 /favicon.ico ................................. ~ 0.34ms
  2025-12-24 14:19:04 /images/ecobiz_logo_new.jpeg ................. ~ 0.15ms
  2025-12-24 14:19:04 /build/assets/PublicSans-Regular-CcK-bgQZ.ttf  ~ 0.14ms
  2025-12-24 14:19:04 /build/assets/boxicons-CeGEncwm.woff2 ........ ~ 0.13ms
  2025-12-24 14:19:04 /build/assets/PublicSans-Medium-DOt0zBLs.ttf . ~ 0.32ms
  2025-12-24 14:19:04 /build/assets/OnlineApplications-DLn4maf4.js . ~ 0.12ms
  2025-12-24 14:19:04 /build/assets/OnlineApplications-CZwoTwJe.css  ~ 0.10ms
  2025-12-24 14:19:04 /build/assets/Index-Dxk1KuIJ.js .............. ~ 0.10ms
  2025-12-24 14:19:04 /build/assets/Report-wbNqZfiP.js ............. ~ 0.09ms
  2025-12-24 14:19:04 /build/assets/debounce-ztEKoYlz.js ........... ~ 0.12ms
  2025-12-24 14:19:04 /build/assets/ConfirmPassword-swVJ09c0.js .... ~ 0.10ms
  2025-12-24 14:19:04 /build/assets/GuestLayout-t-t3cz5f.js ........ ~ 0.11ms
  2025-12-24 14:19:04 /build/assets/GuestLayout-D0pWnSgT.css ....... ~ 0.10ms
  2025-12-24 14:19:04 /build/assets/InputError-D0IB4o1W.js ......... ~ 0.12ms
  2025-12-24 14:19:04 /build/assets/InputLabel-aM10qw3t.js ......... ~ 0.09ms
  2025-12-24 14:19:04 /build/assets/PrimaryButton-D81nnbAI.js ...... ~ 0.09ms
  2025-12-24 14:19:04 /build/assets/TextInput-Dy9RilK2.js .......... ~ 0.09ms
  2025-12-24 14:19:04 /build/assets/ForgotPassword-DY9yQXOq.js ..... ~ 0.10ms
  2025-12-24 14:19:04 /build/assets/Login-BVPhzQy-.js .............. ~ 0.10ms
  2025-12-24 14:19:04 /build/assets/Checkbox-Q6o7KdZE.js ........... ~ 0.16ms
  2025-12-24 14:19:04 /build/assets/Register-CDDMrLnx.js ........... ~ 0.41ms
  2025-12-24 14:19:04 /build/assets/ResetPassword-0YmyNPvV.js ...... ~ 0.08ms
  2025-12-24 14:19:04 /build/assets/VerifyEmail-DQ-EUeDk.js ........ ~ 0.08ms
  2025-12-24 14:19:04 /build/assets/Index-CUwk67HN.js .............. ~ 0.10ms
  2025-12-24 14:19:04 /build/assets/SchoolCalendar-BLJWNs20.js ..... ~ 0.10ms
  2025-12-24 14:19:04 /build/assets/SchoolCalendar-qEf1aTuN.css .... ~ 0.10ms
  2025-12-24 14:19:04 /build/assets/Index-B7RsDJ5C.js .............. ~ 0.11ms
  2025-12-24 14:19:04 /build/assets/index-CZ0RVh6D.js .............. ~ 0.16ms
  2025-12-24 14:19:04 /build/assets/Show-CriJ8GuP.js ............... ~ 0.16ms
  2025-12-24 14:19:04 /build/assets/Show-BI6oj0NI.css .............. ~ 0.09ms
  2025-12-24 14:19:04 /build/assets/Allowance-DVJ9wLUh.js .......... ~ 0.09ms
  2025-12-24 14:19:04 /build/assets/BlogCategories-Cd_QpUv9.js ..... ~ 0.09ms
  2025-12-24 14:19:04 /build/assets/Deduction-7av2atz3.js .......... ~ 0.09ms
  2025-12-24 14:19:04 /build/assets/Divisions-22S4yAcL.js .......... ~ 0.09ms
  2025-12-24 14:19:04 /build/assets/EmploymentStatuses-C2R_rFCT.js . ~ 0.09ms
  2025-12-24 14:19:04 /build/assets/EmploymentTypes-D2sLnpMM.js .... ~ 0.09ms
  2025-12-24 14:19:04 /build/assets/Genders-DVRNT6W5.js ............ ~ 0.09ms
  2025-12-24 14:19:04 /build/assets/Honorifics-DBZxYga4.js ......... ~ 0.11ms
  2025-12-24 14:19:04 /build/assets/Income-CqGHqWHw.js ............. ~ 0.11ms
  2025-12-24 14:19:04 /build/assets/Index-BwUWyI5J.js .............. ~ 0.07ms
  2025-12-24 14:19:04 /build/assets/Index-hOtiuyDQ.css ............. ~ 0.07ms
  2025-12-24 14:19:04 /build/assets/JobTitles-Bk7kqow5.js .......... ~ 0.12ms
  2025-12-24 14:19:04 /build/assets/QualificationTypes-CR7nrFUF.js . ~ 0.11ms
  2025-12-24 14:19:04 /build/assets/Relationships-BzfwaXtn.js ...... ~ 0.14ms
  2025-12-24 14:19:04 /build/assets/Religions-BEsEIgxh.js .......... ~ 0.12ms
  2025-12-24 14:19:04 /build/assets/SalaryGrade-By0SjU8x.js ........ ~ 0.12ms
  2025-12-24 14:19:04 /build/assets/SalaryScale-DE_rug0i.js ........ ~ 0.08ms
  2025-12-24 14:19:04 /build/assets/Streams-CrWqxcS2.js ............ ~ 0.08ms
  2025-12-24 14:19:04 /build/assets/Subjects-D4xA9IFa.js ........... ~ 0.06ms
  2025-12-24 14:19:04 /build/assets/TeacherTitles-CBsyWWBt.js ...... ~ 0.07ms
  2025-12-24 14:19:04 /build/assets/Dashboard-BIVnQyi3.js .......... ~ 0.13ms
  2025-12-24 14:19:04 /build/assets/GreetingCard-BhGH5XD-.js ....... ~ 0.07ms
  2025-12-24 14:19:04 /build/assets/GreetingCard-d-HuJ_xn.css ...... ~ 0.06ms
  2025-12-24 14:19:04 /build/assets/AssignClasses-Cpv7BOhm.js ...... ~ 0.07ms
  2025-12-24 14:19:04 /build/assets/index-B_nwR8kJ.js .............. ~ 0.10ms
  2025-12-24 14:19:04 /build/assets/AssignClasses-DNa1Zu07.css ..... ~ 0.08ms
  2025-12-24 14:19:04 /build/assets/AssignSubjects-D13rwTLn.js ..... ~ 0.09ms
  2025-12-24 14:19:04 /build/assets/Edit-BIfWIeKj.js ............... ~ 0.06ms
  2025-12-24 14:19:04 /build/assets/Edit-BY4eCtR7.css .............. ~ 0.13ms
  2025-12-24 14:19:04 /build/assets/EmergencyContactAccordion-ByUaTXjz.js  ~ 0.11ms
  2025-12-24 14:19:04 /build/assets/EmployeeDataAccordion-UHDTfBA6.js  ~ 0.10ms
  2025-12-24 14:19:05 /build/assets/Index-ZLlGdE97.js .............. ~ 0.08ms
  2025-12-24 14:19:05 /build/assets/Modal-CM1C3Fet.js .............. ~ 0.07ms
  2025-12-24 14:19:05 /build/assets/Dropdown-AF3vqvT1.js ........... ~ 0.06ms
  2025-12-24 14:19:05 /build/assets/Index-CCa_qaaw.css ............. ~ 0.08ms
  2025-12-24 14:19:05 /build/assets/Index-zhfh_egt.js .............. ~ 0.08ms
  2025-12-24 14:19:05 /build/assets/Index-gehn0z9Y.css ............. ~ 0.13ms
  2025-12-24 14:19:05 /build/assets/QualificationDetailAccordion-B_U4Wp70.js  ~ 0.08ms
  2025-12-24 14:19:05 /build/assets/Show-Epo51oki.js ............... ~ 0.07ms
  2025-12-24 14:19:05 /build/assets/Create-DDlA_6Um.js ............. ~ 0.07ms
  2025-12-24 14:19:05 /build/assets/Create-Kc1s9BP_.css ............ ~ 0.07ms
  2025-12-24 14:19:05 /build/assets/Edit-ojSE7k5A.js ............... ~ 0.06ms
  2025-12-24 14:19:05 /build/assets/Edit-BXvpM3JB.css .............. ~ 0.11ms
  2025-12-24 14:19:05 /build/assets/Index-CsCh0u7R.js .............. ~ 0.08ms
  2025-12-24 14:19:05 /build/assets/Show-Dt6SMZad.js ............... ~ 0.08ms
  2025-12-24 14:19:05 /build/assets/Show-BcbfK-aJ.css .............. ~ 0.09ms
  2025-12-24 14:19:05 /build/assets/WorkHistoryAccordion-DfEITtkY.js  ~ 0.07ms
  2025-12-24 14:19:05 /build/assets/FeeBalance-xUdkvpHK.js ......... ~ 0.07ms
  2025-12-24 14:19:05 /build/assets/FeeBalance-VxAQu3JP.css ........ ~ 0.07ms
  2025-12-24 14:19:05 /build/assets/FeeReport-C-_aCpOI.js .......... ~ 0.05ms
  2025-12-24 14:19:05 /build/assets/FeeReport-8VCRTbjL.css ......... ~ 0.05ms
  2025-12-24 14:19:05 /build/assets/Create-G7Gcwxxz.js ............. ~ 0.08ms
  2025-12-24 14:19:05 /build/assets/Create-v8Xhr7wC.css ............ ~ 0.06ms
  2025-12-24 14:19:05 /build/assets/Edit-BEXwY1b2.js ............... ~ 0.07ms
  2025-12-24 14:19:05 /build/assets/Edit-BHrrC4kE.css .............. ~ 0.07ms
  2025-12-24 14:19:05 /build/assets/Index-BXddAVh_.js .............. ~ 0.06ms
  2025-12-24 14:19:05 /build/assets/Index-B3zSWBtC.css ............. ~ 0.08ms
  2025-12-24 14:19:05 /build/assets/Index-BJTNLov5.js .............. ~ 0.08ms
  2025-12-24 14:19:05 /build/assets/Index-Doodeb1f.css ............. ~ 0.05ms
  2025-12-24 14:19:05 /build/assets/PaymentHistory-CbBTbp5I.js ..... ~ 0.09ms
  2025-12-24 14:19:05 /build/assets/PaymentHistory-BJycJNMh.css .... ~ 0.07ms
  2025-12-24 14:19:05 /build/assets/Reports-Bw8IyF_m.js ............ ~ 0.07ms
  2025-12-24 14:19:05 /build/assets/chart-BR_H7_9u.js .............. ~ 0.10ms
  2025-12-24 14:19:05 /build/assets/CollectionReport-BBeCteiR.js ... ~ 0.08ms
  2025-12-24 14:19:05 /build/assets/CollectionReport-DYb6BmdP.css .. ~ 0.07ms
  2025-12-24 14:19:05 /build/assets/Overview-ATUtsEzq.js ........... ~ 0.07ms
  2025-12-24 14:19:05 /build/assets/TransferFunds-CzWUGAVO.js ...... ~ 0.07ms
  2025-12-24 14:19:05 /build/assets/TransferFunds-CH4O_5Wh.css ..... ~ 0.07ms
  2025-12-24 14:19:05 /build/assets/TransferHistory-BPXs1g4z.js .... ~ 0.07ms
  2025-12-24 14:19:05 /build/assets/TransferHistory-Cpner_fp.css ... ~ 0.07ms
  2025-12-24 14:19:05 /build/assets/VerifyPayment-Pm4Jmt1a.js ...... ~ 0.07ms
  2025-12-24 14:19:05 /build/assets/VerifyPayment-DoPr7nd5.css ..... ~ 0.07ms
  2025-12-24 14:19:05 /build/assets/Index-lEigYZhj.js .............. ~ 0.07ms
  2025-12-24 14:19:05 /build/assets/Create-Cc-kRd-c.js ............. ~ 0.08ms
  2025-12-24 14:19:05 /build/assets/Index-Bdm51wiK.js .............. ~ 0.07ms
  2025-12-24 14:19:05 /build/assets/Index-BbxUGQAT.js .............. ~ 0.08ms
  2025-12-24 14:19:05 /build/assets/Assignments-BKKJmq9A.js ........ ~ 0.08ms
  2025-12-24 14:19:05 /build/assets/Assignments-E-S82EKF.css ....... ~ 0.09ms
  2025-12-24 14:19:05 /build/assets/Classes-SN6VUGkW.js ............ ~ 0.05ms
  2025-12-24 14:19:05 /build/assets/Classes-fTwbkkVc.css ........... ~ 0.05ms
  2025-12-24 14:19:05 /build/assets/Materials-BPXkvaG5.js .......... ~ 0.07ms
  2025-12-24 14:19:05 /build/assets/Materials-C0tM08BT.css ......... ~ 0.07ms
  2025-12-24 14:19:05 /build/assets/Submissions-DWObq2E9.js ........ ~ 0.07ms
  2025-12-24 14:19:05 /build/assets/Submissions-tVJZ77wn.css ....... ~ 0.09ms
  2025-12-24 14:19:05 /build/assets/Index-fzRA60W2.js .............. ~ 0.05ms
  2025-12-24 14:19:05 /build/assets/AllStaff-DxCTVLkP.js ........... ~ 0.08ms
  2025-12-24 14:19:05 /build/assets/AllStudents-DWfaNZHE.js ........ ~ 0.09ms
  2025-12-24 14:19:05 /build/assets/Index-BBFlhIOc.js .............. ~ 0.06ms
  2025-12-24 14:19:05 /build/assets/index-DHXAGmwn.css ............. ~ 0.06ms
  2025-12-24 14:19:05 /build/assets/StaffAttendance-LrSqYuBL.js .... ~ 0.06ms
  2025-12-24 14:19:05 /build/assets/Index-BIZxSx5n.js .............. ~ 0.07ms
  2025-12-24 14:19:05 /build/assets/AcademicYears-SYL-MWq8.js ...... ~ 0.06ms
  2025-12-24 14:19:05 /build/assets/Create-4IoYWLea.js ............. ~ 0.05ms
  2025-12-24 14:19:05 /build/assets/Create-DCBl5WcC.css ............ ~ 0.05ms
  2025-12-24 14:19:05 /build/assets/Index-DMUklbrZ.js .............. ~ 0.05ms
  2025-12-24 14:19:05 /build/assets/Create-Dze2B7QZ.js ............. ~ 0.05ms
  2025-12-24 14:19:05 /build/assets/Create-CWlJcrMT.css ............ ~ 0.07ms
  2025-12-24 14:19:05 /build/assets/Edit-Dzo1jDUY.js ............... ~ 0.07ms
  2025-12-24 14:19:05 /build/assets/Edit-ujsFgBVD.css .............. ~ 0.07ms
  2025-12-24 14:19:05 /build/assets/Index-BvDQHeud.js .............. ~ 0.07ms
  2025-12-24 14:19:05 /build/assets/Index-CyoEYGUx.css ............. ~ 0.06ms
  2025-12-24 14:19:05 /build/assets/Show-BhUrTyGG.js ............... ~ 0.08ms
  2025-12-24 14:19:05 /build/assets/Show-Bq3C96w7.css .............. ~ 0.08ms
  2025-12-24 14:19:05 /build/assets/Index-Cn6sb3J0.js .............. ~ 0.06ms
  2025-12-24 14:19:05 /build/assets/Index-DqT2i0uN.js .............. ~ 0.06ms
  2025-12-24 14:19:05 /build/assets/Index-B6XLck2E.js .............. ~ 0.06ms
  2025-12-24 14:19:05 /build/assets/Blogs-VnRdc-DI.js .............. ~ 0.06ms
  2025-12-24 14:19:05 /build/assets/Editor-BnGOHZ1W.js ............. ~ 0.06ms
  2025-12-24 14:19:05 /build/assets/Editor-DCiBGPfP.css ............ ~ 0.06ms
  2025-12-24 14:19:05 /build/assets/Careers-zWTzFM9O.js ............ ~ 0.07ms
  2025-12-24 14:19:05 /build/assets/Index-6lmI_gdn.js .............. ~ 0.06ms
  2025-12-24 14:19:05 /build/assets/Index-DJ9xZC-1.css ............. ~ 0.06ms
  2025-12-24 14:19:05 /build/assets/Buttons-CBW0ZduU.js ............ ~ 0.05ms
  2025-12-24 14:19:05 /build/assets/Buttons-DHNf4XXu.css ........... ~ 0.06ms
  2025-12-24 14:19:05 /build/assets/Colors-BDaddzRT.js ............. ~ 0.05ms
  2025-12-24 14:19:05 /build/assets/Index-BNvZxWqK.js .............. ~ 0.05ms
  2025-12-24 14:19:05 /build/assets/Index-CEPBEXi6.css ............. ~ 0.09ms
  2025-12-24 14:19:05 /build/assets/Index-Eic9Qw-i.js .............. ~ 0.07ms
  2025-12-24 14:19:05 /build/assets/Index-tW2593XN.js .............. ~ 0.07ms
  2025-12-24 14:19:05 /build/assets/Create-C6MLnNLp.js ............. ~ 0.09ms
  2025-12-24 14:19:05 /build/assets/Create-Co4pdLcW.css ............ ~ 0.07ms
  2025-12-24 14:19:05 /build/assets/Edit-Au0qn5s9.js ............... ~ 0.09ms
  2025-12-24 14:19:05 /build/assets/Edit-CQCm6wpr.css .............. ~ 0.10ms
  2025-12-24 14:19:05 /build/assets/Index-BpChfjrF.js .............. ~ 0.08ms
  2025-12-24 14:19:05 /build/assets/ManagePageSections-BA7MREZf.js . ~ 0.08ms
  2025-12-24 14:19:05 /build/assets/ManagePageSections-Bn7DDJFs.css  ~ 0.07ms
  2025-12-24 14:19:05 /build/assets/Index-CQrz5n6g.js .............. ~ 0.07ms
  2025-12-24 14:19:05 /build/assets/Login-BsouAvi_.js .............. ~ 0.07ms
  2025-12-24 14:19:05 /build/assets/Dashboard-DFZnAPAg.js .......... ~ 0.08ms
  2025-12-24 14:19:05 /build/assets/AssignClasses-Dj72eAsJ.js ...... ~ 0.07ms
  2025-12-24 14:19:05 /build/assets/AssignClasses-BpmGkGfR.css ..... ~ 0.06ms
  2025-12-24 14:19:05 /build/assets/Index-CRgGYpLN.js .............. ~ 0.06ms
  2025-12-24 14:19:05 /build/assets/Functions-DBdvPDQ4.js .......... ~ 0.07ms
  2025-12-24 14:19:05 /build/assets/MarkAttendance-DXbDs0Dh.js ..... ~ 0.07ms
  2025-12-24 14:19:05 /build/assets/Report-BY3yIDsw.js ............. ~ 0.06ms
  2025-12-24 14:19:05 /build/assets/Login-DlyKfesn.js .............. ~ 0.06ms
  2025-12-24 14:19:05 /build/assets/Login-BGh1ybDt.css ............. ~ 0.06ms
  2025-12-24 14:19:05 /build/assets/Index-BK7BpvUO.js .............. ~ 0.07ms
  2025-12-24 14:19:05 /build/assets/Dashboard-CP90CRMX.js .......... ~ 0.07ms
  2025-12-24 14:19:05 /build/assets/Dashboard-DMZbz74x.css ......... ~ 0.07ms
  2025-12-24 14:19:05 /build/assets/EnterMarks-CWXbeQQt.js ......... ~ 0.06ms
  2025-12-24 14:19:05 /build/assets/EnterMarks-DwL5Vpbu.css ........ ~ 0.08ms
  2025-12-24 14:19:05 /build/assets/SubmittedMarks-B_gYrYJa.js ..... ~ 0.06ms
  2025-12-24 14:19:05 /build/assets/SubmittedMarks-CTHh4nKk.css .... ~ 0.09ms
  2025-12-24 14:19:05 /build/assets/Index-BlGgLVmR.js .............. ~ 0.09ms
  2025-12-24 14:19:05 /build/assets/Index-bfWcpLwP.css ............. ~ 0.09ms
  2025-12-24 14:19:05 /build/assets/EmergencyContacts-3W9khPVE.js .. ~ 0.07ms
  2025-12-24 14:19:05 /build/assets/EmployeeDetails-DFKvlIlI.js .... ~ 0.08ms
  2025-12-24 14:19:05 /build/assets/Qualifications-qs0NrrHG.js ..... ~ 0.05ms
  2025-12-24 14:19:05 /build/assets/UpdatePassword-C86LunJB.js ..... ~ 0.05ms
  2025-12-24 14:19:05 /build/assets/UpdatePassword-BJM0g8p3.css .... ~ 0.05ms
  2025-12-24 14:19:05 /build/assets/WorkHistories-CX6kwdEy.js ...... ~ 0.05ms
  2025-12-24 14:19:05 /build/assets/Index-DaLPPdkO.js .............. ~ 0.05ms
  2025-12-24 14:19:05 /build/assets/Index-C2y-pRbf.css ............. ~ 0.10ms
  2025-12-24 14:19:05 /build/assets/Index-BwCrjRt1.js .............. ~ 0.05ms
  2025-12-24 14:19:05 /build/assets/Index-C7mhiufx.js .............. ~ 0.07ms
  2025-12-24 14:19:05 /build/assets/ApprovalQueue-CxrAfoi-.js ...... ~ 0.05ms
  2025-12-24 14:19:05 /build/assets/ApprovalQueue-D2DnOygN.css ..... ~ 0.08ms
  2025-12-24 14:19:05 /build/assets/Index-BVKZjlwY.js .............. ~ 0.07ms
  2025-12-24 14:19:05 /build/assets/Index-Ir9s6WvY.js .............. ~ 0.07ms
  2025-12-24 14:19:05 /build/assets/PayrollAdjustment-CtGKRNrB.js .. ~ 0.07ms
  2025-12-24 14:19:05 /build/assets/iziToast-qdiB8AtH.js ........... ~ 0.06ms
  2025-12-24 14:19:05 /build/assets/PayrollAdjustmentAllowance-CJ1u9mhz.js  ~ 0.07ms
  2025-12-24 14:19:05 /build/assets/PayrollAdjustmentDeduction-DvY8dnX_.js  ~ 0.06ms
  2025-12-24 14:19:05 /build/assets/PayrollDetails-B846s3Nw.js ..... ~ 0.08ms
  2025-12-24 14:19:05 /build/assets/PayrollRun-B09CUWB2.js ......... ~ 0.10ms
  2025-12-24 14:19:05 /build/assets/Edit-BjWMWbiS.js ............... ~ 0.09ms
  2025-12-24 14:19:05 /build/assets/SecondaryButton-CK5sgsnc.js .... ~ 0.10ms
  2025-12-24 14:19:05 /build/assets/Index-BYxtHhwq.js .............. ~ 0.09ms
  2025-12-24 14:19:05 /build/assets/DeleteUserForm-DGwVIkRd.js ..... ~ 0.10ms
  2025-12-24 14:19:05 /build/assets/UpdatePasswordForm-Dvy8xTm1.js . ~ 0.09ms
  2025-12-24 14:19:05 /build/assets/UpdateProfileInformationForm-DwWJzNFR.js  ~ 0.05ms
  2025-12-24 14:19:05 /build/assets/Index-BgC0LfA2.js .............. ~ 0.07ms
  2025-12-24 14:19:05 /build/assets/Index-Bdx268IB.css ............. ~ 0.09ms
  2025-12-24 14:19:05 /build/assets/Success-B9ziYLvP.js ............ ~ 0.08ms
  2025-12-24 14:19:05 /build/assets/Success-r-hqeCiF.css ........... ~ 0.10ms
  2025-12-24 14:19:05 /build/assets/Track-BvxZumyO.js .............. ~ 0.09ms
  2025-12-24 14:19:05 /build/assets/Track-L7omozRj.css ............. ~ 0.09ms
  2025-12-24 14:19:05 /build/assets/TrackingForm-7mqcFuNk.js ....... ~ 0.06ms
  2025-12-24 14:19:05 /build/assets/TrackingForm-BbDMoIBK.css ...... ~ 0.12ms
  2025-12-24 14:19:05 /build/assets/Index-lu9WYoTw.js .............. ~ 0.05ms
  2025-12-24 14:19:05 /build/assets/StudentLayout-Dn2HOe8e.js ...... ~ 0.06ms
  2025-12-24 14:19:05 /build/assets/StudentLayout-OSj59oVD.css ..... ~ 0.05ms
  2025-12-24 14:19:05 /build/assets/ChangePassword-CEwTw-qd.js ..... ~ 0.06ms
  2025-12-24 14:19:05 /build/assets/Index-WHq-ca_o.js .............. ~ 0.06ms
  2025-12-24 14:19:05 /build/assets/Dashboard-XlFgKpZD.js .......... ~ 0.07ms
  2025-12-24 14:19:05 /build/assets/Dashboard-XybeFVte.css ......... ~ 0.07ms
  2025-12-24 14:19:05 /build/assets/Index-C8NLNkcT.js .............. ~ 0.07ms
  2025-12-24 14:19:05 /build/assets/Assignments-DXnEW7NA.js ........ ~ 0.49ms
  2025-12-24 14:19:05 /build/assets/Assignments-BdxcnUAt.css ....... ~ 0.22ms
  2025-12-24 14:19:05 /build/assets/Classes-OYzn4trQ.js ............ ~ 0.20ms
  2025-12-24 14:19:05 /build/assets/Classes-CYXZVLji.css ........... ~ 0.20ms
  2025-12-24 14:19:05 /build/assets/Dashboard-D8YswoaU.js .......... ~ 0.20ms
  2025-12-24 14:19:05 /build/assets/Dashboard-Df8LdpHi.css ......... ~ 0.19ms
  2025-12-24 14:19:05 /build/assets/Materials-Cth8U4Mk.js .......... ~ 0.19ms
  2025-12-24 14:19:05 /build/assets/Materials-D_KfWPSc.css ......... ~ 0.27ms
  2025-12-24 14:19:05 /build/assets/Index-CJuHVwob.js .............. ~ 0.26ms
  2025-12-24 14:19:05 /build/assets/Edit-BAS3jqAt.js ............... ~ 0.31ms
  2025-12-24 14:19:05 /build/assets/Edit-C4P7t_N1.css .............. ~ 0.28ms
  2025-12-24 14:19:05 /build/assets/Index-Dn2Igzod.js .............. ~ 0.31ms
  2025-12-24 14:19:05 /build/assets/Show-DaHMP53H.js ............... ~ 0.31ms
  2025-12-24 14:19:05 /build/assets/MyTimetable-BL0WkyCG.js ........ ~ 0.28ms
  2025-12-24 14:19:05 /build/assets/MyTimetable-DCklv2Sq.css ....... ~ 0.31ms
  2025-12-24 14:19:05 /build/assets/Generate-BmQWbKBe.js ........... ~ 0.27ms
  2025-12-24 14:19:05 /build/assets/Constraints-CIxfl3Qa.js ........ ~ 0.23ms
  2025-12-24 14:19:05 /build/assets/Constraints-BZS0SRTT.css ....... ~ 0.20ms
  2025-12-24 14:19:05 /build/assets/Periods-B0PBYqIH.js ............ ~ 0.13ms
  2025-12-24 14:19:05 /build/assets/SubjectAllocation-BJHeH9zS.js .. ~ 0.13ms
  2025-12-24 14:19:05 /build/assets/SubjectAllocation-LlDamDcb.css . ~ 0.12ms
  2025-12-24 14:19:05 /build/assets/ClassTimetable-CUnydocC.js ..... ~ 0.12ms
  2025-12-24 14:19:05 /build/assets/ClassTimetable-DKnYbDuK.css .... ~ 0.13ms
  2025-12-24 14:19:05 /build/assets/TeacherTimetable-Bd3dy4ty.js ... ~ 0.12ms
  2025-12-24 14:19:05 /build/assets/Welcome-C81KmxP7.js ............ ~ 0.12ms
  2025-12-24 14:19:05 /build/assets/DefaultLayout-Dx8SeQ-p.js ...... ~ 0.12ms
  2025-12-24 14:19:05 /build/assets/DefaultLayout-UfeXBpZ5.css ..... ~ 0.09ms
  2025-12-24 14:19:05 /build/assets/Pagination-ChGY0Kl8.js ......... ~ 0.09ms
  2025-12-24 14:19:05 /build/assets/Pagination-BbeKvaSo.css ........ ~ 0.14ms
  2025-12-24 14:19:05 /build/assets/lodash-9f4Sb_Cg.js ............. ~ 0.12ms
  2025-12-24 14:19:05 /build/assets/Footer-lw5Hi4aR.js ............. ~ 0.17ms
  2025-12-24 14:19:05 /build/assets/Footer-Dp49msI0.css ............ ~ 0.16ms
  2025-12-24 14:19:08 .................................................. ~ 5s
  2025-12-24 14:20:50 /login ....................................... ~ 0.62ms
  2025-12-24 14:20:50 /build/assets/app-DJu6VaGe.css ............... ~ 0.47ms
  2025-12-24 14:20:50 /build/assets/app-BFwkEv0t.css ............... ~ 0.56ms
  2025-12-24 14:20:50 /build/assets/app-3p9IbrSw.js ................ ~ 0.24ms
  2025-12-24 14:20:50 /build/assets/Login-BsouAvi_.js .............. ~ 0.40ms
  2025-12-24 14:20:50 /build/assets/Checkbox-Q6o7KdZE.js ........... ~ 0.20ms
  2025-12-24 14:20:50 /build/assets/GuestLayout-t-t3cz5f.js ........ ~ 0.13ms
  2025-12-24 14:20:50 /build/assets/GuestLayout-D0pWnSgT.css ....... ~ 0.13ms
  2025-12-24 14:20:50 /favicon.ico ................................. ~ 0.15ms
  2025-12-24 14:20:50 /images/ecobiz_logo_new.jpeg ................. ~ 0.16ms
  2025-12-24 14:20:50 /build/assets/PublicSans-Regular-CcK-bgQZ.ttf  ~ 0.34ms
  2025-12-24 14:20:50 /build/assets/boxicons-CeGEncwm.woff2 ........ ~ 0.14ms
  2025-12-24 14:20:50 /build/assets/PublicSans-Medium-DOt0zBLs.ttf . ~ 0.10ms
  2025-12-24 14:20:51 /build/assets/OnlineApplications-DLn4maf4.js . ~ 0.11ms
  2025-12-24 14:20:51 /build/assets/OnlineApplications-CZwoTwJe.css  ~ 0.19ms
  2025-12-24 14:20:51 /build/assets/Index-Dxk1KuIJ.js .............. ~ 0.27ms
  2025-12-24 14:20:51 /build/assets/Report-wbNqZfiP.js ............. ~ 0.26ms
  2025-12-24 14:20:51 /build/assets/debounce-ztEKoYlz.js ........... ~ 0.23ms
  2025-12-24 14:20:51 /build/assets/ConfirmPassword-swVJ09c0.js .... ~ 0.28ms
  2025-12-24 14:20:51 /build/assets/GuestLayout-t-t3cz5f.js ........ ~ 0.22ms
  2025-12-24 14:20:51 /build/assets/GuestLayout-D0pWnSgT.css ....... ~ 0.13ms
  2025-12-24 14:20:51 /build/assets/InputError-D0IB4o1W.js ......... ~ 0.10ms
  2025-12-24 14:20:51 /build/assets/InputLabel-aM10qw3t.js ......... ~ 0.10ms
  2025-12-24 14:20:51 /build/assets/PrimaryButton-D81nnbAI.js ...... ~ 0.13ms
  2025-12-24 14:20:51 /build/assets/TextInput-Dy9RilK2.js .......... ~ 0.12ms
  2025-12-24 14:20:51 /build/assets/ForgotPassword-DY9yQXOq.js ..... ~ 0.14ms
  2025-12-24 14:20:51 /build/assets/Login-BVPhzQy-.js .............. ~ 0.13ms
  2025-12-24 14:20:51 /build/assets/Checkbox-Q6o7KdZE.js ........... ~ 0.17ms
  2025-12-24 14:20:51 /build/assets/Register-CDDMrLnx.js ........... ~ 0.52ms
  2025-12-24 14:20:51 /build/assets/ResetPassword-0YmyNPvV.js ...... ~ 0.19ms
  2025-12-24 14:20:51 /build/assets/VerifyEmail-DQ-EUeDk.js ........ ~ 0.13ms
  2025-12-24 14:20:51 /build/assets/Index-CUwk67HN.js .............. ~ 0.14ms
  2025-12-24 14:20:51 /build/assets/SchoolCalendar-BLJWNs20.js ..... ~ 0.21ms
  2025-12-24 14:20:51 /build/assets/SchoolCalendar-qEf1aTuN.css .... ~ 0.17ms
  2025-12-24 14:20:51 /build/assets/Index-B7RsDJ5C.js .............. ~ 0.14ms
  2025-12-24 14:20:51 /build/assets/index-CZ0RVh6D.js .............. ~ 0.14ms
  2025-12-24 14:20:51 /build/assets/Show-CriJ8GuP.js ............... ~ 0.23ms
  2025-12-24 14:20:51 /build/assets/Show-BI6oj0NI.css .............. ~ 0.18ms
  2025-12-24 14:20:51 /build/assets/Allowance-DVJ9wLUh.js .......... ~ 0.15ms
  2025-12-24 14:20:51 /build/assets/BlogCategories-Cd_QpUv9.js ..... ~ 0.14ms
  2025-12-24 14:20:51 /build/assets/Deduction-7av2atz3.js .......... ~ 0.13ms
  2025-12-24 14:20:51 /build/assets/Divisions-22S4yAcL.js .......... ~ 0.15ms
  2025-12-24 14:20:51 /build/assets/EmploymentStatuses-C2R_rFCT.js . ~ 0.17ms
  2025-12-24 14:20:51 /build/assets/EmploymentTypes-D2sLnpMM.js .... ~ 0.14ms
  2025-12-24 14:20:51 /build/assets/Genders-DVRNT6W5.js ............ ~ 0.14ms
  2025-12-24 14:20:51 /build/assets/Honorifics-DBZxYga4.js ......... ~ 0.18ms
  2025-12-24 14:20:51 /build/assets/Income-CqGHqWHw.js ............. ~ 0.20ms
  2025-12-24 14:20:51 /build/assets/Index-BwUWyI5J.js .............. ~ 0.20ms
  2025-12-24 14:20:51 /build/assets/Index-hOtiuyDQ.css ............. ~ 0.17ms
  2025-12-24 14:20:51 /build/assets/JobTitles-Bk7kqow5.js .......... ~ 0.17ms
  2025-12-24 14:20:51 /build/assets/QualificationTypes-CR7nrFUF.js . ~ 0.14ms
  2025-12-24 14:20:51 /build/assets/Relationships-BzfwaXtn.js ...... ~ 0.14ms
  2025-12-24 14:20:51 /build/assets/Religions-BEsEIgxh.js .......... ~ 0.18ms
  2025-12-24 14:20:51 /build/assets/SalaryGrade-By0SjU8x.js ........ ~ 4.30ms
  2025-12-24 14:20:51 /build/assets/SalaryScale-DE_rug0i.js ........ ~ 0.23ms
  2025-12-24 14:20:51 /build/assets/Streams-CrWqxcS2.js ............ ~ 0.61ms
  2025-12-24 14:20:51 /build/assets/Subjects-D4xA9IFa.js ........... ~ 0.26ms
  2025-12-24 14:20:51 /build/assets/TeacherTitles-CBsyWWBt.js ...... ~ 0.24ms
  2025-12-24 14:20:51 /build/assets/Dashboard-BIVnQyi3.js .......... ~ 0.23ms
  2025-12-24 14:20:51 /build/assets/GreetingCard-BhGH5XD-.js ....... ~ 0.31ms
  2025-12-24 14:20:51 /build/assets/GreetingCard-d-HuJ_xn.css ...... ~ 0.36ms
  2025-12-24 14:20:51 /build/assets/AssignClasses-Cpv7BOhm.js ...... ~ 0.25ms
  2025-12-24 14:20:51 /build/assets/index-B_nwR8kJ.js .............. ~ 0.25ms
  2025-12-24 14:20:51 /build/assets/AssignClasses-DNa1Zu07.css ..... ~ 0.22ms
  2025-12-24 14:20:51 /build/assets/AssignSubjects-D13rwTLn.js ..... ~ 0.26ms
  2025-12-24 14:20:51 /build/assets/Edit-BIfWIeKj.js ............... ~ 0.24ms
  2025-12-24 14:20:51 /build/assets/Edit-BY4eCtR7.css .............. ~ 0.22ms
  2025-12-24 14:20:51 /build/assets/EmergencyContactAccordion-ByUaTXjz.js  ~ 0.36ms
  2025-12-24 14:20:51 /build/assets/EmployeeDataAccordion-UHDTfBA6.js  ~ 0.34ms
  2025-12-24 14:20:51 /build/assets/Index-ZLlGdE97.js .............. ~ 0.23ms
  2025-12-24 14:20:51 /build/assets/Modal-CM1C3Fet.js .............. ~ 0.23ms
  2025-12-24 14:20:51 /build/assets/Dropdown-AF3vqvT1.js ........... ~ 0.22ms
  2025-12-24 14:20:51 /build/assets/Index-CCa_qaaw.css ............. ~ 0.23ms
  2025-12-24 14:20:51 /build/assets/Index-zhfh_egt.js .............. ~ 0.33ms
  2025-12-24 14:20:51 /build/assets/Index-gehn0z9Y.css ............. ~ 0.24ms
  2025-12-24 14:20:51 /build/assets/QualificationDetailAccordion-B_U4Wp70.js  ~ 0.35ms
  2025-12-24 14:20:51 /build/assets/Show-Epo51oki.js ............... ~ 0.22ms
  2025-12-24 14:20:51 /build/assets/Create-DDlA_6Um.js ............. ~ 0.27ms
  2025-12-24 14:20:51 /build/assets/Create-Kc1s9BP_.css ............ ~ 0.19ms
  2025-12-24 14:20:51 /build/assets/Edit-ojSE7k5A.js ............... ~ 0.22ms
  2025-12-24 14:20:51 /build/assets/Edit-BXvpM3JB.css .............. ~ 0.23ms
  2025-12-24 14:20:51 /build/assets/Index-CsCh0u7R.js .............. ~ 0.13ms
  2025-12-24 14:20:51 /build/assets/Show-Dt6SMZad.js ............... ~ 0.24ms
  2025-12-24 14:20:51 /build/assets/Show-BcbfK-aJ.css .............. ~ 1.15ms
  2025-12-24 14:20:51 /build/assets/WorkHistoryAccordion-DfEITtkY.js  ~ 0.13ms
  2025-12-24 14:20:51 /build/assets/FeeBalance-xUdkvpHK.js ......... ~ 0.11ms
  2025-12-24 14:20:51 /build/assets/FeeBalance-VxAQu3JP.css ........ ~ 0.12ms
  2025-12-24 14:20:51 /build/assets/FeeReport-C-_aCpOI.js .......... ~ 0.15ms
  2025-12-24 14:20:51 /build/assets/FeeReport-8VCRTbjL.css ......... ~ 0.11ms
  2025-12-24 14:20:51 /build/assets/Create-G7Gcwxxz.js ............. ~ 0.11ms
  2025-12-24 14:20:51 /build/assets/Create-v8Xhr7wC.css ............ ~ 0.11ms
  2025-12-24 14:20:51 /build/assets/Edit-BEXwY1b2.js ............... ~ 0.13ms
  2025-12-24 14:20:51 /build/assets/Edit-BHrrC4kE.css .............. ~ 0.21ms
  2025-12-24 14:20:51 /build/assets/Index-BXddAVh_.js .............. ~ 0.20ms
  2025-12-24 14:20:51 /build/assets/Index-B3zSWBtC.css ............. ~ 0.13ms
  2025-12-24 14:20:51 /build/assets/Index-BJTNLov5.js .............. ~ 0.12ms
  2025-12-24 14:20:51 /build/assets/Index-Doodeb1f.css ............. ~ 0.12ms
  2025-12-24 14:20:51 /build/assets/PaymentHistory-CbBTbp5I.js ..... ~ 0.12ms
  2025-12-24 14:20:52 /build/assets/PaymentHistory-BJycJNMh.css .... ~ 0.11ms
  2025-12-24 14:20:52 /build/assets/Reports-Bw8IyF_m.js ............ ~ 0.11ms
  2025-12-24 14:20:52 /build/assets/chart-BR_H7_9u.js .............. ~ 0.11ms
  2025-12-24 14:20:52 /build/assets/CollectionReport-BBeCteiR.js ... ~ 0.11ms
  2025-12-24 14:20:52 /build/assets/CollectionReport-DYb6BmdP.css .. ~ 0.13ms
  2025-12-24 14:20:52 /build/assets/Overview-ATUtsEzq.js ........... ~ 0.10ms
  2025-12-24 14:20:52 /build/assets/TransferFunds-CzWUGAVO.js ...... ~ 0.14ms
  2025-12-24 14:20:52 /build/assets/TransferFunds-CH4O_5Wh.css ..... ~ 0.12ms
  2025-12-24 14:20:52 /build/assets/TransferHistory-BPXs1g4z.js .... ~ 0.18ms
  2025-12-24 14:20:52 /build/assets/TransferHistory-Cpner_fp.css ... ~ 0.16ms
  2025-12-24 14:20:52 /build/assets/VerifyPayment-Pm4Jmt1a.js ...... ~ 0.14ms
  2025-12-24 14:20:52 /build/assets/VerifyPayment-DoPr7nd5.css ..... ~ 0.10ms
  2025-12-24 14:20:52 /build/assets/Index-lEigYZhj.js .............. ~ 0.11ms
  2025-12-24 14:20:52 /build/assets/Create-Cc-kRd-c.js ............. ~ 0.12ms
  2025-12-24 14:20:52 /build/assets/Index-Bdm51wiK.js .............. ~ 0.24ms
  2025-12-24 14:20:52 /build/assets/Index-BbxUGQAT.js .............. ~ 0.41ms
  2025-12-24 14:20:52 /build/assets/Assignments-BKKJmq9A.js ........ ~ 0.16ms
  2025-12-24 14:20:52 /build/assets/Assignments-E-S82EKF.css ....... ~ 0.17ms
  2025-12-24 14:20:52 /build/assets/Classes-SN6VUGkW.js ............ ~ 0.12ms
  2025-12-24 14:20:52 /build/assets/Classes-fTwbkkVc.css ........... ~ 0.11ms
  2025-12-24 14:20:52 /build/assets/Materials-BPXkvaG5.js .......... ~ 0.11ms
  2025-12-24 14:20:52 /build/assets/Materials-C0tM08BT.css ......... ~ 0.12ms
  2025-12-24 14:20:52 /build/assets/Submissions-DWObq2E9.js ........ ~ 0.12ms
  2025-12-24 14:20:52 /build/assets/Submissions-tVJZ77wn.css ....... ~ 0.12ms
  2025-12-24 14:20:52 /build/assets/Index-fzRA60W2.js .............. ~ 0.11ms
  2025-12-24 14:20:52 /build/assets/AllStaff-DxCTVLkP.js ........... ~ 0.13ms
  2025-12-24 14:20:52 /build/assets/AllStudents-DWfaNZHE.js ........ ~ 0.13ms
  2025-12-24 14:20:52 /build/assets/Index-BBFlhIOc.js .............. ~ 0.10ms
  2025-12-24 14:20:52 /build/assets/index-DHXAGmwn.css ............. ~ 0.10ms
  2025-12-24 14:20:52 /build/assets/StaffAttendance-LrSqYuBL.js .... ~ 0.14ms
  2025-12-24 14:20:52 /build/assets/Index-BIZxSx5n.js .............. ~ 0.12ms
  2025-12-24 14:20:52 /build/assets/AcademicYears-SYL-MWq8.js ...... ~ 0.11ms
  2025-12-24 14:20:52 /build/assets/Create-4IoYWLea.js ............. ~ 0.14ms
  2025-12-24 14:20:52 /build/assets/Create-DCBl5WcC.css ............ ~ 0.20ms
  2025-12-24 14:20:52 /build/assets/Index-DMUklbrZ.js .............. ~ 0.24ms
  2025-12-24 14:20:52 /build/assets/Create-Dze2B7QZ.js ............. ~ 0.13ms
  2025-12-24 14:20:52 /build/assets/Create-CWlJcrMT.css ............ ~ 0.11ms
  2025-12-24 14:20:52 /build/assets/Edit-Dzo1jDUY.js ............... ~ 0.11ms
  2025-12-24 14:20:52 /build/assets/Edit-ujsFgBVD.css .............. ~ 0.11ms
  2025-12-24 14:20:52 /build/assets/Index-BvDQHeud.js .............. ~ 0.11ms
  2025-12-24 14:20:52 /build/assets/Index-CyoEYGUx.css ............. ~ 0.13ms
  2025-12-24 14:20:52 /build/assets/Show-BhUrTyGG.js ............... ~ 0.11ms
  2025-12-24 14:20:52 /build/assets/Show-Bq3C96w7.css .............. ~ 0.11ms
  2025-12-24 14:20:52 /build/assets/Index-Cn6sb3J0.js .............. ~ 0.14ms
  2025-12-24 14:20:52 /build/assets/Index-DqT2i0uN.js .............. ~ 0.13ms
  2025-12-24 14:20:52 /build/assets/Index-B6XLck2E.js .............. ~ 0.11ms
  2025-12-24 14:20:52 /build/assets/Blogs-VnRdc-DI.js .............. ~ 0.11ms
  2025-12-24 14:20:52 /build/assets/Editor-BnGOHZ1W.js ............. ~ 0.11ms
  2025-12-24 14:20:52 /build/assets/Editor-DCiBGPfP.css ............ ~ 0.09ms
  2025-12-24 14:20:52 /build/assets/Careers-zWTzFM9O.js ............ ~ 0.12ms
  2025-12-24 14:20:52 /build/assets/Index-6lmI_gdn.js .............. ~ 0.20ms
  2025-12-24 14:20:52 /build/assets/Index-DJ9xZC-1.css ............. ~ 0.36ms
  2025-12-24 14:20:52 /build/assets/Buttons-CBW0ZduU.js ............ ~ 0.22ms
  2025-12-24 14:20:52 /build/assets/Buttons-DHNf4XXu.css ........... ~ 0.13ms
  2025-12-24 14:20:52 /build/assets/Colors-BDaddzRT.js ............. ~ 0.13ms
  2025-12-24 14:20:52 /build/assets/Index-BNvZxWqK.js .............. ~ 0.12ms
  2025-12-24 14:20:52 /build/assets/Index-CEPBEXi6.css ............. ~ 0.11ms
  2025-12-24 14:20:52 /build/assets/Index-Eic9Qw-i.js .............. ~ 0.12ms
  2025-12-24 14:20:52 /build/assets/Index-tW2593XN.js .............. ~ 0.11ms
  2025-12-24 14:20:52 /build/assets/Create-C6MLnNLp.js ............. ~ 0.11ms
  2025-12-24 14:20:52 /build/assets/Create-Co4pdLcW.css ............ ~ 0.20ms
  2025-12-24 14:20:52 /build/assets/Edit-Au0qn5s9.js ............... ~ 0.17ms
  2025-12-24 14:20:52 /build/assets/Edit-CQCm6wpr.css .............. ~ 0.17ms
  2025-12-24 14:20:52 /build/assets/Index-BpChfjrF.js .............. ~ 0.11ms
  2025-12-24 14:20:52 /build/assets/ManagePageSections-BA7MREZf.js . ~ 0.12ms
  2025-12-24 14:20:52 /build/assets/ManagePageSections-Bn7DDJFs.css  ~ 0.11ms
  2025-12-24 14:20:52 /build/assets/Index-CQrz5n6g.js .............. ~ 0.10ms
  2025-12-24 14:20:52 /build/assets/Login-BsouAvi_.js .............. ~ 0.19ms
  2025-12-24 14:20:52 /build/assets/Dashboard-DFZnAPAg.js .......... ~ 0.30ms
  2025-12-24 14:20:52 /build/assets/AssignClasses-Dj72eAsJ.js ...... ~ 0.23ms
  2025-12-24 14:20:52 /build/assets/AssignClasses-BpmGkGfR.css ..... ~ 0.11ms
  2025-12-24 14:20:52 /build/assets/Index-CRgGYpLN.js .............. ~ 0.11ms
  2025-12-24 14:20:52 /build/assets/Functions-DBdvPDQ4.js .......... ~ 0.10ms
  2025-12-24 14:20:52 /build/assets/MarkAttendance-DXbDs0Dh.js ..... ~ 0.10ms
  2025-12-24 14:20:52 /build/assets/Report-BY3yIDsw.js ............. ~ 0.09ms
  2025-12-24 14:20:52 /build/assets/Login-DlyKfesn.js .............. ~ 0.10ms
  2025-12-24 14:20:52 /build/assets/Login-BGh1ybDt.css ............. ~ 0.10ms
  2025-12-24 14:20:52 /build/assets/Index-BK7BpvUO.js .............. ~ 0.11ms
  2025-12-24 14:20:52 /build/assets/Dashboard-CP90CRMX.js .......... ~ 0.11ms
  2025-12-24 14:20:52 /build/assets/Dashboard-DMZbz74x.css ......... ~ 0.10ms
  2025-12-24 14:20:52 /build/assets/EnterMarks-CWXbeQQt.js ......... ~ 0.13ms
  2025-12-24 14:20:52 /build/assets/EnterMarks-DwL5Vpbu.css ........ ~ 0.11ms
  2025-12-24 14:20:52 /build/assets/SubmittedMarks-B_gYrYJa.js ..... ~ 0.09ms
  2025-12-24 14:20:52 /build/assets/SubmittedMarks-CTHh4nKk.css .... ~ 0.09ms
  2025-12-24 14:20:52 /build/assets/Index-BlGgLVmR.js .............. ~ 0.09ms
  2025-12-24 14:20:52 /build/assets/Index-bfWcpLwP.css ............. ~ 0.12ms
  2025-12-24 14:20:52 /build/assets/EmergencyContacts-3W9khPVE.js .. ~ 0.17ms
  2025-12-24 14:20:52 /build/assets/EmployeeDetails-DFKvlIlI.js .... ~ 0.15ms
  2025-12-24 14:20:52 /build/assets/Qualifications-qs0NrrHG.js ..... ~ 0.18ms
  2025-12-24 14:20:52 /build/assets/UpdatePassword-C86LunJB.js ..... ~ 0.09ms
  2025-12-24 14:20:52 /build/assets/UpdatePassword-BJM0g8p3.css .... ~ 0.10ms
  2025-12-24 14:20:52 /build/assets/WorkHistories-CX6kwdEy.js ...... ~ 0.11ms
  2025-12-24 14:20:52 /build/assets/Index-DaLPPdkO.js .............. ~ 0.08ms
  2025-12-24 14:20:52 /build/assets/Index-C2y-pRbf.css ............. ~ 0.10ms
  2025-12-24 14:20:52 /build/assets/Index-BwCrjRt1.js .............. ~ 0.09ms
  2025-12-24 14:20:52 /build/assets/Index-C7mhiufx.js .............. ~ 0.07ms
  2025-12-24 14:20:52 /build/assets/ApprovalQueue-CxrAfoi-.js ...... ~ 0.08ms
  2025-12-24 14:20:52 /build/assets/ApprovalQueue-D2DnOygN.css ..... ~ 0.08ms
  2025-12-24 14:20:52 /build/assets/Index-BVKZjlwY.js .............. ~ 0.09ms
  2025-12-24 14:20:52 /build/assets/Index-Ir9s6WvY.js .............. ~ 0.08ms
  2025-12-24 14:20:52 /build/assets/PayrollAdjustment-CtGKRNrB.js .. ~ 0.08ms
  2025-12-24 14:20:52 /build/assets/iziToast-qdiB8AtH.js ........... ~ 0.07ms
  2025-12-24 14:20:52 /build/assets/PayrollAdjustmentAllowance-CJ1u9mhz.js  ~ 0.08ms
  2025-12-24 14:20:52 /build/assets/PayrollAdjustmentDeduction-DvY8dnX_.js  ~ 0.09ms
  2025-12-24 14:20:52 /build/assets/PayrollDetails-B846s3Nw.js ..... ~ 0.08ms
  2025-12-24 14:20:52 /build/assets/PayrollRun-B09CUWB2.js ......... ~ 0.08ms
  2025-12-24 14:20:52 /build/assets/Edit-BjWMWbiS.js ............... ~ 0.08ms
  2025-12-24 14:20:52 /build/assets/SecondaryButton-CK5sgsnc.js .... ~ 0.10ms
  2025-12-24 14:20:52 /build/assets/Index-BYxtHhwq.js .............. ~ 0.07ms
  2025-12-24 14:20:52 /build/assets/DeleteUserForm-DGwVIkRd.js ..... ~ 0.08ms
  2025-12-24 14:20:52 /build/assets/UpdatePasswordForm-Dvy8xTm1.js . ~ 0.07ms
  2025-12-24 14:20:52 /build/assets/UpdateProfileInformationForm-DwWJzNFR.js  ~ 0.08ms
  2025-12-24 14:20:52 /build/assets/Index-BgC0LfA2.js .............. ~ 0.08ms
  2025-12-24 14:20:52 /build/assets/Index-Bdx268IB.css ............. ~ 0.08ms
  2025-12-24 14:20:52 /build/assets/Success-B9ziYLvP.js ............ ~ 0.11ms
  2025-12-24 14:20:52 /build/assets/Success-r-hqeCiF.css ........... ~ 0.07ms
  2025-12-24 14:20:52 /build/assets/Track-BvxZumyO.js .............. ~ 0.07ms
  2025-12-24 14:20:52 /build/assets/Track-L7omozRj.css ............. ~ 0.08ms
  2025-12-24 14:20:52 /build/assets/TrackingForm-7mqcFuNk.js ....... ~ 0.07ms
  2025-12-24 14:20:52 /build/assets/TrackingForm-BbDMoIBK.css ...... ~ 0.14ms
  2025-12-24 14:20:52 /build/assets/Index-lu9WYoTw.js .............. ~ 0.15ms
  2025-12-24 14:20:52 /build/assets/StudentLayout-Dn2HOe8e.js ...... ~ 0.24ms
  2025-12-24 14:20:52 /build/assets/StudentLayout-OSj59oVD.css ..... ~ 0.08ms
  2025-12-24 14:20:52 /build/assets/ChangePassword-CEwTw-qd.js ..... ~ 0.07ms
  2025-12-24 14:20:52 /build/assets/Index-WHq-ca_o.js .............. ~ 0.07ms
  2025-12-24 14:20:52 /build/assets/Dashboard-XlFgKpZD.js .......... ~ 0.09ms
  2025-12-24 14:20:52 /build/assets/Dashboard-XybeFVte.css ......... ~ 0.07ms
  2025-12-24 14:20:52 /build/assets/Index-C8NLNkcT.js .............. ~ 0.10ms
  2025-12-24 14:20:52 /build/assets/Assignments-DXnEW7NA.js ........ ~ 0.09ms
  2025-12-24 14:20:52 /build/assets/Assignments-BdxcnUAt.css ....... ~ 0.07ms
  2025-12-24 14:20:52 /build/assets/Classes-OYzn4trQ.js ............ ~ 0.07ms
  2025-12-24 14:20:52 /build/assets/Classes-CYXZVLji.css ........... ~ 0.08ms
  2025-12-24 14:20:52 /build/assets/Dashboard-D8YswoaU.js .......... ~ 0.07ms
  2025-12-24 14:20:52 /build/assets/Dashboard-Df8LdpHi.css ......... ~ 0.07ms
  2025-12-24 14:20:52 /build/assets/Materials-Cth8U4Mk.js .......... ~ 0.07ms
  2025-12-24 14:20:52 /build/assets/Materials-D_KfWPSc.css ......... ~ 0.07ms
  2025-12-24 14:20:52 /build/assets/Index-CJuHVwob.js .............. ~ 0.07ms
  2025-12-24 14:20:52 /build/assets/Edit-BAS3jqAt.js ............... ~ 0.07ms
  2025-12-24 14:20:52 /build/assets/Edit-C4P7t_N1.css .............. ~ 0.06ms
  2025-12-24 14:20:52 /build/assets/Index-Dn2Igzod.js .............. ~ 0.07ms
  2025-12-24 14:20:52 /build/assets/Show-DaHMP53H.js ............... ~ 0.08ms
  2025-12-24 14:20:52 /build/assets/MyTimetable-BL0WkyCG.js ........ ~ 0.08ms
  2025-12-24 14:20:52 /build/assets/MyTimetable-DCklv2Sq.css ....... ~ 0.08ms
  2025-12-24 14:20:52 /build/assets/Generate-BmQWbKBe.js ........... ~ 0.07ms
  2025-12-24 14:20:52 /build/assets/Constraints-CIxfl3Qa.js ........ ~ 0.06ms
  2025-12-24 14:20:52 /build/assets/Constraints-BZS0SRTT.css ....... ~ 0.06ms
  2025-12-24 14:20:52 /build/assets/Periods-B0PBYqIH.js ............ ~ 0.08ms
  2025-12-24 14:20:52 /build/assets/SubjectAllocation-BJHeH9zS.js .. ~ 0.08ms
  2025-12-24 14:20:52 /build/assets/SubjectAllocation-LlDamDcb.css . ~ 0.06ms
  2025-12-24 14:20:52 /build/assets/ClassTimetable-CUnydocC.js ..... ~ 0.07ms
  2025-12-24 14:20:52 /build/assets/ClassTimetable-DKnYbDuK.css .... ~ 0.06ms
  2025-12-24 14:20:52 /build/assets/TeacherTimetable-Bd3dy4ty.js ... ~ 0.06ms
  2025-12-24 14:20:52 /build/assets/Welcome-C81KmxP7.js ............ ~ 0.07ms
  2025-12-24 14:20:52 /build/assets/DefaultLayout-Dx8SeQ-p.js ...... ~ 0.11ms
  2025-12-24 14:20:52 /build/assets/DefaultLayout-UfeXBpZ5.css ..... ~ 0.09ms
  2025-12-24 14:20:52 /build/assets/Pagination-ChGY0Kl8.js ......... ~ 0.13ms
  2025-12-24 14:20:52 /build/assets/Pagination-BbeKvaSo.css ........ ~ 0.16ms
  2025-12-24 14:20:52 /build/assets/lodash-9f4Sb_Cg.js ............. ~ 0.22ms
  2025-12-24 14:20:52 /build/assets/Footer-lw5Hi4aR.js ............. ~ 0.14ms
  2025-12-24 14:20:52 /build/assets/Footer-Dp49msI0.css ............ ~ 0.15ms
  2025-12-24 14:21:43 /login ....................................... ~ 0.38ms
  2025-12-24 14:21:43 /build/assets/app-DJu6VaGe.css ............... ~ 0.29ms
  2025-12-24 14:21:43 /build/assets/app-BFwkEv0t.css ............... ~ 0.33ms
  2025-12-24 14:21:43 /build/assets/app-BDAFcEl3.js ................ ~ 0.28ms
  2025-12-24 14:21:43 /build/assets/Login-Bd2wJ0qy.js .............. ~ 0.33ms
  2025-12-24 14:21:43 /build/assets/Checkbox-CLtF5J-t.js ........... ~ 0.10ms
  2025-12-24 14:21:43 /build/assets/GuestLayout-DzQTs6D3.js ........ ~ 0.10ms
  2025-12-24 14:21:43 /build/assets/GuestLayout-D0pWnSgT.css ....... ~ 0.09ms
  2025-12-24 14:21:43 /favicon.ico ................................. ~ 0.09ms
  2025-12-24 14:21:43 /images/ecobiz_logo_new.jpeg ................. ~ 0.12ms
  2025-12-24 14:21:43 /build/assets/PublicSans-Regular-CcK-bgQZ.ttf  ~ 0.09ms
  2025-12-24 14:21:43 /build/assets/boxicons-CeGEncwm.woff2 ........ ~ 0.10ms
  2025-12-24 14:21:43 /build/assets/PublicSans-Medium-DOt0zBLs.ttf . ~ 0.08ms
  2025-12-24 14:21:43 /build/assets/OnlineApplications-Blp9K-MA.js . ~ 0.08ms
  2025-12-24 14:21:43 /build/assets/OnlineApplications-CZwoTwJe.css  ~ 0.08ms
  2025-12-24 14:21:43 /build/assets/Index-DV64HQgp.js .............. ~ 0.11ms
  2025-12-24 14:21:43 /build/assets/Report-Ch-6DOld.js ............. ~ 0.08ms
  2025-12-24 14:21:43 /build/assets/debounce-DVMSBxt0.js ........... ~ 0.10ms
  2025-12-24 14:21:43 /build/assets/ConfirmPassword-DosiyY7D.js .... ~ 0.09ms
  2025-12-24 14:21:43 /build/assets/GuestLayout-DzQTs6D3.js ........ ~ 0.08ms
  2025-12-24 14:21:43 /build/assets/GuestLayout-D0pWnSgT.css ....... ~ 0.08ms
  2025-12-24 14:21:43 /build/assets/InputError-CFPN-ucx.js ......... ~ 0.06ms
  2025-12-24 14:21:43 /build/assets/InputLabel-DOEIp3ZD.js ......... ~ 0.07ms
  2025-12-24 14:21:43 /build/assets/PrimaryButton-C6LzQwPp.js ...... ~ 0.07ms
  2025-12-24 14:21:43 /build/assets/TextInput-fkbz4oH6.js .......... ~ 0.09ms
  2025-12-24 14:21:43 /build/assets/ForgotPassword-nlKfHY7H.js ..... ~ 0.09ms
  2025-12-24 14:21:43 /build/assets/Login-B2-7AAF4.js .............. ~ 0.15ms
  2025-12-24 14:21:43 /build/assets/Checkbox-CLtF5J-t.js ........... ~ 0.24ms
  2025-12-24 14:21:43 /build/assets/Register-DgHZ0_wr.js ........... ~ 0.24ms
  2025-12-24 14:21:43 /build/assets/ResetPassword-27NOAYA4.js ...... ~ 0.18ms
  2025-12-24 14:21:43 /build/assets/VerifyEmail-BrN5kh9x.js ........ ~ 0.08ms
  2025-12-24 14:21:43 /build/assets/Index-Da2UAXVA.js .............. ~ 0.09ms
  2025-12-24 14:21:43 /build/assets/SchoolCalendar-C8PI2_44.js ..... ~ 0.10ms
  2025-12-24 14:21:43 /build/assets/SchoolCalendar-qEf1aTuN.css .... ~ 0.10ms
  2025-12-24 14:21:43 /build/assets/Index-gPb3yPa6.js .............. ~ 0.09ms
  2025-12-24 14:21:43 /build/assets/index-Cc5MtuIn.js .............. ~ 0.12ms
  2025-12-24 14:21:43 /build/assets/Show-CnH_N-E2.js ............... ~ 0.07ms
  2025-12-24 14:21:43 /build/assets/Show-BI6oj0NI.css .............. ~ 0.07ms
  2025-12-24 14:21:43 /build/assets/Allowance-CyF7ZrbF.js .......... ~ 0.07ms
  2025-12-24 14:21:43 /build/assets/BlogCategories-0n1YTOUl.js ..... ~ 0.07ms
  2025-12-24 14:21:43 /build/assets/Deduction-BGZpfRzO.js .......... ~ 0.07ms
  2025-12-24 14:21:43 /build/assets/Divisions-DHmzO5D7.js .......... ~ 0.07ms
  2025-12-24 14:21:43 /build/assets/EmploymentStatuses-BwhVG25m.js . ~ 0.07ms
  2025-12-24 14:21:43 /build/assets/EmploymentTypes-BYVTcNe1.js .... ~ 0.06ms
  2025-12-24 14:21:43 /build/assets/Genders-DD4z6Ey1.js ............ ~ 0.06ms
  2025-12-24 14:21:43 /build/assets/Honorifics-CrjltvdI.js ......... ~ 0.06ms
  2025-12-24 14:21:43 /build/assets/Income-BT_AmIIF.js ............. ~ 0.06ms
  2025-12-24 14:21:43 /build/assets/Index-CoN5jouk.js .............. ~ 0.07ms
  2025-12-24 14:21:43 /build/assets/Index-hOtiuyDQ.css ............. ~ 0.06ms
  2025-12-24 14:21:43 /build/assets/JobTitles-CqISPA-R.js .......... ~ 0.12ms
  2025-12-24 14:21:43 /build/assets/QualificationTypes-DJVCldef.js . ~ 0.11ms
  2025-12-24 14:21:43 /build/assets/Relationships-BV1PEodb.js ...... ~ 0.10ms
  2025-12-24 14:21:43 /build/assets/Religions-CgKSthR6.js .......... ~ 0.09ms
  2025-12-24 14:21:43 /build/assets/SalaryGrade-Dv7a8XG8.js ........ ~ 0.07ms
  2025-12-24 14:21:43 /build/assets/SalaryScale-B_Ln--78.js ........ ~ 0.06ms
  2025-12-24 14:21:43 /build/assets/Streams-CwdhDm9K.js ............ ~ 0.06ms
  2025-12-24 14:21:43 /build/assets/Subjects-1ofmlXo7.js ........... ~ 0.08ms
  2025-12-24 14:21:43 /build/assets/TeacherTitles-CguU1O7t.js ...... ~ 0.06ms
  2025-12-24 14:21:43 /build/assets/Dashboard-JDSD27oP.js .......... ~ 0.08ms
  2025-12-24 14:21:43 /build/assets/GreetingCard-4HOpFxLx.js ....... ~ 0.11ms
  2025-12-24 14:21:43 /build/assets/GreetingCard-d-HuJ_xn.css ...... ~ 0.07ms
  2025-12-24 14:21:44 /build/assets/AssignClasses-y8ko2OFo.js ...... ~ 0.06ms
  2025-12-24 14:21:44 /build/assets/index-DYvjp59G.js .............. ~ 0.06ms
  2025-12-24 14:21:44 /build/assets/AssignClasses-DNa1Zu07.css ..... ~ 0.09ms
  2025-12-24 14:21:44 /build/assets/AssignSubjects-CKIz-Ndl.js ..... ~ 0.08ms
  2025-12-24 14:21:44 /build/assets/Edit-rDBT_-pu.js ............... ~ 0.09ms
  2025-12-24 14:21:44 /build/assets/Edit-BY4eCtR7.css .............. ~ 0.06ms
  2025-12-24 14:21:44 /build/assets/EmergencyContactAccordion-DRkZnNfC.js  ~ 0.06ms
  2025-12-24 14:21:44 /build/assets/EmployeeDataAccordion-BTwcdvHA.js  ~ 0.08ms
  2025-12-24 14:21:44 /build/assets/Index-DN5JJ3Di.js .............. ~ 0.08ms
  2025-12-24 14:21:44 /build/assets/Modal-DZsgFmMp.js .............. ~ 0.06ms
  2025-12-24 14:21:44 /build/assets/Dropdown-Cq4Yjx9c.js ........... ~ 0.07ms
  2025-12-24 14:21:44 /build/assets/Index-CCa_qaaw.css ............. ~ 0.08ms
  2025-12-24 14:21:44 /build/assets/Index-Dz0vwxvV.js .............. ~ 0.08ms
  2025-12-24 14:21:44 /build/assets/Index-gehn0z9Y.css ............. ~ 0.06ms
  2025-12-24 14:21:44 /build/assets/QualificationDetailAccordion-BBn4lO5X.js  ~ 0.13ms
  2025-12-24 14:21:44 /build/assets/Show-5NmWphwR.js ............... ~ 0.08ms
  2025-12-24 14:21:44 /build/assets/Create-DkdTd-p2.js ............. ~ 0.08ms
  2025-12-24 14:21:44 /build/assets/Create-Kc1s9BP_.css ............ ~ 0.08ms
  2025-12-24 14:21:44 /build/assets/Edit-BVZ1SwXQ.js ............... ~ 0.07ms
  2025-12-24 14:21:44 /build/assets/Edit-BXvpM3JB.css .............. ~ 0.06ms
  2025-12-24 14:21:44 /build/assets/Index-BrzTFeG5.js .............. ~ 0.08ms
  2025-12-24 14:21:44 /build/assets/Show-D8aPBA2x.js ............... ~ 0.07ms
  2025-12-24 14:21:44 /build/assets/Show-BcbfK-aJ.css .............. ~ 0.10ms
  2025-12-24 14:21:44 /build/assets/WorkHistoryAccordion-Cnij6sQr.js  ~ 0.09ms
  2025-12-24 14:21:44 /build/assets/FeeBalance-iJBalr2x.js ......... ~ 0.07ms
  2025-12-24 14:21:44 /build/assets/FeeBalance-VxAQu3JP.css ........ ~ 0.08ms
  2025-12-24 14:21:44 /build/assets/FeeReport-XyoYzI9E.js .......... ~ 0.07ms
  2025-12-24 14:21:44 /build/assets/FeeReport-8VCRTbjL.css ......... ~ 0.09ms
  2025-12-24 14:21:44 /build/assets/Create-k1LgElkZ.js ............. ~ 0.08ms
  2025-12-24 14:21:44 /build/assets/Create-v8Xhr7wC.css ............ ~ 0.11ms
  2025-12-24 14:21:44 /build/assets/Edit-D3Eet-7_.js ............... ~ 0.11ms
  2025-12-24 14:21:44 /build/assets/Edit-BHrrC4kE.css .............. ~ 0.07ms
  2025-12-24 14:21:44 /build/assets/Index-BvMGqUYq.js .............. ~ 0.07ms
  2025-12-24 14:21:44 /build/assets/Index-B3zSWBtC.css ............. ~ 0.14ms
  2025-12-24 14:21:44 /build/assets/Index-wCtbRpYI.js .............. ~ 0.10ms
  2025-12-24 14:21:44 /build/assets/Index-Doodeb1f.css ............. ~ 0.11ms
  2025-12-24 14:21:44 /build/assets/PaymentHistory-zPNe_v77.js ..... ~ 0.24ms
  2025-12-24 14:21:44 /build/assets/PaymentHistory-BJycJNMh.css .... ~ 0.08ms
  2025-12-24 14:21:44 /build/assets/Reports-OOab0UDZ.js ............ ~ 0.07ms
  2025-12-24 14:21:44 /build/assets/chart-BR_H7_9u.js .............. ~ 0.07ms
  2025-12-24 14:21:44 /build/assets/CollectionReport-CeO1Hw5v.js ... ~ 0.12ms
  2025-12-24 14:21:44 /build/assets/CollectionReport-DYb6BmdP.css .. ~ 0.08ms
  2025-12-24 14:21:44 /build/assets/Overview-DBsyZhha.js ........... ~ 0.09ms
  2025-12-24 14:21:44 /build/assets/TransferFunds-ZWO3ERDw.js ...... ~ 0.08ms
  2025-12-24 14:21:44 /build/assets/TransferFunds-CH4O_5Wh.css ..... ~ 0.09ms
  2025-12-24 14:21:44 /build/assets/TransferHistory-C5tA4p3J.js .... ~ 0.08ms
  2025-12-24 14:21:44 /build/assets/TransferHistory-Cpner_fp.css ... ~ 0.07ms
  2025-12-24 14:21:44 /build/assets/VerifyPayment-Cow5mEsl.js ...... ~ 0.11ms
  2025-12-24 14:21:44 /build/assets/VerifyPayment-DoPr7nd5.css ..... ~ 0.07ms
  2025-12-24 14:21:44 /build/assets/Index-Bm2h1w1m.js .............. ~ 0.07ms
  2025-12-24 14:21:44 /build/assets/Create-CwyVx0cR.js ............. ~ 0.06ms
  2025-12-24 14:21:44 /build/assets/Index-DH8Ii8sF.js .............. ~ 0.05ms
  2025-12-24 14:21:44 /build/assets/Index-BnTIDzU6.js .............. ~ 0.10ms
  2025-12-24 14:21:44 /build/assets/Assignments-BbZD-qrR.js ........ ~ 0.09ms
  2025-12-24 14:21:44 /build/assets/Assignments-E-S82EKF.css ....... ~ 0.07ms
  2025-12-24 14:21:44 /build/assets/Classes-BQ84e3Av.js ............ ~ 0.08ms
  2025-12-24 14:21:44 /build/assets/Classes-fTwbkkVc.css ........... ~ 0.11ms
  2025-12-24 14:21:44 /build/assets/Materials-DeD4ww5F.js .......... ~ 0.07ms
  2025-12-24 14:21:44 /build/assets/Materials-C0tM08BT.css ......... ~ 0.07ms
  2025-12-24 14:21:44 /build/assets/Submissions-CHzzWSZs.js ........ ~ 0.07ms
  2025-12-24 14:21:44 /build/assets/Submissions-tVJZ77wn.css ....... ~ 0.07ms
  2025-12-24 14:21:44 /build/assets/Index-B7WG75OQ.js .............. ~ 0.09ms
  2025-12-24 14:21:44 /build/assets/AllStaff-BLKl8xmQ.js ........... ~ 0.07ms
  2025-12-24 14:21:44 /build/assets/AllStudents-hmjEqL1v.js ........ ~ 0.05ms
  2025-12-24 14:21:44 /build/assets/Index-LXsLjQV1.js .............. ~ 0.05ms
  2025-12-24 14:21:44 /build/assets/index-DHXAGmwn.css ............. ~ 0.08ms
  2025-12-24 14:21:44 /build/assets/StaffAttendance-Cdd8yDrY.js .... ~ 0.10ms
  2025-12-24 14:21:44 /build/assets/Index-ChQiTcbU.js .............. ~ 0.06ms
  2025-12-24 14:21:44 /build/assets/AcademicYears-C5-7tMyW.js ...... ~ 0.07ms
  2025-12-24 14:21:44 /build/assets/Create-C6ExdNMX.js ............. ~ 0.06ms
  2025-12-24 14:21:44 /build/assets/Create-DCBl5WcC.css ............ ~ 0.10ms
  2025-12-24 14:21:44 /build/assets/Index-6HXgAyNO.js .............. ~ 0.06ms
  2025-12-24 14:21:44 /build/assets/Create-CQLF0O2y.js ............. ~ 0.11ms
  2025-12-24 14:21:44 /build/assets/Create-CWlJcrMT.css ............ ~ 0.07ms
  2025-12-24 14:21:44 /build/assets/Edit-RRa-jcdu.js ............... ~ 0.07ms
  2025-12-24 14:21:44 /build/assets/Edit-ujsFgBVD.css .............. ~ 0.05ms
  2025-12-24 14:21:44 /build/assets/Index-D3JcM-aZ.js .............. ~ 0.06ms
  2025-12-24 14:21:44 /build/assets/Index-CyoEYGUx.css ............. ~ 0.07ms
  2025-12-24 14:21:44 /build/assets/Show-CfOnpFlJ.js ............... ~ 0.07ms
  2025-12-24 14:21:44 /build/assets/Show-Bq3C96w7.css .............. ~ 0.07ms
  2025-12-24 14:21:44 /build/assets/Index-CHpx8NgF.js .............. ~ 0.06ms
  2025-12-24 14:21:44 /build/assets/Index-BWkYjRV7.js .............. ~ 0.08ms
  2025-12-24 14:21:44 /build/assets/Index-Bi2aojPA.js .............. ~ 0.09ms
  2025-12-24 14:21:44 /build/assets/Blogs-DB9U_KrT.js .............. ~ 0.08ms
  2025-12-24 14:21:44 /build/assets/Editor-DES6d6V7.js ............. ~ 0.06ms
  2025-12-24 14:21:44 /build/assets/Editor-DCiBGPfP.css ............ ~ 0.06ms
  2025-12-24 14:21:44 /build/assets/Careers-B6tyQTW1.js ............ ~ 0.07ms
  2025-12-24 14:21:44 /build/assets/Index-CeONzuZb.js .............. ~ 0.07ms
  2025-12-24 14:21:44 /build/assets/Index-DJ9xZC-1.css ............. ~ 0.07ms
  2025-12-24 14:21:44 /build/assets/Buttons-CTE-Tw7p.js ............ ~ 0.07ms
  2025-12-24 14:21:44 /build/assets/Buttons-DHNf4XXu.css ........... ~ 0.07ms
  2025-12-24 14:21:44 /build/assets/Colors-A4OvGWxK.js ............. ~ 0.07ms
  2025-12-24 14:21:44 /build/assets/Index-BwXS8vfD.js .............. ~ 0.07ms
  2025-12-24 14:21:44 /build/assets/Index-CEPBEXi6.css ............. ~ 0.07ms
  2025-12-24 14:21:44 /build/assets/Index-DUiIwboW.js .............. ~ 0.07ms
  2025-12-24 14:21:44 /build/assets/Index-D7Feg9p4.js .............. ~ 0.06ms
  2025-12-24 14:21:44 /build/assets/Create-DEDuPnyV.js ............. ~ 0.06ms
  2025-12-24 14:21:44 /build/assets/Create-Co4pdLcW.css ............ ~ 0.06ms
  2025-12-24 14:21:44 /build/assets/Edit-DDiiT0TL.js ............... ~ 0.06ms
  2025-12-24 14:21:44 /build/assets/Edit-CQCm6wpr.css .............. ~ 0.07ms
  2025-12-24 14:21:44 /build/assets/Index-BXZLmmxS.js .............. ~ 0.10ms
  2025-12-24 14:21:44 /build/assets/ManagePageSections-DkcaylSI.js . ~ 0.09ms
  2025-12-24 14:21:44 /build/assets/ManagePageSections-Bn7DDJFs.css  ~ 0.05ms
  2025-12-24 14:21:44 /build/assets/Index-B_GQyikf.js .............. ~ 0.05ms
  2025-12-24 14:21:44 /build/assets/Login-Bd2wJ0qy.js .............. ~ 0.05ms
  2025-12-24 14:21:44 /build/assets/Dashboard-CqeC2oDU.js .......... ~ 0.05ms
  2025-12-24 14:21:44 /build/assets/AssignClasses-CdDqhznp.js ...... ~ 0.09ms
  2025-12-24 14:21:44 /build/assets/AssignClasses-BpmGkGfR.css ..... ~ 0.06ms
  2025-12-24 14:21:44 /build/assets/Index-CtOVpePw.js .............. ~ 0.05ms
  2025-12-24 14:21:44 /build/assets/Functions-DBdvPDQ4.js .......... ~ 0.11ms
  2025-12-24 14:21:44 /build/assets/MarkAttendance-CpzlldnY.js ..... ~ 0.06ms
  2025-12-24 14:21:44 /build/assets/Report-D9GTtd5j.js ............. ~ 0.08ms
  2025-12-24 14:21:44 /build/assets/Login-27qTrEtA.js .............. ~ 0.20ms
  2025-12-24 14:21:44 /build/assets/Login-BAm3s8gT.css ............. ~ 0.07ms
  2025-12-24 14:21:44 /build/assets/Index-9RbJainm.js .............. ~ 0.07ms
  2025-12-24 14:21:44 /build/assets/Dashboard-LWYAzaGP.js .......... ~ 0.06ms
  2025-12-24 14:21:44 /build/assets/Dashboard-DMZbz74x.css ......... ~ 0.06ms
  2025-12-24 14:21:44 /build/assets/EnterMarks-D7v8pJi2.js ......... ~ 0.07ms
  2025-12-24 14:21:44 /build/assets/EnterMarks-DwL5Vpbu.css ........ ~ 0.05ms
  2025-12-24 14:21:44 /build/assets/SubmittedMarks-D3XGbXjJ.js ..... ~ 0.05ms
  2025-12-24 14:21:44 /build/assets/SubmittedMarks-CTHh4nKk.css .... ~ 0.05ms
  2025-12-24 14:21:44 /build/assets/Index-Cv_1fzNA.js .............. ~ 0.05ms
  2025-12-24 14:21:44 /build/assets/Index-bfWcpLwP.css ............. ~ 0.06ms
  2025-12-24 14:21:44 /build/assets/EmergencyContacts-C7nWFTrK.js .. ~ 0.08ms
  2025-12-24 14:21:44 /build/assets/EmployeeDetails-BOoxja-n.js .... ~ 0.06ms
  2025-12-24 14:21:44 /build/assets/Qualifications-DkUsltxw.js ..... ~ 0.07ms
  2025-12-24 14:21:44 /build/assets/UpdatePassword-BcPGNYte.js ..... ~ 0.06ms
  2025-12-24 14:21:44 /build/assets/UpdatePassword-BJM0g8p3.css .... ~ 0.06ms
  2025-12-24 14:21:44 /build/assets/WorkHistories-DvdYOAxc.js ...... ~ 0.06ms
  2025-12-24 14:21:44 /build/assets/Index-DSCf-1th.js .............. ~ 0.13ms
  2025-12-24 14:21:44 /build/assets/Index-C2y-pRbf.css ............. ~ 0.08ms
  2025-12-24 14:21:44 /build/assets/Index-Dsp3_2lM.js .............. ~ 0.07ms
  2025-12-24 14:21:44 /build/assets/Index-2GHLc9Em.js .............. ~ 0.07ms
  2025-12-24 14:21:44 /build/assets/ApprovalQueue-B8vA5juv.js ...... ~ 0.07ms
  2025-12-24 14:21:44 /build/assets/ApprovalQueue-D2DnOygN.css ..... ~ 0.08ms
  2025-12-24 14:21:44 /build/assets/Index-Bbj50o2P.js .............. ~ 0.07ms
  2025-12-24 14:21:44 /build/assets/Index-JVL3g6W8.js .............. ~ 0.07ms
  2025-12-24 14:21:44 /build/assets/PayrollAdjustment-DPMgEPVn.js .. ~ 0.07ms
  2025-12-24 14:21:44 /build/assets/iziToast-Ca2WngUr.js ........... ~ 0.07ms
  2025-12-24 14:21:44 /build/assets/PayrollAdjustmentAllowance-9NAQucvU.js  ~ 0.08ms
  2025-12-24 14:21:44 /build/assets/PayrollAdjustmentDeduction-CRfpmN3h.js  ~ 0.07ms
  2025-12-24 14:21:44 /build/assets/PayrollDetails-BQ70oH-V.js ..... ~ 0.07ms
  2025-12-24 14:21:44 /build/assets/PayrollRun-CyrL-Cqg.js ......... ~ 0.07ms
  2025-12-24 14:21:44 /build/assets/Edit-DVURS0Mi.js ............... ~ 0.07ms
  2025-12-24 14:21:44 /build/assets/SecondaryButton-2fop8qQ6.js .... ~ 0.07ms
  2025-12-24 14:21:44 /build/assets/Index-sds6SprO.js .............. ~ 0.08ms
  2025-12-24 14:21:44 /build/assets/DeleteUserForm-DMjW-0tB.js ..... ~ 0.07ms
  2025-12-24 14:21:44 /build/assets/UpdatePasswordForm-Iyqu4pXn.js . ~ 0.07ms
  2025-12-24 14:21:44 /build/assets/UpdateProfileInformationForm-DHT6pxPH.js  ~ 0.07ms
  2025-12-24 14:21:44 /build/assets/Index-DsvJ95GA.js .............. ~ 0.07ms
  2025-12-24 14:21:44 /build/assets/Index-Bdx268IB.css ............. ~ 0.07ms
  2025-12-24 14:21:44 /build/assets/Success-CZrsScZQ.js ............ ~ 0.07ms
  2025-12-24 14:21:44 /build/assets/Success-r-hqeCiF.css ........... ~ 0.07ms
  2025-12-24 14:21:44 /build/assets/Track-gR7b-VM7.js .............. ~ 0.07ms
  2025-12-24 14:21:44 /build/assets/Track-L7omozRj.css ............. ~ 0.07ms
  2025-12-24 14:21:44 /build/assets/TrackingForm-CAQacw7g.js ....... ~ 0.07ms
  2025-12-24 14:21:44 /build/assets/TrackingForm-BbDMoIBK.css ...... ~ 0.07ms
  2025-12-24 14:21:44 /build/assets/Index-B-eLVyMY.js .............. ~ 0.07ms
  2025-12-24 14:21:44 /build/assets/StudentLayout-B6SqvHR5.js ...... ~ 0.07ms
  2025-12-24 14:21:44 /build/assets/StudentLayout-OSj59oVD.css ..... ~ 0.07ms
  2025-12-24 14:21:44 /build/assets/ChangePassword-DXc_jale.js ..... ~ 0.07ms
  2025-12-24 14:21:44 /build/assets/Index-Chy0s5pL.js .............. ~ 0.07ms
  2025-12-24 14:21:44 /build/assets/Dashboard-JZDFqmoK.js .......... ~ 0.07ms
  2025-12-24 14:21:44 /build/assets/Dashboard-XybeFVte.css ......... ~ 0.07ms
  2025-12-24 14:21:44 /build/assets/Index-B0CCHRdU.js .............. ~ 0.07ms
  2025-12-24 14:21:44 /build/assets/Assignments-C_ESEFqg.js ........ ~ 0.07ms
  2025-12-24 14:21:44 /build/assets/Assignments-BdxcnUAt.css ....... ~ 0.07ms
  2025-12-24 14:21:44 /build/assets/Classes-0Eo-rLP_.js ............ ~ 0.07ms
  2025-12-24 14:21:44 /build/assets/Classes-CYXZVLji.css ........... ~ 0.08ms
  2025-12-24 14:21:44 /build/assets/Dashboard-DCrHYLvD.js .......... ~ 0.05ms
  2025-12-24 14:21:44 /build/assets/Dashboard-Df8LdpHi.css ......... ~ 0.05ms
  2025-12-24 14:21:44 /build/assets/Materials-Dh7I-0IL.js .......... ~ 0.05ms
  2025-12-24 14:21:44 /build/assets/Materials-D_KfWPSc.css ......... ~ 0.05ms
  2025-12-24 14:21:44 /build/assets/Index-DHSuEzY-.js .............. ~ 0.05ms
  2025-12-24 14:21:44 /build/assets/Edit-DGCjsi2W.js ............... ~ 0.05ms
  2025-12-24 14:21:44 /build/assets/Edit-C4P7t_N1.css .............. ~ 0.05ms
  2025-12-24 14:21:44 /build/assets/Index-DzUA52X4.js .............. ~ 0.05ms
  2025-12-24 14:21:44 /build/assets/Show-DFrxe2cE.js ............... ~ 0.05ms
  2025-12-24 14:21:44 /build/assets/MyTimetable-DXOebtG1.js ........ ~ 0.05ms
  2025-12-24 14:21:44 /build/assets/MyTimetable-DCklv2Sq.css ....... ~ 0.05ms
  2025-12-24 14:21:44 /build/assets/Generate-CWPY6bc7.js ........... ~ 0.05ms
  2025-12-24 14:21:44 /build/assets/Constraints-1GeYvCrs.js ........ ~ 0.05ms
  2025-12-24 14:21:44 /build/assets/Constraints-BZS0SRTT.css ....... ~ 0.05ms
  2025-12-24 14:21:44 /build/assets/Periods-Cpo8iyMu.js ............ ~ 0.05ms
  2025-12-24 14:21:44 /build/assets/SubjectAllocation-DD6C4Uix.js .. ~ 0.05ms
  2025-12-24 14:21:44 /build/assets/SubjectAllocation-LlDamDcb.css . ~ 0.05ms
  2025-12-24 14:21:44 /build/assets/ClassTimetable-Bl3Pw-0g.js ..... ~ 0.05ms
  2025-12-24 14:21:44 /build/assets/ClassTimetable-DKnYbDuK.css .... ~ 0.05ms
  2025-12-24 14:21:44 /build/assets/TeacherTimetable-CJM80bUA.js ... ~ 0.05ms
  2025-12-24 14:21:44 /build/assets/Welcome-Byo_PLJ6.js ............ ~ 0.05ms
  2025-12-24 14:21:44 /build/assets/DefaultLayout-BE53RfSL.js ...... ~ 0.05ms
  2025-12-24 14:21:44 /build/assets/DefaultLayout-UfeXBpZ5.css ..... ~ 0.05ms
  2025-12-24 14:21:44 /build/assets/Pagination-BgYMBiTe.js ......... ~ 0.05ms
  2025-12-24 14:21:44 /build/assets/Pagination-BbeKvaSo.css ........ ~ 0.05ms
  2025-12-24 14:21:44 /build/assets/lodash-BSVS10ZB.js ............. ~ 0.05ms
  2025-12-24 14:21:44 /build/assets/Footer-BBJoxHlv.js ............. ~ 0.05ms
  2025-12-24 14:21:44 /build/assets/Footer-Dp49msI0.css ............ ~ 0.05ms
  2025-12-24 14:23:39 .................................................. ~ 5s
  2025-12-24 14:24:07 /login ....................................... ~ 0.55ms
  2025-12-24 14:24:07 /build/assets/app-BFwkEv0t.css ............... ~ 0.35ms
  2025-12-24 14:24:07 /build/assets/app-DJu6VaGe.css ............... ~ 2.74ms
  2025-12-24 14:24:07 /build/assets/app-B-_jvbJf.js ................ ~ 0.31ms
  2025-12-24 14:24:07 /build/assets/Login-BJV2-Kvp.js .............. ~ 0.38ms
  2025-12-24 14:24:07 /build/assets/Checkbox-DXyOhUka.js ........... ~ 0.20ms
  2025-12-24 14:24:07 /build/assets/GuestLayout-ByVnlVSq.js ........ ~ 0.11ms
  2025-12-24 14:24:07 /build/assets/GuestLayout-D0pWnSgT.css ....... ~ 0.18ms
  2025-12-24 14:24:07 /favicon.ico ................................. ~ 0.11ms
  2025-12-24 14:24:07 /images/ecobiz_logo_new.jpeg ................. ~ 0.23ms
  2025-12-24 14:24:07 /build/assets/OnlineApplications-Doq_vPRX.js . ~ 0.20ms
  2025-12-24 14:24:07 /build/assets/OnlineApplications-CZwoTwJe.css  ~ 0.62ms
  2025-12-24 14:24:07 /build/assets/Index-hgRSJxhJ.js .............. ~ 0.12ms
  2025-12-24 14:24:07 /build/assets/PublicSans-Regular-CcK-bgQZ.ttf  ~ 0.11ms
  2025-12-24 14:24:07 /build/assets/boxicons-CeGEncwm.woff2 ........ ~ 0.12ms
  2025-12-24 14:24:07 /build/assets/PublicSans-Medium-DOt0zBLs.ttf . ~ 0.09ms
  2025-12-24 14:24:07 /build/assets/Report-BcqsuvP8.js ............. ~ 0.07ms
  2025-12-24 14:24:07 /build/assets/debounce-DtSLJM-X.js ........... ~ 0.10ms
  2025-12-24 14:24:07 /build/assets/ConfirmPassword-BfKgt6AS.js .... ~ 0.11ms
  2025-12-24 14:24:07 /build/assets/GuestLayout-ByVnlVSq.js ........ ~ 0.12ms
  2025-12-24 14:24:07 /build/assets/GuestLayout-D0pWnSgT.css ....... ~ 0.13ms
  2025-12-24 14:24:07 /build/assets/InputError-B3EbSb9K.js ......... ~ 0.08ms
  2025-12-24 14:24:07 /build/assets/InputLabel-BoZtS-Xy.js ......... ~ 0.12ms
  2025-12-24 14:24:07 /build/assets/PrimaryButton-Ui1tWfA0.js ...... ~ 0.18ms
  2025-12-24 14:24:07 /build/assets/TextInput-BT1j-OuW.js .......... ~ 0.19ms
  2025-12-24 14:24:07 /build/assets/ForgotPassword-CXw44fmP.js ..... ~ 0.17ms
  2025-12-24 14:24:07 /build/assets/Login-Bl94r2X9.js .............. ~ 0.10ms
  2025-12-24 14:24:07 /build/assets/Checkbox-DXyOhUka.js ........... ~ 0.10ms
  2025-12-24 14:24:07 /build/assets/Register-PY60JJ_j.js ........... ~ 0.12ms
  2025-12-24 14:24:07 /build/assets/ResetPassword-CvoCC3VJ.js ...... ~ 0.14ms
  2025-12-24 14:24:07 /build/assets/VerifyEmail-BQIYoot2.js ........ ~ 0.11ms
  2025-12-24 14:24:07 /build/assets/Index-BN8VEmK1.js .............. ~ 0.09ms
  2025-12-24 14:24:08 /build/assets/SchoolCalendar-mi-pV-Cn.js ..... ~ 0.08ms
  2025-12-24 14:24:08 /build/assets/SchoolCalendar-qEf1aTuN.css .... ~ 0.08ms
  2025-12-24 14:24:08 /build/assets/Index-Buu0rpXz.js .............. ~ 0.08ms
  2025-12-24 14:24:08 /build/assets/index-DRjSuQp3.js .............. ~ 0.10ms
  2025-12-24 14:24:08 /build/assets/Show-CDKfzrjV.js ............... ~ 0.12ms
  2025-12-24 14:24:08 /build/assets/Show-BI6oj0NI.css .............. ~ 0.12ms
  2025-12-24 14:24:08 /build/assets/Allowance-Bud-XCp9.js .......... ~ 0.14ms
  2025-12-24 14:24:08 /build/assets/BlogCategories-Dj3SCH5A.js ..... ~ 0.74ms
  2025-12-24 14:24:08 /build/assets/Deduction-CMXYeAWf.js .......... ~ 0.09ms
  2025-12-24 14:24:08 /build/assets/Divisions-gt2Wyw3_.js .......... ~ 0.09ms
  2025-12-24 14:24:08 /build/assets/EmploymentStatuses-Bmx861MV.js . ~ 0.08ms
  2025-12-24 14:24:08 /build/assets/EmploymentTypes-C9Duzgf8.js .... ~ 0.11ms
  2025-12-24 14:24:08 /build/assets/Genders-CPsCQvSR.js ............ ~ 0.07ms
  2025-12-24 14:24:08 /build/assets/Honorifics-CMAUqGKP.js ......... ~ 0.09ms
  2025-12-24 14:24:08 /build/assets/Income-BxZZzpI4.js ............. ~ 0.11ms
  2025-12-24 14:24:08 /build/assets/Index-qQkvCj94.js .............. ~ 0.14ms
  2025-12-24 14:24:08 /build/assets/Index-hOtiuyDQ.css ............. ~ 0.18ms
  2025-12-24 14:24:08 /build/assets/JobTitles-x1ztHio2.js .......... ~ 0.16ms
  2025-12-24 14:24:08 /build/assets/QualificationTypes-BDc6ewSk.js . ~ 0.12ms
  2025-12-24 14:24:08 /build/assets/Relationships-DPQ09ESL.js ...... ~ 0.11ms
  2025-12-24 14:24:08 /build/assets/Religions-DzseFuRD.js .......... ~ 0.14ms
  2025-12-24 14:24:08 /build/assets/SalaryGrade-CKR2C0Ul.js ........ ~ 0.10ms
  2025-12-24 14:24:08 /build/assets/SalaryScale-B745sEp9.js ........ ~ 0.14ms
  2025-12-24 14:24:08 /build/assets/Streams-CIb6k7qD.js ............ ~ 0.12ms
  2025-12-24 14:24:08 /build/assets/Subjects-Bzx4r4NH.js ........... ~ 0.12ms
  2025-12-24 14:24:08 /build/assets/TeacherTitles-DtS2y7rq.js ...... ~ 0.13ms
  2025-12-24 14:24:08 /build/assets/Dashboard-B9VpMXjv.js .......... ~ 0.08ms
  2025-12-24 14:24:08 /build/assets/GreetingCard-DVQg_ypE.js ....... ~ 0.12ms
  2025-12-24 14:24:08 /build/assets/GreetingCard-d-HuJ_xn.css ...... ~ 0.11ms
  2025-12-24 14:24:08 /build/assets/AssignClasses-CCNcUTcT.js ...... ~ 0.10ms
  2025-12-24 14:24:08 /build/assets/index-CUpFpIL4.js .............. ~ 0.08ms
  2025-12-24 14:24:08 /build/assets/AssignClasses-DNa1Zu07.css ..... ~ 0.12ms
  2025-12-24 14:24:08 /build/assets/AssignSubjects-COpEmKZx.js ..... ~ 0.10ms
  2025-12-24 14:24:08 /build/assets/Edit-QUMtuuEA.js ............... ~ 0.07ms
  2025-12-24 14:24:08 /build/assets/Edit-BY4eCtR7.css .............. ~ 0.11ms
  2025-12-24 14:24:08 /build/assets/EmergencyContactAccordion-D0w1PLy1.js  ~ 0.09ms
  2025-12-24 14:24:08 /build/assets/EmployeeDataAccordion-DMPRaQv3.js  ~ 0.10ms
  2025-12-24 14:24:08 /build/assets/Index-BY_IEciP.js .............. ~ 0.08ms
  2025-12-24 14:24:08 /build/assets/Modal-CU86sxJA.js .............. ~ 0.13ms
  2025-12-24 14:24:08 /build/assets/Dropdown-mT5lKPaI.js ........... ~ 0.08ms
  2025-12-24 14:24:08 /build/assets/Index-CCa_qaaw.css ............. ~ 0.12ms
  2025-12-24 14:24:08 /build/assets/Index-TS9YI73u.js .............. ~ 0.09ms
  2025-12-24 14:24:08 /build/assets/Index-gehn0z9Y.css ............. ~ 0.08ms
  2025-12-24 14:24:08 /build/assets/QualificationDetailAccordion-DruPUtGf.js  ~ 0.10ms
  2025-12-24 14:24:08 /build/assets/Show-LYob0pss.js ............... ~ 0.08ms
  2025-12-24 14:24:08 /build/assets/Create-CsHIIUj8.js ............. ~ 0.09ms
  2025-12-24 14:24:08 /build/assets/Create-Kc1s9BP_.css ............ ~ 0.08ms
  2025-12-24 14:24:08 /build/assets/Edit-DYfRr3x_.js ............... ~ 0.08ms
  2025-12-24 14:24:08 /build/assets/Edit-BXvpM3JB.css .............. ~ 0.12ms
  2025-12-24 14:24:08 /build/assets/Index-BO_mvkO3.js .............. ~ 0.07ms
  2025-12-24 14:24:08 /build/assets/Show-kJJdVHv-.js ............... ~ 0.10ms
  2025-12-24 14:24:08 /build/assets/Show-BcbfK-aJ.css .............. ~ 0.12ms
  2025-12-24 14:24:08 /build/assets/WorkHistoryAccordion-CyJtzK_x.js  ~ 0.10ms
  2025-12-24 14:24:08 /build/assets/FeeBalance-ByFAHrmD.js ......... ~ 0.06ms
  2025-12-24 14:24:08 /build/assets/FeeBalance-VxAQu3JP.css ........ ~ 0.10ms
  2025-12-24 14:24:08 /build/assets/FeeReport-KcGekjgm.js .......... ~ 0.10ms
  2025-12-24 14:24:08 /build/assets/FeeReport-8VCRTbjL.css ......... ~ 0.08ms
  2025-12-24 14:24:08 /build/assets/Create-DWf8EfKr.js ............. ~ 0.10ms
  2025-12-24 14:24:08 /build/assets/Create-v8Xhr7wC.css ............ ~ 0.09ms
  2025-12-24 14:24:08 /build/assets/Edit-6PA2F-3y.js ............... ~ 0.09ms
  2025-12-24 14:24:08 /build/assets/Edit-BHrrC4kE.css .............. ~ 0.10ms
  2025-12-24 14:24:08 /build/assets/Index-nShcCnAn.js .............. ~ 0.08ms
  2025-12-24 14:24:08 /build/assets/Index-B3zSWBtC.css ............. ~ 0.07ms
  2025-12-24 14:24:08 /build/assets/Index-CProf1b2.js .............. ~ 0.08ms
  2025-12-24 14:24:08 /build/assets/Index-Doodeb1f.css ............. ~ 0.13ms
  2025-12-24 14:24:08 /build/assets/PaymentHistory-BGFZGgDn.js ..... ~ 0.10ms
  2025-12-24 14:24:08 /build/assets/PaymentHistory-BJycJNMh.css .... ~ 0.08ms
  2025-12-24 14:24:08 /build/assets/Reports-Cbod7Nin.js ............ ~ 0.10ms
  2025-12-24 14:24:08 /build/assets/chart-BR_H7_9u.js .............. ~ 0.09ms
  2025-12-24 14:24:08 /build/assets/CollectionReport-9XZSLPN8.js ... ~ 0.13ms
  2025-12-24 14:24:08 /build/assets/CollectionReport-DYb6BmdP.css .. ~ 0.41ms
  2025-12-24 14:24:08 /build/assets/Overview-DKV7WoJF.js ........... ~ 0.07ms
  2025-12-24 14:24:08 /build/assets/TransferFunds-DgwaoV8b.js ...... ~ 0.10ms
  2025-12-24 14:24:08 /build/assets/TransferFunds-CH4O_5Wh.css ..... ~ 0.08ms
  2025-12-24 14:24:08 /build/assets/TransferHistory-CsAJhXXU.js .... ~ 0.07ms
  2025-12-24 14:24:08 /build/assets/TransferHistory-Cpner_fp.css ... ~ 0.08ms
  2025-12-24 14:24:08 /build/assets/VerifyPayment-DpYv_hFm.js ...... ~ 0.07ms
  2025-12-24 14:24:08 /build/assets/VerifyPayment-DoPr7nd5.css ..... ~ 0.14ms
  2025-12-24 14:24:08 /build/assets/Index-FsjdzVix.js .............. ~ 0.10ms
  2025-12-24 14:24:08 /build/assets/Create-CzrlhdlX.js ............. ~ 0.09ms
  2025-12-24 14:24:08 /build/assets/Index-BQTT8_Bv.js .............. ~ 0.10ms
  2025-12-24 14:24:08 /build/assets/Index-Ceeq_o09.js .............. ~ 0.09ms
  2025-12-24 14:24:08 /build/assets/Assignments-BUIlOFmc.js ........ ~ 0.09ms
  2025-12-24 14:24:08 /build/assets/Assignments-E-S82EKF.css ....... ~ 0.07ms
  2025-12-24 14:24:08 /build/assets/Classes-BRj7KKIP.js ............ ~ 0.11ms
  2025-12-24 14:24:08 /build/assets/Classes-fTwbkkVc.css ........... ~ 0.08ms
  2025-12-24 14:24:08 /build/assets/Materials-Ds4NqoPy.js .......... ~ 0.08ms
  2025-12-24 14:24:08 /build/assets/Materials-C0tM08BT.css ......... ~ 0.10ms
  2025-12-24 14:24:08 /build/assets/Submissions-uaRoNtAh.js ........ ~ 0.08ms
  2025-12-24 14:24:08 /build/assets/Submissions-tVJZ77wn.css ....... ~ 0.09ms
  2025-12-24 14:24:08 /build/assets/Index-DEFm5Ntl.js .............. ~ 0.08ms
  2025-12-24 14:24:08 /build/assets/AllStaff-BnnTloqs.js ........... ~ 0.10ms
  2025-12-24 14:24:08 /build/assets/AllStudents-DwONo9WZ.js ........ ~ 0.10ms
  2025-12-24 14:24:08 /build/assets/Index-CIngeCBI.js .............. ~ 0.10ms
  2025-12-24 14:24:08 /build/assets/index-DHXAGmwn.css ............. ~ 0.08ms
  2025-12-24 14:24:08 /build/assets/StaffAttendance-BV8MjR-c.js .... ~ 0.07ms
  2025-12-24 14:24:08 /build/assets/Index-DR3MO8y0.js .............. ~ 0.10ms
  2025-12-24 14:24:08 /build/assets/AcademicYears-DIciKSTa.js ...... ~ 0.06ms
  2025-12-24 14:24:08 /build/assets/Create-C6fVcFRY.js ............. ~ 0.09ms
  2025-12-24 14:24:08 /build/assets/Create-DCBl5WcC.css ............ ~ 0.08ms
  2025-12-24 14:24:08 /build/assets/Index-kx0HUcNH.js .............. ~ 0.08ms
  2025-12-24 14:24:08 /build/assets/Create-Dw5HO0My.js ............. ~ 0.09ms
  2025-12-24 14:24:08 /build/assets/Create-CWlJcrMT.css ............ ~ 0.10ms
  2025-12-24 14:24:08 /build/assets/Edit-qP7Yojh4.js ............... ~ 0.06ms
  2025-12-24 14:24:08 /build/assets/Edit-ujsFgBVD.css .............. ~ 0.10ms
  2025-12-24 14:24:08 /build/assets/Index-B-jfxNDn.js .............. ~ 0.07ms
  2025-12-24 14:24:08 /build/assets/Index-CyoEYGUx.css ............. ~ 0.08ms
  2025-12-24 14:24:08 /build/assets/Show-BGvLNfsq.js ............... ~ 0.08ms
  2025-12-24 14:24:08 /build/assets/Show-Bq3C96w7.css .............. ~ 0.07ms
  2025-12-24 14:24:08 /build/assets/Index-DN-aYL8N.js .............. ~ 0.06ms
  2025-12-24 14:24:08 /build/assets/Index-BCUBztwr.js .............. ~ 0.06ms
  2025-12-24 14:24:08 /build/assets/Index-CHle0N_I.js .............. ~ 0.06ms
  2025-12-24 14:24:08 /build/assets/Blogs-C2pT-Wk8.js .............. ~ 0.06ms
  2025-12-24 14:24:08 /build/assets/Editor-DZiaDtuK.js ............. ~ 0.05ms
  2025-12-24 14:24:08 /build/assets/Editor-DCiBGPfP.css ............ ~ 0.06ms
  2025-12-24 14:24:08 /build/assets/Careers-CFp7jtwJ.js ............ ~ 0.06ms
  2025-12-24 14:24:08 /build/assets/Index-CHsrzNUb.js .............. ~ 0.06ms
  2025-12-24 14:24:08 /build/assets/Index-DJ9xZC-1.css ............. ~ 0.06ms
  2025-12-24 14:24:08 /build/assets/Buttons-yfig3kBe.js ............ ~ 0.06ms
  2025-12-24 14:24:08 /build/assets/Buttons-DHNf4XXu.css ........... ~ 0.06ms
  2025-12-24 14:24:08 /build/assets/Colors-x_c42VKk.js ............. ~ 0.06ms
  2025-12-24 14:24:08 /build/assets/Index-CITXr2Te.js .............. ~ 0.06ms
  2025-12-24 14:24:08 /build/assets/Index-CEPBEXi6.css ............. ~ 0.06ms
  2025-12-24 14:24:08 /build/assets/Index-Ca5rbK-0.js .............. ~ 0.06ms
  2025-12-24 14:24:08 /build/assets/Index-BvlcNBFp.js .............. ~ 0.06ms
  2025-12-24 14:24:08 /build/assets/Create-B0bh6MiF.js ............. ~ 0.06ms
  2025-12-24 14:24:08 /build/assets/Create-Co4pdLcW.css ............ ~ 0.06ms
  2025-12-24 14:24:08 /build/assets/Edit-CP7qPiM3.js ............... ~ 0.06ms
  2025-12-24 14:24:08 /build/assets/Edit-CQCm6wpr.css .............. ~ 0.06ms
  2025-12-24 14:24:08 /build/assets/Index-zpaBjhvG.js .............. ~ 0.06ms
  2025-12-24 14:24:08 /build/assets/ManagePageSections-C1bc9qvC.js . ~ 0.05ms
  2025-12-24 14:24:08 /build/assets/ManagePageSections-Bn7DDJFs.css  ~ 0.06ms
  2025-12-24 14:24:08 /build/assets/Index-BUVXAVER.js .............. ~ 0.06ms
  2025-12-24 14:24:08 /build/assets/Login-BJV2-Kvp.js .............. ~ 0.07ms
  2025-12-24 14:24:08 /build/assets/Dashboard-C18wtC7w.js .......... ~ 0.05ms
  2025-12-24 14:24:08 /build/assets/AssignClasses-CPlvt5JA.js ...... ~ 0.04ms
  2025-12-24 14:24:08 /build/assets/AssignClasses-BpmGkGfR.css ..... ~ 0.04ms
  2025-12-24 14:24:08 /build/assets/Index-DAP24CA-.js .............. ~ 0.04ms
  2025-12-24 14:24:08 /build/assets/Functions-DBdvPDQ4.js .......... ~ 0.04ms
  2025-12-24 14:24:08 /build/assets/MarkAttendance-C1wYXWj6.js ..... ~ 0.04ms
  2025-12-24 14:24:08 /build/assets/Report-h50wCEMo.js ............. ~ 0.05ms
  2025-12-24 14:24:08 /build/assets/Login-C6o04Y06.js .............. ~ 0.04ms
  2025-12-24 14:24:08 /build/assets/Login-DN7aH9ot.css ............. ~ 0.04ms
  2025-12-24 14:24:08 /build/assets/Index-CzAosWOg.js .............. ~ 0.04ms
  2025-12-24 14:24:08 /build/assets/Dashboard-BUijZ9T2.js .......... ~ 0.04ms
  2025-12-24 14:24:08 /build/assets/Dashboard-DMZbz74x.css ......... ~ 0.04ms
  2025-12-24 14:24:08 /build/assets/EnterMarks-CmKssjMc.js ......... ~ 0.04ms
  2025-12-24 14:24:08 /build/assets/EnterMarks-DwL5Vpbu.css ........ ~ 0.04ms
  2025-12-24 14:24:08 /build/assets/SubmittedMarks-455j3Mwk.js ..... ~ 0.04ms
  2025-12-24 14:24:08 /build/assets/SubmittedMarks-CTHh4nKk.css .... ~ 0.04ms
  2025-12-24 14:24:08 /build/assets/Index-vKXigKvP.js .............. ~ 0.04ms
  2025-12-24 14:24:08 /build/assets/Index-bfWcpLwP.css ............. ~ 0.05ms
  2025-12-24 14:24:08 /build/assets/EmergencyContacts-Byc0b_Sb.js .. ~ 0.04ms
  2025-12-24 14:24:08 /build/assets/EmployeeDetails-TCKYRMNS.js .... ~ 0.04ms
  2025-12-24 14:24:08 /build/assets/Qualifications-3RXy7HTw.js ..... ~ 0.04ms
  2025-12-24 14:24:08 /build/assets/UpdatePassword-CPMcDvxa.js ..... ~ 0.04ms
  2025-12-24 14:24:08 /build/assets/UpdatePassword-BJM0g8p3.css .... ~ 0.04ms
  2025-12-24 14:24:08 /build/assets/WorkHistories-BlItbgLI.js ...... ~ 0.04ms
  2025-12-24 14:24:08 /build/assets/Index-UEMks8yE.js .............. ~ 0.04ms
  2025-12-24 14:24:08 /build/assets/Index-C2y-pRbf.css ............. ~ 0.04ms
  2025-12-24 14:24:08 /build/assets/Index-Ba_2ErXm.js .............. ~ 0.04ms
  2025-12-24 14:24:08 /build/assets/Index-BtQjHOWj.js .............. ~ 0.04ms
  2025-12-24 14:24:08 /build/assets/ApprovalQueue-Danki9UM.js ...... ~ 0.04ms
  2025-12-24 14:24:08 /build/assets/ApprovalQueue-D2DnOygN.css ..... ~ 0.04ms
  2025-12-24 14:24:08 /build/assets/Index-CmpFIPMi.js .............. ~ 0.05ms
  2025-12-24 14:24:08 /build/assets/Index-Y_2ilS8S.js .............. ~ 0.04ms
  2025-12-24 14:24:08 /build/assets/PayrollAdjustment-Dd7ZTYkL.js .. ~ 0.04ms
  2025-12-24 14:24:08 /build/assets/iziToast-Be7SN6hV.js ........... ~ 0.04ms
  2025-12-24 14:24:08 /build/assets/PayrollAdjustmentAllowance-XiZSc5Yy.js  ~ 0.04ms
  2025-12-24 14:24:08 /build/assets/PayrollAdjustmentDeduction-xTeN0cw7.js  ~ 0.04ms
  2025-12-24 14:24:08 /build/assets/PayrollDetails-BMQKeAWK.js ..... ~ 0.04ms
  2025-12-24 14:24:08 /build/assets/PayrollRun-C930t9ti.js ......... ~ 0.05ms
  2025-12-24 14:24:08 /build/assets/Edit-CZbHA_us.js ............... ~ 0.04ms
  2025-12-24 14:24:08 /build/assets/SecondaryButton-BnUASKMw.js .... ~ 0.04ms
  2025-12-24 14:24:08 /build/assets/Index-C2th3aFc.js .............. ~ 0.04ms
  2025-12-24 14:24:08 /build/assets/DeleteUserForm-BqbnemLh.js ..... ~ 0.04ms
  2025-12-24 14:24:08 /build/assets/UpdatePasswordForm-BG1l2VZZ.js . ~ 0.04ms
  2025-12-24 14:24:08 /build/assets/UpdateProfileInformationForm-c2ueBq7S.js  ~ 0.04ms
  2025-12-24 14:24:08 /build/assets/Index-D8-b_iA5.js .............. ~ 0.04ms
  2025-12-24 14:24:08 /build/assets/Index-Bdx268IB.css ............. ~ 0.04ms
  2025-12-24 14:24:08 /build/assets/Success-BI2PehwQ.js ............ ~ 0.45ms
  2025-12-24 14:24:08 /build/assets/Success-r-hqeCiF.css ........... ~ 0.37ms
  2025-12-24 14:24:08 /build/assets/Track-D4uC7SMv.js .............. ~ 0.31ms
  2025-12-24 14:24:08 /build/assets/Track-L7omozRj.css ............. ~ 0.30ms
  2025-12-24 14:24:08 /build/assets/TrackingForm-D3RaqQAR.js ....... ~ 0.36ms
  2025-12-24 14:24:08 /build/assets/TrackingForm-BbDMoIBK.css ...... ~ 0.25ms
  2025-12-24 14:24:08 /build/assets/Index-B0kytUtd.js .............. ~ 0.25ms
  2025-12-24 14:24:08 /build/assets/StudentLayout-DE8nAGZl.js ...... ~ 0.28ms
  2025-12-24 14:24:08 /build/assets/StudentLayout-OSj59oVD.css ..... ~ 0.31ms
  2025-12-24 14:24:08 /build/assets/ChangePassword-CqfCzovo.js ..... ~ 0.36ms
  2025-12-24 14:24:08 /build/assets/Index-BKlJTEkf.js .............. ~ 0.36ms
  2025-12-24 14:24:08 /build/assets/Dashboard-BHbS3ydm.js .......... ~ 0.35ms
  2025-12-24 14:24:08 /build/assets/Dashboard-XybeFVte.css ......... ~ 0.38ms
  2025-12-24 14:24:08 /build/assets/Index-kG_zVMAk.js .............. ~ 0.34ms
  2025-12-24 14:24:08 /build/assets/Assignments-BfB52l6I.js ........ ~ 0.26ms
  2025-12-24 14:24:08 /build/assets/Assignments-BdxcnUAt.css ....... ~ 0.22ms
  2025-12-24 14:24:08 /build/assets/Classes-BhkaOH6C.js ............ ~ 0.14ms
  2025-12-24 14:24:08 /build/assets/Classes-CYXZVLji.css ........... ~ 0.14ms
  2025-12-24 14:24:08 /build/assets/Dashboard-jdrJRT_L.js .......... ~ 0.12ms
  2025-12-24 14:24:08 /build/assets/Dashboard-Df8LdpHi.css ......... ~ 0.10ms
  2025-12-24 14:24:08 /build/assets/Materials-BZQSEWys.js .......... ~ 0.12ms
  2025-12-24 14:24:08 /build/assets/Materials-D_KfWPSc.css ......... ~ 0.12ms
  2025-12-24 14:24:08 /build/assets/Index-DPYbBJ9t.js .............. ~ 0.14ms
  2025-12-24 14:24:08 /build/assets/Edit-BCGIUTFz.js ............... ~ 0.13ms
  2025-12-24 14:24:08 /build/assets/Edit-C4P7t_N1.css .............. ~ 0.08ms
  2025-12-24 14:24:08 /build/assets/Index-CpxT0Nh_.js .............. ~ 0.08ms
  2025-12-24 14:24:08 /build/assets/Show-B6PzWID7.js ............... ~ 0.08ms
  2025-12-24 14:24:08 /build/assets/MyTimetable-Cp0Kxz-Q.js ........ ~ 0.09ms
  2025-12-24 14:24:08 /build/assets/MyTimetable-DCklv2Sq.css ....... ~ 0.08ms
  2025-12-24 14:24:08 /build/assets/Generate-cZXQt0Qo.js ........... ~ 0.11ms
  2025-12-24 14:24:08 /build/assets/Constraints-Xu_JFzJH.js ........ ~ 0.08ms
  2025-12-24 14:24:08 /build/assets/Constraints-BZS0SRTT.css ....... ~ 0.13ms
  2025-12-24 14:24:08 /build/assets/Periods-CxL0WpGU.js ............ ~ 0.06ms
  2025-12-24 14:24:08 /build/assets/SubjectAllocation-D89EEZfe.js .. ~ 0.08ms
  2025-12-24 14:24:08 /build/assets/SubjectAllocation-LlDamDcb.css . ~ 0.07ms
  2025-12-24 14:24:08 /build/assets/ClassTimetable-OxsKaeo_.js ..... ~ 0.08ms
  2025-12-24 14:24:08 /build/assets/ClassTimetable-DKnYbDuK.css .... ~ 0.06ms
  2025-12-24 14:24:08 /build/assets/TeacherTimetable-C4Pc0P_W.js ... ~ 0.08ms
  2025-12-24 14:24:08 /build/assets/Welcome-DUEeVLTE.js ............ ~ 0.10ms
  2025-12-24 14:24:08 /build/assets/DefaultLayout-4n3oj3MX.js ...... ~ 0.08ms
  2025-12-24 14:24:08 /build/assets/DefaultLayout-UfeXBpZ5.css ..... ~ 0.06ms
  2025-12-24 14:24:08 /build/assets/Pagination-pM1w6M_e.js ......... ~ 0.07ms
  2025-12-24 14:24:08 /build/assets/Pagination-BbeKvaSo.css ........ ~ 0.09ms
  2025-12-24 14:24:08 /build/assets/lodash-DtAC6N-Y.js ............. ~ 0.06ms
  2025-12-24 14:24:08 /build/assets/Footer-WR4mBpbp.js ............. ~ 0.06ms
  2025-12-24 14:24:08 /build/assets/Footer-Dp49msI0.css ............ ~ 0.05ms
  2025-12-24 14:24:12 /login ....................................... ~ 0.41ms
  2025-12-24 14:24:12 /build/assets/app-BFwkEv0t.css ............... ~ 0.40ms
  2025-12-24 14:24:12 /build/assets/app-DJu6VaGe.css ............... ~ 3.70ms
  2025-12-24 14:24:12 /build/assets/app-B-_jvbJf.js ................ ~ 0.26ms
  2025-12-24 14:24:12 /build/assets/Login-BJV2-Kvp.js .............. ~ 0.21ms
  2025-12-24 14:24:12 /build/assets/Checkbox-DXyOhUka.js ........... ~ 1.10ms
  2025-12-24 14:24:12 /build/assets/GuestLayout-ByVnlVSq.js ........ ~ 0.11ms
  2025-12-24 14:24:12 /build/assets/GuestLayout-D0pWnSgT.css ....... ~ 0.11ms
  2025-12-24 14:24:12 /favicon.ico ................................. ~ 0.10ms
  2025-12-24 14:24:12 /images/ecobiz_logo_new.jpeg ................. ~ 0.11ms
  2025-12-24 14:24:12 /build/assets/PublicSans-Regular-CcK-bgQZ.ttf  ~ 0.12ms
  2025-12-24 14:24:12 /build/assets/boxicons-CeGEncwm.woff2 ........ ~ 0.12ms
  2025-12-24 14:24:12 /build/assets/PublicSans-Medium-DOt0zBLs.ttf . ~ 0.12ms
  2025-12-24 14:24:12 /build/assets/OnlineApplications-Doq_vPRX.js . ~ 0.49ms
  2025-12-24 14:24:12 /build/assets/OnlineApplications-CZwoTwJe.css  ~ 0.28ms
  2025-12-24 14:24:12 /build/assets/Index-hgRSJxhJ.js .............. ~ 0.21ms
  2025-12-24 14:24:12 /build/assets/Report-BcqsuvP8.js ............. ~ 0.39ms
  2025-12-24 14:24:12 /build/assets/debounce-DtSLJM-X.js ........... ~ 0.39ms
  2025-12-24 14:24:12 /build/assets/ConfirmPassword-BfKgt6AS.js .... ~ 0.37ms
  2025-12-24 14:24:13 /build/assets/GuestLayout-ByVnlVSq.js ........ ~ 0.39ms
  2025-12-24 14:24:13 /build/assets/GuestLayout-D0pWnSgT.css ....... ~ 0.39ms
  2025-12-24 14:24:13 /build/assets/InputError-B3EbSb9K.js ......... ~ 0.36ms
  2025-12-24 14:24:13 /build/assets/InputLabel-BoZtS-Xy.js ......... ~ 0.49ms
  2025-12-24 14:24:13 /build/assets/PrimaryButton-Ui1tWfA0.js ...... ~ 2.78ms
  2025-12-24 14:24:13 /build/assets/TextInput-BT1j-OuW.js .......... ~ 0.39ms
  2025-12-24 14:24:13 /build/assets/ForgotPassword-CXw44fmP.js ..... ~ 0.35ms
  2025-12-24 14:24:13 /build/assets/Login-Bl94r2X9.js .............. ~ 0.35ms
  2025-12-24 14:24:13 /build/assets/Checkbox-DXyOhUka.js ........... ~ 0.38ms
  2025-12-24 14:24:13 /build/assets/Register-PY60JJ_j.js ........... ~ 0.34ms
  2025-12-24 14:24:13 /build/assets/ResetPassword-CvoCC3VJ.js ...... ~ 0.23ms
  2025-12-24 14:24:13 /build/assets/VerifyEmail-BQIYoot2.js ........ ~ 0.58ms
  2025-12-24 14:24:13 /build/assets/Index-BN8VEmK1.js .............. ~ 0.39ms
  2025-12-24 14:24:13 /build/assets/SchoolCalendar-mi-pV-Cn.js ..... ~ 0.36ms
  2025-12-24 14:24:13 /build/assets/SchoolCalendar-qEf1aTuN.css .... ~ 0.23ms
  2025-12-24 14:24:13 /build/assets/Index-Buu0rpXz.js .............. ~ 0.22ms
  2025-12-24 14:24:13 /build/assets/index-DRjSuQp3.js .............. ~ 0.22ms
  2025-12-24 14:24:13 /build/assets/Show-CDKfzrjV.js ............... ~ 0.38ms
  2025-12-24 14:24:13 /build/assets/Show-BI6oj0NI.css .............. ~ 0.39ms
  2025-12-24 14:24:13 /build/assets/Allowance-Bud-XCp9.js .......... ~ 0.31ms
  2025-12-24 14:24:13 /build/assets/BlogCategories-Dj3SCH5A.js ..... ~ 0.29ms
  2025-12-24 14:24:13 /build/assets/Deduction-CMXYeAWf.js .......... ~ 0.37ms
  2025-12-24 14:24:13 /build/assets/Divisions-gt2Wyw3_.js .......... ~ 0.34ms
  2025-12-24 14:24:13 /build/assets/EmploymentStatuses-Bmx861MV.js . ~ 0.29ms
  2025-12-24 14:24:13 /build/assets/EmploymentTypes-C9Duzgf8.js .... ~ 0.28ms
  2025-12-24 14:24:13 /build/assets/Genders-CPsCQvSR.js ............ ~ 0.31ms
  2025-12-24 14:24:13 /build/assets/Honorifics-CMAUqGKP.js ......... ~ 0.30ms
  2025-12-24 14:24:13 /build/assets/Income-BxZZzpI4.js ............. ~ 0.32ms
  2025-12-24 14:24:13 /build/assets/Index-qQkvCj94.js .............. ~ 0.33ms
  2025-12-24 14:24:13 /build/assets/Index-hOtiuyDQ.css ............. ~ 0.29ms
  2025-12-24 14:24:13 /build/assets/JobTitles-x1ztHio2.js .......... ~ 0.30ms
  2025-12-24 14:24:13 /build/assets/QualificationTypes-BDc6ewSk.js . ~ 0.31ms
  2025-12-24 14:24:13 /build/assets/Relationships-DPQ09ESL.js ...... ~ 0.39ms
  2025-12-24 14:24:13 /build/assets/Religions-DzseFuRD.js .......... ~ 0.41ms
  2025-12-24 14:24:13 /build/assets/SalaryGrade-CKR2C0Ul.js ........ ~ 0.45ms
  2025-12-24 14:24:13 /build/assets/SalaryScale-B745sEp9.js ........ ~ 0.47ms
  2025-12-24 14:24:13 /build/assets/Streams-CIb6k7qD.js ............ ~ 0.37ms
  2025-12-24 14:24:13 /build/assets/Subjects-Bzx4r4NH.js ........... ~ 0.33ms
  2025-12-24 14:24:13 /build/assets/TeacherTitles-DtS2y7rq.js ...... ~ 0.33ms
  2025-12-24 14:24:13 /build/assets/Dashboard-B9VpMXjv.js .......... ~ 0.39ms
  2025-12-24 14:24:13 /build/assets/GreetingCard-DVQg_ypE.js ....... ~ 0.43ms
  2025-12-24 14:24:13 /build/assets/GreetingCard-d-HuJ_xn.css ...... ~ 0.28ms
  2025-12-24 14:24:13 /build/assets/AssignClasses-CCNcUTcT.js ...... ~ 0.33ms
  2025-12-24 14:24:13 /build/assets/index-CUpFpIL4.js .............. ~ 0.26ms
  2025-12-24 14:24:13 /build/assets/AssignClasses-DNa1Zu07.css ..... ~ 0.27ms
  2025-12-24 14:24:13 /build/assets/AssignSubjects-COpEmKZx.js ..... ~ 0.22ms
  2025-12-24 14:24:13 /build/assets/Edit-QUMtuuEA.js ............... ~ 0.25ms
  2025-12-24 14:24:13 /build/assets/Edit-BY4eCtR7.css .............. ~ 0.31ms
  2025-12-24 14:24:13 /build/assets/EmergencyContactAccordion-D0w1PLy1.js  ~ 0.36ms
  2025-12-24 14:24:13 /build/assets/EmployeeDataAccordion-DMPRaQv3.js  ~ 0.29ms
  2025-12-24 14:24:13 /build/assets/Index-BY_IEciP.js .............. ~ 0.32ms
  2025-12-24 14:24:13 /build/assets/Modal-CU86sxJA.js .............. ~ 0.30ms
  2025-12-24 14:24:13 /build/assets/Dropdown-mT5lKPaI.js ........... ~ 0.30ms
  2025-12-24 14:24:13 /build/assets/Index-CCa_qaaw.css ............. ~ 0.38ms
  2025-12-24 14:24:13 /build/assets/Index-TS9YI73u.js .............. ~ 0.39ms
  2025-12-24 14:24:13 /build/assets/Index-gehn0z9Y.css ............. ~ 0.38ms
  2025-12-24 14:24:13 /build/assets/QualificationDetailAccordion-DruPUtGf.js  ~ 0.32ms
  2025-12-24 14:24:13 /build/assets/Show-LYob0pss.js ............... ~ 0.34ms
  2025-12-24 14:24:13 /build/assets/Create-CsHIIUj8.js ............. ~ 0.25ms
  2025-12-24 14:24:13 /build/assets/Create-Kc1s9BP_.css ............ ~ 0.28ms
  2025-12-24 14:24:13 /build/assets/Edit-DYfRr3x_.js ............... ~ 0.21ms
  2025-12-24 14:24:13 /build/assets/Edit-BXvpM3JB.css .............. ~ 0.23ms
  2025-12-24 14:24:13 /build/assets/Index-BO_mvkO3.js .............. ~ 0.22ms
  2025-12-24 14:24:13 /build/assets/Show-kJJdVHv-.js ............... ~ 0.15ms
  2025-12-24 14:24:13 /build/assets/Show-BcbfK-aJ.css .............. ~ 0.13ms
  2025-12-24 14:24:13 /build/assets/WorkHistoryAccordion-CyJtzK_x.js  ~ 0.14ms
  2025-12-24 14:24:13 /build/assets/FeeBalance-ByFAHrmD.js ......... ~ 0.11ms
  2025-12-24 14:24:13 /build/assets/FeeBalance-VxAQu3JP.css ........ ~ 0.13ms
  2025-12-24 14:24:13 /build/assets/FeeReport-KcGekjgm.js .......... ~ 0.10ms
  2025-12-24 14:24:13 /build/assets/FeeReport-8VCRTbjL.css ......... ~ 0.10ms
  2025-12-24 14:24:13 /build/assets/Create-DWf8EfKr.js ............. ~ 0.10ms
  2025-12-24 14:24:13 /build/assets/Create-v8Xhr7wC.css ............ ~ 0.10ms
  2025-12-24 14:24:13 /build/assets/Edit-6PA2F-3y.js ............... ~ 0.10ms
  2025-12-24 14:24:13 /build/assets/Edit-BHrrC4kE.css .............. ~ 0.10ms
  2025-12-24 14:24:13 /build/assets/Index-nShcCnAn.js .............. ~ 0.11ms
  2025-12-24 14:24:13 /build/assets/Index-B3zSWBtC.css ............. ~ 0.10ms
  2025-12-24 14:24:13 /build/assets/Index-CProf1b2.js .............. ~ 0.08ms
  2025-12-24 14:24:13 /build/assets/Index-Doodeb1f.css ............. ~ 0.08ms
  2025-12-24 14:24:13 /build/assets/PaymentHistory-BGFZGgDn.js ..... ~ 0.11ms
  2025-12-24 14:24:13 /build/assets/PaymentHistory-BJycJNMh.css .... ~ 0.08ms
  2025-12-24 14:24:13 /build/assets/Reports-Cbod7Nin.js ............ ~ 0.09ms
  2025-12-24 14:24:13 /build/assets/chart-BR_H7_9u.js .............. ~ 0.08ms
  2025-12-24 14:24:13 /build/assets/CollectionReport-9XZSLPN8.js ... ~ 0.08ms
  2025-12-24 14:24:13 /build/assets/CollectionReport-DYb6BmdP.css .. ~ 0.08ms
  2025-12-24 14:24:13 /build/assets/Overview-DKV7WoJF.js ........... ~ 0.08ms
  2025-12-24 14:24:13 /build/assets/TransferFunds-DgwaoV8b.js ...... ~ 0.08ms
  2025-12-24 14:24:13 /build/assets/TransferFunds-CH4O_5Wh.css ..... ~ 0.08ms
  2025-12-24 14:24:13 /build/assets/TransferHistory-CsAJhXXU.js .... ~ 0.08ms
  2025-12-24 14:24:13 /build/assets/TransferHistory-Cpner_fp.css ... ~ 0.08ms
  2025-12-24 14:24:13 /build/assets/VerifyPayment-DpYv_hFm.js ...... ~ 0.08ms
  2025-12-24 14:24:13 /build/assets/VerifyPayment-DoPr7nd5.css ..... ~ 0.08ms
  2025-12-24 14:24:13 /build/assets/Index-FsjdzVix.js .............. ~ 0.07ms
  2025-12-24 14:24:13 /build/assets/Create-CzrlhdlX.js ............. ~ 0.08ms
  2025-12-24 14:24:13 /build/assets/Index-BQTT8_Bv.js .............. ~ 0.08ms
  2025-12-24 14:24:13 /build/assets/Index-Ceeq_o09.js .............. ~ 0.11ms
  2025-12-24 14:24:13 /build/assets/Assignments-BUIlOFmc.js ........ ~ 0.08ms
  2025-12-24 14:24:13 /build/assets/Assignments-E-S82EKF.css ....... ~ 0.42ms
  2025-12-24 14:24:13 /build/assets/Classes-BRj7KKIP.js ............ ~ 0.06ms
  2025-12-24 14:24:13 /build/assets/Classes-fTwbkkVc.css ........... ~ 0.07ms
  2025-12-24 14:24:13 /build/assets/Materials-Ds4NqoPy.js .......... ~ 0.06ms
  2025-12-24 14:24:13 /build/assets/Materials-C0tM08BT.css ......... ~ 0.06ms
  2025-12-24 14:24:13 /build/assets/Submissions-uaRoNtAh.js ........ ~ 0.07ms
  2025-12-24 14:24:13 /build/assets/Submissions-tVJZ77wn.css ....... ~ 0.06ms
  2025-12-24 14:24:13 /build/assets/Index-DEFm5Ntl.js .............. ~ 0.06ms
  2025-12-24 14:24:13 /build/assets/AllStaff-BnnTloqs.js ........... ~ 0.06ms
  2025-12-24 14:24:13 /build/assets/AllStudents-DwONo9WZ.js ........ ~ 0.06ms
  2025-12-24 14:24:13 /build/assets/Index-CIngeCBI.js .............. ~ 0.06ms
  2025-12-24 14:24:13 /build/assets/index-DHXAGmwn.css ............. ~ 0.07ms
  2025-12-24 14:24:13 /build/assets/StaffAttendance-BV8MjR-c.js .... ~ 0.06ms
  2025-12-24 14:24:13 /build/assets/Index-DR3MO8y0.js .............. ~ 0.06ms
  2025-12-24 14:24:13 /build/assets/AcademicYears-DIciKSTa.js ...... ~ 0.06ms
  2025-12-24 14:24:13 /build/assets/Create-C6fVcFRY.js ............. ~ 0.06ms
  2025-12-24 14:24:13 /build/assets/Create-DCBl5WcC.css ............ ~ 0.06ms
  2025-12-24 14:24:13 /build/assets/Index-kx0HUcNH.js .............. ~ 0.07ms
  2025-12-24 14:24:13 /build/assets/Create-Dw5HO0My.js ............. ~ 0.06ms
  2025-12-24 14:24:13 /build/assets/Create-CWlJcrMT.css ............ ~ 0.06ms
  2025-12-24 14:24:13 /build/assets/Edit-qP7Yojh4.js ............... ~ 0.05ms
  2025-12-24 14:24:13 /build/assets/Edit-ujsFgBVD.css .............. ~ 0.05ms
  2025-12-24 14:24:13 /build/assets/Index-B-jfxNDn.js .............. ~ 0.05ms
  2025-12-24 14:24:13 /build/assets/Index-CyoEYGUx.css ............. ~ 0.06ms
  2025-12-24 14:24:13 /build/assets/Show-BGvLNfsq.js ............... ~ 0.07ms
  2025-12-24 14:24:13 /build/assets/Show-Bq3C96w7.css .............. ~ 0.06ms
  2025-12-24 14:24:13 /build/assets/Index-DN-aYL8N.js .............. ~ 0.07ms
  2025-12-24 14:24:13 /build/assets/Index-BCUBztwr.js .............. ~ 0.06ms
  2025-12-24 14:24:13 /build/assets/Index-CHle0N_I.js .............. ~ 0.07ms
  2025-12-24 14:24:13 /build/assets/Blogs-C2pT-Wk8.js .............. ~ 0.06ms
  2025-12-24 14:24:13 /build/assets/Editor-DZiaDtuK.js ............. ~ 0.06ms
  2025-12-24 14:24:13 /build/assets/Editor-DCiBGPfP.css ............ ~ 0.06ms
  2025-12-24 14:24:13 /build/assets/Careers-CFp7jtwJ.js ............ ~ 0.06ms
  2025-12-24 14:24:13 /build/assets/Index-CHsrzNUb.js .............. ~ 0.06ms
  2025-12-24 14:24:13 /build/assets/Index-DJ9xZC-1.css ............. ~ 0.06ms
  2025-12-24 14:24:13 /build/assets/Buttons-yfig3kBe.js ............ ~ 0.06ms
  2025-12-24 14:24:13 /build/assets/Buttons-DHNf4XXu.css ........... ~ 0.07ms
  2025-12-24 14:24:13 /build/assets/Colors-x_c42VKk.js ............. ~ 0.05ms
  2025-12-24 14:24:13 /build/assets/Index-CITXr2Te.js .............. ~ 0.05ms
  2025-12-24 14:24:13 /build/assets/Index-CEPBEXi6.css ............. ~ 0.05ms
  2025-12-24 14:24:13 /build/assets/Index-Ca5rbK-0.js .............. ~ 0.05ms
  2025-12-24 14:24:13 /build/assets/Index-BvlcNBFp.js .............. ~ 0.05ms
  2025-12-24 14:24:13 /build/assets/Create-B0bh6MiF.js ............. ~ 0.05ms
  2025-12-24 14:24:13 /build/assets/Create-Co4pdLcW.css ............ ~ 0.06ms
  2025-12-24 14:24:13 /build/assets/Edit-CP7qPiM3.js ............... ~ 0.05ms
  2025-12-24 14:24:13 /build/assets/Edit-CQCm6wpr.css .............. ~ 0.07ms
  2025-12-24 14:24:13 /build/assets/Index-zpaBjhvG.js .............. ~ 0.05ms
  2025-12-24 14:24:13 /build/assets/ManagePageSections-C1bc9qvC.js . ~ 0.06ms
  2025-12-24 14:24:13 /build/assets/ManagePageSections-Bn7DDJFs.css  ~ 0.06ms
  2025-12-24 14:24:13 /build/assets/Index-BUVXAVER.js .............. ~ 0.06ms
  2025-12-24 14:24:13 /build/assets/Login-BJV2-Kvp.js .............. ~ 0.08ms
  2025-12-24 14:24:13 /build/assets/Dashboard-C18wtC7w.js .......... ~ 0.07ms
  2025-12-24 14:24:13 /build/assets/AssignClasses-CPlvt5JA.js ...... ~ 0.07ms
  2025-12-24 14:24:13 /build/assets/AssignClasses-BpmGkGfR.css ..... ~ 0.07ms
  2025-12-24 14:24:13 /build/assets/Index-DAP24CA-.js .............. ~ 0.08ms
  2025-12-24 14:24:13 /build/assets/Functions-DBdvPDQ4.js .......... ~ 0.07ms
  2025-12-24 14:24:13 /build/assets/MarkAttendance-C1wYXWj6.js ..... ~ 0.08ms
  2025-12-24 14:24:13 /build/assets/Report-h50wCEMo.js ............. ~ 0.07ms
  2025-12-24 14:24:13 /build/assets/Login-C6o04Y06.js .............. ~ 0.07ms
  2025-12-24 14:24:13 /build/assets/Login-DN7aH9ot.css ............. ~ 0.06ms
  2025-12-24 14:24:13 /build/assets/Index-CzAosWOg.js .............. ~ 0.06ms
  2025-12-24 14:24:13 /build/assets/Dashboard-BUijZ9T2.js .......... ~ 0.05ms
  2025-12-24 14:24:13 /build/assets/Dashboard-DMZbz74x.css ......... ~ 0.05ms
  2025-12-24 14:24:13 /build/assets/EnterMarks-CmKssjMc.js ......... ~ 0.05ms
  2025-12-24 14:24:13 /build/assets/EnterMarks-DwL5Vpbu.css ........ ~ 0.07ms
  2025-12-24 14:24:13 /build/assets/SubmittedMarks-455j3Mwk.js ..... ~ 0.05ms
  2025-12-24 14:24:13 /build/assets/SubmittedMarks-CTHh4nKk.css .... ~ 0.04ms
  2025-12-24 14:24:13 /build/assets/Index-vKXigKvP.js .............. ~ 0.06ms
  2025-12-24 14:24:13 /build/assets/Index-bfWcpLwP.css ............. ~ 0.05ms
  2025-12-24 14:24:13 /build/assets/EmergencyContacts-Byc0b_Sb.js .. ~ 0.06ms
  2025-12-24 14:24:13 /build/assets/EmployeeDetails-TCKYRMNS.js .... ~ 0.05ms
  2025-12-24 14:24:13 /build/assets/Qualifications-3RXy7HTw.js ..... ~ 0.05ms
  2025-12-24 14:24:13 /build/assets/UpdatePassword-CPMcDvxa.js ..... ~ 0.05ms
  2025-12-24 14:24:13 /build/assets/UpdatePassword-BJM0g8p3.css .... ~ 0.05ms
  2025-12-24 14:24:13 /build/assets/WorkHistories-BlItbgLI.js ...... ~ 0.05ms
  2025-12-24 14:24:13 /build/assets/Index-UEMks8yE.js .............. ~ 0.05ms
  2025-12-24 14:24:13 /build/assets/Index-C2y-pRbf.css ............. ~ 0.05ms
  2025-12-24 14:24:13 /build/assets/Index-Ba_2ErXm.js .............. ~ 0.05ms
  2025-12-24 14:24:13 /build/assets/Index-BtQjHOWj.js .............. ~ 0.05ms
  2025-12-24 14:24:13 /build/assets/ApprovalQueue-Danki9UM.js ...... ~ 0.05ms
  2025-12-24 14:24:13 /build/assets/ApprovalQueue-D2DnOygN.css ..... ~ 0.05ms
  2025-12-24 14:24:13 /build/assets/Index-CmpFIPMi.js .............. ~ 0.04ms
  2025-12-24 14:24:13 /build/assets/Index-Y_2ilS8S.js .............. ~ 0.05ms
  2025-12-24 14:24:13 /build/assets/PayrollAdjustment-Dd7ZTYkL.js .. ~ 0.05ms
  2025-12-24 14:24:13 /build/assets/iziToast-Be7SN6hV.js ........... ~ 0.05ms
  2025-12-24 14:24:13 /build/assets/PayrollAdjustmentAllowance-XiZSc5Yy.js  ~ 0.05ms
  2025-12-24 14:24:13 /build/assets/PayrollAdjustmentDeduction-xTeN0cw7.js  ~ 0.07ms
  2025-12-24 14:24:13 /build/assets/PayrollDetails-BMQKeAWK.js ..... ~ 0.20ms
  2025-12-24 14:24:13 /build/assets/PayrollRun-C930t9ti.js ......... ~ 0.07ms
  2025-12-24 14:24:13 /build/assets/Edit-CZbHA_us.js ............... ~ 0.06ms
  2025-12-24 14:24:13 /build/assets/SecondaryButton-BnUASKMw.js .... ~ 0.05ms
  2025-12-24 14:24:13 /build/assets/Index-C2th3aFc.js .............. ~ 0.05ms
  2025-12-24 14:24:13 /build/assets/DeleteUserForm-BqbnemLh.js ..... ~ 0.05ms
  2025-12-24 14:24:13 /build/assets/UpdatePasswordForm-BG1l2VZZ.js . ~ 0.05ms
  2025-12-24 14:24:13 /build/assets/UpdateProfileInformationForm-c2ueBq7S.js  ~ 0.07ms
  2025-12-24 14:24:13 /build/assets/Index-D8-b_iA5.js .............. ~ 0.06ms
  2025-12-24 14:24:13 /build/assets/Index-Bdx268IB.css ............. ~ 0.05ms
  2025-12-24 14:24:13 /build/assets/Success-BI2PehwQ.js ............ ~ 0.04ms
  2025-12-24 14:24:13 /build/assets/Success-r-hqeCiF.css ........... ~ 0.04ms
  2025-12-24 14:24:13 /build/assets/Track-D4uC7SMv.js .............. ~ 0.04ms
  2025-12-24 14:24:13 /build/assets/Track-L7omozRj.css ............. ~ 0.04ms
  2025-12-24 14:24:13 /build/assets/TrackingForm-D3RaqQAR.js ....... ~ 0.05ms
  2025-12-24 14:24:13 /build/assets/TrackingForm-BbDMoIBK.css ...... ~ 0.04ms
  2025-12-24 14:24:13 /build/assets/Index-B0kytUtd.js .............. ~ 0.04ms
  2025-12-24 14:24:13 /build/assets/StudentLayout-DE8nAGZl.js ...... ~ 0.04ms
  2025-12-24 14:24:13 /build/assets/StudentLayout-OSj59oVD.css ..... ~ 0.04ms
  2025-12-24 14:24:13 /build/assets/ChangePassword-CqfCzovo.js ..... ~ 0.05ms
  2025-12-24 14:24:13 /build/assets/Index-BKlJTEkf.js .............. ~ 0.05ms
  2025-12-24 14:24:13 /build/assets/Dashboard-BHbS3ydm.js .......... ~ 0.05ms
  2025-12-24 14:24:13 /build/assets/Dashboard-XybeFVte.css ......... ~ 0.06ms
  2025-12-24 14:24:13 /build/assets/Index-kG_zVMAk.js .............. ~ 0.05ms
  2025-12-24 14:24:13 /build/assets/Assignments-BfB52l6I.js ........ ~ 0.04ms
  2025-12-24 14:24:13 /build/assets/Assignments-BdxcnUAt.css ....... ~ 0.05ms
  2025-12-24 14:24:13 /build/assets/Classes-BhkaOH6C.js ............ ~ 0.07ms
  2025-12-24 14:24:13 /build/assets/Classes-CYXZVLji.css ........... ~ 0.04ms
  2025-12-24 14:24:13 /build/assets/Dashboard-jdrJRT_L.js .......... ~ 0.04ms
  2025-12-24 14:24:13 /build/assets/Dashboard-Df8LdpHi.css ......... ~ 0.04ms
  2025-12-24 14:24:13 /build/assets/Materials-BZQSEWys.js .......... ~ 0.04ms
  2025-12-24 14:24:13 /build/assets/Materials-D_KfWPSc.css ......... ~ 0.04ms
  2025-12-24 14:24:13 /build/assets/Index-DPYbBJ9t.js .............. ~ 0.04ms
  2025-12-24 14:24:13 /build/assets/Edit-BCGIUTFz.js ............... ~ 0.04ms
  2025-12-24 14:24:13 /build/assets/Edit-C4P7t_N1.css .............. ~ 0.06ms
  2025-12-24 14:24:13 /build/assets/Index-CpxT0Nh_.js .............. ~ 0.04ms
  2025-12-24 14:24:13 /build/assets/Show-B6PzWID7.js ............... ~ 0.05ms
  2025-12-24 14:24:13 /build/assets/MyTimetable-Cp0Kxz-Q.js ........ ~ 0.04ms
  2025-12-24 14:24:13 /build/assets/MyTimetable-DCklv2Sq.css ....... ~ 0.04ms
  2025-12-24 14:24:13 /build/assets/Generate-cZXQt0Qo.js ........... ~ 0.04ms
  2025-12-24 14:24:13 /build/assets/Constraints-Xu_JFzJH.js ........ ~ 0.04ms
  2025-12-24 14:24:13 /build/assets/Constraints-BZS0SRTT.css ....... ~ 0.04ms
  2025-12-24 14:24:13 /build/assets/Periods-CxL0WpGU.js ............ ~ 0.04ms
  2025-12-24 14:24:13 /build/assets/SubjectAllocation-D89EEZfe.js .. ~ 0.04ms
  2025-12-24 14:24:13 /build/assets/SubjectAllocation-LlDamDcb.css . ~ 0.05ms
  2025-12-24 14:24:13 /build/assets/ClassTimetable-OxsKaeo_.js ..... ~ 0.04ms
  2025-12-24 14:24:13 /build/assets/ClassTimetable-DKnYbDuK.css .... ~ 0.04ms
  2025-12-24 14:24:13 /build/assets/TeacherTimetable-C4Pc0P_W.js ... ~ 0.04ms
  2025-12-24 14:24:13 /build/assets/Welcome-DUEeVLTE.js ............ ~ 0.04ms
  2025-12-24 14:24:13 /build/assets/DefaultLayout-4n3oj3MX.js ...... ~ 0.04ms
  2025-12-24 14:24:13 /build/assets/DefaultLayout-UfeXBpZ5.css ..... ~ 0.04ms
  2025-12-24 14:24:13 /build/assets/Pagination-pM1w6M_e.js ......... ~ 0.04ms
  2025-12-24 14:24:13 /build/assets/Pagination-BbeKvaSo.css ........ ~ 0.04ms
  2025-12-24 14:24:13 /build/assets/lodash-DtAC6N-Y.js ............. ~ 0.06ms
  2025-12-24 14:24:13 /build/assets/Footer-WR4mBpbp.js ............. ~ 0.06ms
  2025-12-24 14:24:13 /build/assets/Footer-Dp49msI0.css ............ ~ 0.05ms
  2025-12-24 14:26:51 /login ....................................... ~ 0.49ms
  2025-12-24 14:26:51 /build/assets/app-BFwkEv0t.css ............... ~ 0.37ms
  2025-12-24 14:26:51 /build/assets/app-BuAiy87a.css ............... ~ 2.50ms
  2025-12-24 14:26:51 /build/assets/app-q8mTEpYP.js ................ ~ 4.39ms
  2025-12-24 14:26:52 /build/assets/Login-DcrQpr_y.js .............. ~ 0.23ms
  2025-12-24 14:26:52 /build/assets/Checkbox-B9mCAkXz.js ........... ~ 0.16ms
  2025-12-24 14:26:52 /build/assets/GuestLayout-CPGlFaK7.js ........ ~ 0.14ms
  2025-12-24 14:26:52 /build/assets/GuestLayout-D0pWnSgT.css ....... ~ 0.14ms
  2025-12-24 14:26:52 /favicon.ico ................................. ~ 0.14ms
  2025-12-24 14:26:52 /images/ecobiz_logo_new.jpeg ................. ~ 0.12ms
  2025-12-24 14:26:52 /build/assets/PublicSans-Regular-CcK-bgQZ.ttf  ~ 0.12ms
  2025-12-24 14:26:52 /build/assets/boxicons-CeGEncwm.woff2 ........ ~ 0.12ms
  2025-12-24 14:26:52 /build/assets/PublicSans-Medium-DOt0zBLs.ttf . ~ 0.57ms
  2025-12-24 14:26:52 /build/assets/OnlineApplications-B8hPMkWK.js . ~ 0.26ms
  2025-12-24 14:26:52 /build/assets/Index-CWR61wxZ.js .............. ~ 0.65ms
  2025-12-24 14:26:52 /build/assets/OnlineApplications-CZwoTwJe.css  ~ 0.19ms
  2025-12-24 14:26:52 /build/assets/Report-C_JTOiqO.js ............. ~ 0.09ms
  2025-12-24 14:26:52 /build/assets/debounce-CUCrd10S.js ........... ~ 0.13ms
  2025-12-24 14:26:52 /build/assets/ConfirmPassword-DdIBPA4k.js .... ~ 0.13ms
  2025-12-24 14:26:52 /build/assets/GuestLayout-CPGlFaK7.js ........ ~ 0.11ms
  2025-12-24 14:26:52 /build/assets/GuestLayout-D0pWnSgT.css ....... ~ 0.11ms
  2025-12-24 14:26:52 /build/assets/InputError-DpGA7-Kl.js ......... ~ 0.11ms
  2025-12-24 14:26:52 /build/assets/InputLabel-BiDyJ3ac.js ......... ~ 0.11ms
  2025-12-24 14:26:52 /build/assets/PrimaryButton-B9PAfiKM.js ...... ~ 0.10ms
  2025-12-24 14:26:52 /build/assets/TextInput-Yf0KzmEG.js .......... ~ 0.12ms
  2025-12-24 14:26:52 /build/assets/ForgotPassword-CYtD91DQ.js ..... ~ 0.12ms
  2025-12-24 14:26:52 /build/assets/Login-w8ZMfeRD.js .............. ~ 0.11ms
  2025-12-24 14:26:52 /build/assets/Checkbox-B9mCAkXz.js ........... ~ 0.13ms
  2025-12-24 14:26:52 /build/assets/Register-Co3O1cwH.js ........... ~ 0.12ms
  2025-12-24 14:26:52 /build/assets/ResetPassword-gWOQFnUD.js ...... ~ 0.18ms
  2025-12-24 14:26:52 /build/assets/VerifyEmail-BVDzS2y1.js ........ ~ 0.12ms
  2025-12-24 14:26:52 /build/assets/Index-DnAgpyWs.js .............. ~ 0.10ms
  2025-12-24 14:26:52 /build/assets/SchoolCalendar-BsFzr6IW.js ..... ~ 0.11ms
  2025-12-24 14:26:52 /build/assets/SchoolCalendar-qEf1aTuN.css .... ~ 0.10ms
  2025-12-24 14:26:52 /build/assets/Index-B7Aco2Ue.js .............. ~ 0.09ms
  2025-12-24 14:26:52 /build/assets/index-DEkOz_Te.js .............. ~ 0.09ms
  2025-12-24 14:26:52 /build/assets/Show-vaubbnfS.js ............... ~ 0.09ms
  2025-12-24 14:26:52 /build/assets/Allowance-cqOkysPI.js .......... ~ 0.17ms
  2025-12-24 14:26:52 /build/assets/Show-BI6oj0NI.css .............. ~ 0.11ms
  2025-12-24 14:26:52 /build/assets/BlogCategories-C6TxH_Bt.js ..... ~ 0.14ms
  2025-12-24 14:26:52 /build/assets/Deduction-DGRPOBdJ.js .......... ~ 0.15ms
  2025-12-24 14:26:52 /build/assets/Divisions-BxyzrPRL.js .......... ~ 0.11ms
  2025-12-24 14:26:52 /build/assets/EmploymentStatuses-SpOnqu8p.js . ~ 0.11ms
  2025-12-24 14:26:52 /build/assets/EmploymentTypes-DTgSFUdY.js .... ~ 0.10ms
  2025-12-24 14:26:52 /build/assets/Genders-CagQbpCb.js ............ ~ 0.11ms
  2025-12-24 14:26:52 /build/assets/Honorifics-DYeRCYAY.js ......... ~ 0.10ms
  2025-12-24 14:26:52 /build/assets/Income-BOWvIbTq.js ............. ~ 0.10ms
  2025-12-24 14:26:52 /build/assets/Index-B8xC-yJI.js .............. ~ 0.13ms
  2025-12-24 14:26:52 /build/assets/Index-hOtiuyDQ.css ............. ~ 0.12ms
  2025-12-24 14:26:52 /build/assets/JobTitles-D5-PCd3H.js .......... ~ 0.11ms
  2025-12-24 14:26:52 /build/assets/QualificationTypes-CPoVsG9F.js . ~ 0.13ms
  2025-12-24 14:26:52 /build/assets/Relationships-BUguFV4D.js ...... ~ 0.07ms
  2025-12-24 14:26:52 /build/assets/Religions-8IQR_0XP.js .......... ~ 0.08ms
  2025-12-24 14:26:52 /build/assets/SalaryGrade-CfRO6AuR.js ........ ~ 0.08ms
  2025-12-24 14:26:52 /build/assets/SalaryScale-DY53xa0K.js ........ ~ 0.09ms
  2025-12-24 14:26:52 /build/assets/Streams-CGkzF6MN.js ............ ~ 0.11ms
  2025-12-24 14:26:52 /build/assets/Subjects-BQpiUqOC.js ........... ~ 0.10ms
  2025-12-24 14:26:52 /build/assets/TeacherTitles-CmGHM519.js ...... ~ 0.11ms
  2025-12-24 14:26:52 /build/assets/Dashboard-CSoH4JQU.js .......... ~ 0.10ms
  2025-12-24 14:26:52 /build/assets/GreetingCard-xQKp8u3D.js ....... ~ 0.06ms
  2025-12-24 14:26:52 /build/assets/AssignClasses-Cge23g6H.js ...... ~ 0.12ms
  2025-12-24 14:26:52 /build/assets/GreetingCard-d-HuJ_xn.css ...... ~ 0.06ms
  2025-12-24 14:26:52 /build/assets/index-BkfRXI0Q.js .............. ~ 0.07ms
  2025-12-24 14:26:52 /build/assets/AssignClasses-DNa1Zu07.css ..... ~ 0.18ms
  2025-12-24 14:26:52 /build/assets/AssignSubjects-BbwZC1hk.js ..... ~ 0.10ms
  2025-12-24 14:26:52 /build/assets/Edit-CuOzBobZ.js ............... ~ 0.10ms
  2025-12-24 14:26:52 /build/assets/Edit-BY4eCtR7.css .............. ~ 0.09ms
  2025-12-24 14:26:52 /build/assets/EmergencyContactAccordion-Fid4hVvh.js  ~ 0.06ms
  2025-12-24 14:26:52 /build/assets/EmployeeDataAccordion-CPdNs71n.js  ~ 0.08ms
  2025-12-24 14:26:52 /build/assets/Index-BrANl-Or.js .............. ~ 0.09ms
  2025-12-24 14:26:52 /build/assets/Modal-BA4ZmOyJ.js .............. ~ 0.10ms
  2025-12-24 14:26:52 /build/assets/Dropdown-DM4maAid.js ........... ~ 0.09ms
  2025-12-24 14:26:52 /build/assets/Index-CCa_qaaw.css ............. ~ 0.08ms
  2025-12-24 14:26:52 /build/assets/Index-BpeMCEUa.js .............. ~ 0.06ms
  2025-12-24 14:26:52 /build/assets/Index-gehn0z9Y.css ............. ~ 0.08ms
  2025-12-24 14:26:52 /build/assets/QualificationDetailAccordion-DHh5r88Z.js  ~ 0.08ms
  2025-12-24 14:26:52 /build/assets/Show-BJshI6ry.js ............... ~ 0.07ms
  2025-12-24 14:26:52 /build/assets/Create-DFngvBB5.js ............. ~ 0.08ms
  2025-12-24 14:26:52 /build/assets/Create-Kc1s9BP_.css ............ ~ 0.12ms
  2025-12-24 14:26:52 /build/assets/Edit-CtADr0ES.js ............... ~ 0.09ms
  2025-12-24 14:26:52 /build/assets/Edit-BXvpM3JB.css .............. ~ 0.08ms
  2025-12-24 14:26:52 /build/assets/Index-csCA_oea.js .............. ~ 0.13ms
  2025-12-24 14:26:52 /build/assets/Show-BkNLu62_.js ............... ~ 0.07ms
  2025-12-24 14:26:52 /build/assets/Show-BcbfK-aJ.css .............. ~ 0.10ms
  2025-12-24 14:26:52 /build/assets/WorkHistoryAccordion-D9sNfW8z.js  ~ 0.12ms
  2025-12-24 14:26:52 /build/assets/FeeBalance-P3oGMjqq.js ......... ~ 0.34ms
  2025-12-24 14:26:52 /build/assets/FeeBalance-VxAQu3JP.css ........ ~ 0.06ms
  2025-12-24 14:26:52 /build/assets/FeeReport-DSTqfaEU.js .......... ~ 0.05ms
  2025-12-24 14:26:52 /build/assets/FeeReport-8VCRTbjL.css ......... ~ 0.06ms
  2025-12-24 14:26:52 /build/assets/Create-D7S2v-np.js ............. ~ 0.06ms
  2025-12-24 14:26:52 /build/assets/Create-v8Xhr7wC.css ............ ~ 0.06ms
  2025-12-24 14:26:52 /build/assets/Edit-CgL5qSeq.js ............... ~ 0.06ms
  2025-12-24 14:26:52 /build/assets/Edit-BHrrC4kE.css .............. ~ 0.06ms
  2025-12-24 14:26:52 /build/assets/Index-DYi-onyb.js .............. ~ 0.07ms
  2025-12-24 14:26:52 /build/assets/Index-B3zSWBtC.css ............. ~ 0.07ms
  2025-12-24 14:26:52 /build/assets/Index-DsuRZHZ7.js .............. ~ 0.07ms
  2025-12-24 14:26:52 /build/assets/Index-Doodeb1f.css ............. ~ 0.07ms
  2025-12-24 14:26:52 /build/assets/PaymentHistory-Rd3u8K1-.js ..... ~ 0.07ms
  2025-12-24 14:26:52 /build/assets/Reports-BItoKzcV.js ............ ~ 0.08ms
  2025-12-24 14:26:52 /build/assets/PaymentHistory-BJycJNMh.css .... ~ 0.53ms
  2025-12-24 14:26:52 /build/assets/chart-BR_H7_9u.js .............. ~ 0.35ms
  2025-12-24 14:26:52 /build/assets/CollectionReport-B1KUzja8.js ... ~ 0.08ms
  2025-12-24 14:26:52 /build/assets/CollectionReport-DYb6BmdP.css .. ~ 0.07ms
  2025-12-24 14:26:52 /build/assets/Overview-CYrTp7_L.js ........... ~ 0.07ms
  2025-12-24 14:26:52 /build/assets/TransferFunds-IfcviQg3.js ...... ~ 0.08ms
  2025-12-24 14:26:52 /build/assets/TransferFunds-CH4O_5Wh.css ..... ~ 0.07ms
  2025-12-24 14:26:52 /build/assets/TransferHistory-Cvbu-xWj.js .... ~ 0.07ms
  2025-12-24 14:26:52 /build/assets/VerifyPayment-CVnS2iER.js ...... ~ 0.09ms
  2025-12-24 14:26:52 /build/assets/TransferHistory-Cpner_fp.css ... ~ 0.39ms
  2025-12-24 14:26:52 /build/assets/VerifyPayment-DoPr7nd5.css ..... ~ 0.07ms
  2025-12-24 14:26:52 /build/assets/Index-UFHsx2mZ.js .............. ~ 0.07ms
  2025-12-24 14:26:52 /build/assets/Create-DaVbbRbB.js ............. ~ 0.07ms
  2025-12-24 14:26:52 /build/assets/Index-DI6RdvPd.js .............. ~ 0.07ms
  2025-12-24 14:26:52 /build/assets/Index-CeguAubL.js .............. ~ 0.07ms
  2025-12-24 14:26:52 /build/assets/Assignments-Dsz-kAqu.js ........ ~ 0.07ms
  2025-12-24 14:26:52 /build/assets/Assignments-E-S82EKF.css ....... ~ 0.07ms
  2025-12-24 14:26:52 /build/assets/Classes-DsOeXKLy.js ............ ~ 0.07ms
  2025-12-24 14:26:52 /build/assets/Materials-I0ynjgq_.js .......... ~ 0.09ms
  2025-12-24 14:26:52 /build/assets/Classes-fTwbkkVc.css ........... ~ 0.45ms
  2025-12-24 14:26:52 /build/assets/Materials-C0tM08BT.css ......... ~ 0.07ms
  2025-12-24 14:26:52 /build/assets/Submissions-e3DNLZs9.js ........ ~ 0.06ms
  2025-12-24 14:26:52 /build/assets/Submissions-tVJZ77wn.css ....... ~ 0.06ms
  2025-12-24 14:26:52 /build/assets/Index-Dnkhg5mb.js .............. ~ 0.07ms
  2025-12-24 14:26:52 /build/assets/AllStaff-DZCis9xh.js ........... ~ 0.06ms
  2025-12-24 14:26:52 /build/assets/AllStudents-BEIWlxjN.js ........ ~ 0.06ms
  2025-12-24 14:26:52 /build/assets/Index-B3xNwv0S.js .............. ~ 0.06ms
  2025-12-24 14:26:52 /build/assets/index-DHXAGmwn.css ............. ~ 0.06ms
  2025-12-24 14:26:52 /build/assets/StaffAttendance-DFES7CLc.js .... ~ 0.06ms
  2025-12-24 14:26:52 /build/assets/Index-DGOWsciu.js .............. ~ 0.06ms
  2025-12-24 14:26:52 /build/assets/AcademicYears-BazAGrHU.js ...... ~ 0.06ms
  2025-12-24 14:26:52 /build/assets/Create-DYBYgSe3.js ............. ~ 0.06ms
  2025-12-24 14:26:52 /build/assets/Create-DCBl5WcC.css ............ ~ 0.06ms
  2025-12-24 14:26:52 /build/assets/Index-CxKbDSut.js .............. ~ 0.07ms
  2025-12-24 14:26:52 /build/assets/Create-B5W-RsB-.js ............. ~ 0.06ms
  2025-12-24 14:26:52 /build/assets/Create-CWlJcrMT.css ............ ~ 0.06ms
  2025-12-24 14:26:52 /build/assets/Edit-Cj5Wvjyq.js ............... ~ 0.06ms
  2025-12-24 14:26:52 /build/assets/Edit-ujsFgBVD.css .............. ~ 0.06ms
  2025-12-24 14:26:52 /build/assets/Index-CJwk0260.js .............. ~ 0.06ms
  2025-12-24 14:26:52 /build/assets/Index-CyoEYGUx.css ............. ~ 0.06ms
  2025-12-24 14:26:52 /build/assets/Show-oQQy4dtT.js ............... ~ 0.06ms
  2025-12-24 14:26:52 /build/assets/Show-Bq3C96w7.css .............. ~ 0.06ms
  2025-12-24 14:26:52 /build/assets/Index-Bwkdxgi-.js .............. ~ 0.06ms
  2025-12-24 14:26:52 /build/assets/Index-DfFmz-Mj.js .............. ~ 0.06ms
  2025-12-24 14:26:52 /build/assets/Index-DWBFAwj1.js .............. ~ 0.06ms
  2025-12-24 14:26:52 /build/assets/Blogs-Cyr0jaZD.js .............. ~ 0.06ms
  2025-12-24 14:26:52 /build/assets/Editor-C3JcYD92.js ............. ~ 0.06ms
  2025-12-24 14:26:52 /build/assets/Editor-DCiBGPfP.css ............ ~ 0.06ms
  2025-12-24 14:26:52 /build/assets/Careers-B7OIWeJv.js ............ ~ 0.06ms
  2025-12-24 14:26:52 /build/assets/Index-DRi2az-m.js .............. ~ 0.05ms
  2025-12-24 14:26:52 /build/assets/Index-DJ9xZC-1.css ............. ~ 0.06ms
  2025-12-24 14:26:52 /build/assets/Buttons-DJFtN0w6.js ............ ~ 0.06ms
  2025-12-24 14:26:52 /build/assets/Buttons-DHNf4XXu.css ........... ~ 0.06ms
  2025-12-24 14:26:52 /build/assets/Colors-DHIibDXx.js ............. ~ 0.06ms
  2025-12-24 14:26:52 /build/assets/Index-C8xlpOXt.js .............. ~ 0.06ms
  2025-12-24 14:26:52 /build/assets/Index-CEPBEXi6.css ............. ~ 0.06ms
  2025-12-24 14:26:52 /build/assets/Index-CvZxQykf.js .............. ~ 0.05ms
  2025-12-24 14:26:52 /build/assets/Index-B2Q0WWY_.js .............. ~ 0.06ms
  2025-12-24 14:26:52 /build/assets/Create-CZf24PES.js ............. ~ 0.06ms
  2025-12-24 14:26:52 /build/assets/Create-Co4pdLcW.css ............ ~ 0.06ms
  2025-12-24 14:26:52 /build/assets/Edit-CBs8iH27.js ............... ~ 0.06ms
  2025-12-24 14:26:52 /build/assets/Edit-CQCm6wpr.css .............. ~ 0.06ms
  2025-12-24 14:26:52 /build/assets/Index-B8u-hAPd.js .............. ~ 0.06ms
  2025-12-24 14:26:52 /build/assets/ManagePageSections-CT1cDkWD.js . ~ 0.05ms
  2025-12-24 14:26:52 /build/assets/ManagePageSections-Bn7DDJFs.css  ~ 0.05ms
  2025-12-24 14:26:52 /build/assets/Index-DYVUARq7.js .............. ~ 0.05ms
  2025-12-24 14:26:52 /build/assets/Login-DcrQpr_y.js .............. ~ 0.06ms
  2025-12-24 14:26:52 /build/assets/Dashboard-DjGpAEoB.js .......... ~ 0.06ms
  2025-12-24 14:26:52 /build/assets/AssignClasses-Ctdoq04E.js ...... ~ 0.06ms
  2025-12-24 14:26:52 /build/assets/AssignClasses-BpmGkGfR.css ..... ~ 0.05ms
  2025-12-24 14:26:52 /build/assets/Index-B5onuUab.js .............. ~ 0.06ms
  2025-12-24 14:26:52 /build/assets/Functions-DBdvPDQ4.js .......... ~ 0.06ms
  2025-12-24 14:26:52 /build/assets/MarkAttendance-CGgUQOrb.js ..... ~ 0.06ms
  2025-12-24 14:26:52 /build/assets/Report-GsDyZGPE.js ............. ~ 0.05ms
  2025-12-24 14:26:52 /build/assets/Login-CRbPVh12.js .............. ~ 0.06ms
  2025-12-24 14:26:52 /build/assets/Login-E8Pxa4F2.css ............. ~ 0.06ms
  2025-12-24 14:26:52 /build/assets/Index-DCnFMI2Q.js .............. ~ 0.05ms
  2025-12-24 14:26:52 /build/assets/Dashboard-EVClAb3r.js .......... ~ 0.06ms
  2025-12-24 14:26:52 /build/assets/Dashboard-DMZbz74x.css ......... ~ 0.05ms
  2025-12-24 14:26:52 /build/assets/EnterMarks-ZAHTJArf.js ......... ~ 0.06ms
  2025-12-24 14:26:52 /build/assets/SubmittedMarks-CN7XBdEY.js ..... ~ 0.06ms
  2025-12-24 14:26:52 /build/assets/EnterMarks-DwL5Vpbu.css ........ ~ 0.30ms
  2025-12-24 14:26:52 /build/assets/SubmittedMarks-CTHh4nKk.css .... ~ 0.05ms
  2025-12-24 14:26:52 /build/assets/Index-CTFCkX5e.js .............. ~ 0.05ms
  2025-12-24 14:26:52 /build/assets/Index-bfWcpLwP.css ............. ~ 0.05ms
  2025-12-24 14:26:52 /build/assets/EmergencyContacts-fhL2w3zY.js .. ~ 0.05ms
  2025-12-24 14:26:52 /build/assets/EmployeeDetails-L6Xw8eCj.js .... ~ 0.06ms
  2025-12-24 14:26:52 /build/assets/Qualifications-DpWwh8_E.js ..... ~ 0.06ms
  2025-12-24 14:26:52 /build/assets/UpdatePassword-DTZxeV82.js ..... ~ 0.05ms
  2025-12-24 14:26:52 /build/assets/UpdatePassword-BJM0g8p3.css .... ~ 0.05ms
  2025-12-24 14:26:52 /build/assets/WorkHistories-CQNu_lQ4.js ...... ~ 0.05ms
  2025-12-24 14:26:52 /build/assets/Index-CQXGaVab.js .............. ~ 0.05ms
  2025-12-24 14:26:52 /build/assets/Index-C2y-pRbf.css ............. ~ 0.06ms
  2025-12-24 14:26:52 /build/assets/Index-ClGZinUr.js .............. ~ 0.06ms
  2025-12-24 14:26:52 /build/assets/Index-C5-jqY8P.js .............. ~ 0.05ms
  2025-12-24 14:26:52 /build/assets/ApprovalQueue-B_vwXWzS.js ...... ~ 0.05ms
  2025-12-24 14:26:52 /build/assets/ApprovalQueue-D2DnOygN.css ..... ~ 0.06ms
  2025-12-24 14:26:52 /build/assets/Index-_4a69T4y.js .............. ~ 0.05ms
  2025-12-24 14:26:52 /build/assets/Index-DBqBUu7X.js .............. ~ 0.06ms
  2025-12-24 14:26:52 /build/assets/PayrollAdjustment-C_PeufRX.js .. ~ 0.05ms
  2025-12-24 14:26:52 /build/assets/iziToast-DyejMmKE.js ........... ~ 0.05ms
  2025-12-24 14:26:52 /build/assets/PayrollAdjustmentAllowance-CB-SqUPX.js  ~ 0.06ms
  2025-12-24 14:26:52 /build/assets/PayrollAdjustmentDeduction-hF7pXqC6.js  ~ 0.06ms
  2025-12-24 14:26:52 /build/assets/PayrollDetails-CP6Y3HM-.js ..... ~ 0.06ms
  2025-12-24 14:26:52 /build/assets/PayrollRun-X6FwjKOt.js ......... ~ 0.05ms
  2025-12-24 14:26:52 /build/assets/Edit-tx3prSx9.js ............... ~ 0.06ms
  2025-12-24 14:26:52 /build/assets/SecondaryButton-B_P7c60-.js .... ~ 0.06ms
  2025-12-24 14:26:52 /build/assets/Index-HMJXy9ZC.js .............. ~ 0.05ms
  2025-12-24 14:26:52 /build/assets/DeleteUserForm-CAT2HTqZ.js ..... ~ 0.06ms
  2025-12-24 14:26:52 /build/assets/UpdatePasswordForm-Dh2YGW39.js . ~ 0.05ms
  2025-12-24 14:26:52 /build/assets/UpdateProfileInformationForm-KBLDtSs9.js  ~ 0.06ms
  2025-12-24 14:26:52 /build/assets/Index-DyNd-033.js .............. ~ 0.06ms
  2025-12-24 14:26:52 /build/assets/Index-Bdx268IB.css ............. ~ 0.06ms
  2025-12-24 14:26:52 /build/assets/Success-DKiB3gCq.js ............ ~ 0.08ms
  2025-12-24 14:26:52 /build/assets/Success-r-hqeCiF.css ........... ~ 0.06ms
  2025-12-24 14:26:52 /build/assets/Track-Dy34qNTn.js .............. ~ 0.07ms
  2025-12-24 14:26:52 /build/assets/Track-L7omozRj.css ............. ~ 0.05ms
  2025-12-24 14:26:52 /build/assets/TrackingForm-Cx1ym5JJ.js ....... ~ 0.06ms
  2025-12-24 14:26:52 /build/assets/TrackingForm-BbDMoIBK.css ...... ~ 0.06ms
  2025-12-24 14:26:52 /build/assets/Index-DtGt772s.js .............. ~ 0.06ms
  2025-12-24 14:26:52 /build/assets/StudentLayout-B9FXiwg5.js ...... ~ 0.05ms
  2025-12-24 14:26:52 /build/assets/StudentLayout-OSj59oVD.css ..... ~ 0.06ms
  2025-12-24 14:26:52 /build/assets/ChangePassword-lESQQjZi.js ..... ~ 0.06ms
  2025-12-24 14:26:52 /build/assets/Index-CFkeMkoU.js .............. ~ 0.06ms
  2025-12-24 14:26:52 /build/assets/Dashboard-D1UFvO48.js .......... ~ 0.07ms
  2025-12-24 14:26:52 /build/assets/Index-BosLbLHN.js .............. ~ 0.05ms
  2025-12-24 14:26:52 /build/assets/Dashboard-XybeFVte.css ......... ~ 0.06ms
  2025-12-24 14:26:52 /build/assets/Assignments-2m3f4j7G.js ........ ~ 0.05ms
  2025-12-24 14:26:52 /build/assets/Assignments-BdxcnUAt.css ....... ~ 0.06ms
  2025-12-24 14:26:52 /build/assets/Classes-vUTK2Qy8.js ............ ~ 0.06ms
  2025-12-24 14:26:52 /build/assets/Classes-CYXZVLji.css ........... ~ 0.50ms
  2025-12-24 14:26:52 /build/assets/Dashboard-BR9mJe-C.js .......... ~ 0.36ms
  2025-12-24 14:26:52 /build/assets/Materials-BMZT1X_r.js .......... ~ 0.27ms
  2025-12-24 14:26:52 /build/assets/Dashboard-Df8LdpHi.css ......... ~ 0.31ms
  2025-12-24 14:26:52 /build/assets/Materials-D_KfWPSc.css ......... ~ 0.34ms
  2025-12-24 14:26:52 /build/assets/Index-pDVbONj5.js .............. ~ 0.29ms
  2025-12-24 14:26:52 /build/assets/Edit-BzmtY3TI.js ............... ~ 0.30ms
  2025-12-24 14:26:52 /build/assets/Edit-C4P7t_N1.css .............. ~ 0.32ms
  2025-12-24 14:26:52 /build/assets/Index-DUF7lvgK.js .............. ~ 0.36ms
  2025-12-24 14:26:52 /build/assets/Show-fU7ixDCA.js ............... ~ 0.31ms
  2025-12-24 14:26:52 /build/assets/MyTimetable-B8nHCuvF.js ........ ~ 0.29ms
  2025-12-24 14:26:52 /build/assets/MyTimetable-DCklv2Sq.css ....... ~ 0.18ms
  2025-12-24 14:26:52 /build/assets/Generate-DuWzLSQu.js ........... ~ 0.18ms
  2025-12-24 14:26:52 /build/assets/Constraints-LI_Cs0Wy.js ........ ~ 0.16ms
  2025-12-24 14:26:52 /build/assets/Constraints-BZS0SRTT.css ....... ~ 0.17ms
  2025-12-24 14:26:52 /build/assets/Periods-CFzfETsi.js ............ ~ 0.14ms
  2025-12-24 14:26:52 /build/assets/SubjectAllocation-CmCoB5Qm.js .. ~ 0.13ms
  2025-12-24 14:26:52 /build/assets/ClassTimetable-CvShgWSU.js ..... ~ 0.11ms
  2025-12-24 14:26:52 /build/assets/SubjectAllocation-LlDamDcb.css . ~ 0.12ms
  2025-12-24 14:26:52 /build/assets/ClassTimetable-DKnYbDuK.css .... ~ 0.11ms
  2025-12-24 14:26:52 /build/assets/TeacherTimetable-DxJ1bkY-.js ... ~ 0.11ms
  2025-12-24 14:26:52 /build/assets/Welcome-Dqfz8OCD.js ............ ~ 0.12ms
  2025-12-24 14:26:52 /build/assets/DefaultLayout-D4V1k-CH.js ...... ~ 0.12ms
  2025-12-24 14:26:52 /build/assets/DefaultLayout-UfeXBpZ5.css ..... ~ 0.12ms
  2025-12-24 14:26:52 /build/assets/Pagination-I_90gCBU.js ......... ~ 0.11ms
  2025-12-24 14:26:52 /build/assets/lodash-Cp3bbJkt.js ............. ~ 0.10ms
  2025-12-24 14:26:52 /build/assets/Pagination-BbeKvaSo.css ........ ~ 0.12ms
  2025-12-24 14:26:52 /build/assets/Footer-DUItRM76.js ............. ~ 0.12ms
  2025-12-24 14:26:52 /build/assets/Footer-Dp49msI0.css ............ ~ 0.11ms
  2025-12-24 14:27:20 /login ..................................... ~ 500.79ms
  2025-12-24 14:27:20 /employee/dashboard .......................... ~ 0.09ms
  2025-12-24 14:27:20 /login ....................................... ~ 0.14ms
  2025-12-24 14:27:20 /dashboard ................................... ~ 0.11ms
  2025-12-24 14:27:20 /admin/dashboard ............................. ~ 0.09ms
  2025-12-24 14:27:20 /build/assets/Dashboard-CSoH4JQU.js .......... ~ 0.09ms
  2025-12-24 14:27:20 /build/assets/DefaultLayout-D4V1k-CH.js ...... ~ 0.08ms
  2025-12-24 14:27:20 /build/assets/Footer-DUItRM76.js ............. ~ 0.09ms
  2025-12-24 14:27:20 /build/assets/Footer-Dp49msI0.css ............ ~ 0.09ms
  2025-12-24 14:27:20 /build/assets/DefaultLayout-UfeXBpZ5.css ..... ~ 0.08ms
  2025-12-24 14:27:20 /build/assets/GreetingCard-xQKp8u3D.js ....... ~ 0.08ms
  2025-12-24 14:27:20 /build/assets/GreetingCard-d-HuJ_xn.css ...... ~ 0.08ms
  2025-12-24 14:27:20 /assets/images/branding/skaas-schools-logo.png  ~ 0.09ms
  2025-12-24 14:27:20 /build/assets/PublicSans-Bold-DEFlLvwJ.ttf ... ~ 0.55ms
  2025-12-24 14:27:20 /build/assets/PublicSans-SemiBold-C3mio3B6.ttf  ~ 0.39ms
  2025-12-24 14:27:43 /admin/calendar ............................ ~ 500.65ms
  2025-12-24 14:27:43 /build/assets/Index-DnAgpyWs.js .............. ~ 0.13ms
  2025-12-24 14:27:43 /build/assets/SchoolCalendar-BsFzr6IW.js ..... ~ 0.11ms
  2025-12-24 14:27:43 /build/assets/SchoolCalendar-qEf1aTuN.css .... ~ 0.14ms
  2025-12-24 14:27:43 /admin/calendar/events/fetch ................. ~ 0.06ms
  2025-12-24 14:27:49 .................................................. ~ 5s
  2025-12-24 14:27:55 /admin/roles ................................. ~ 0.19ms
  2025-12-24 14:27:55 /build/assets/Index-DGOWsciu.js .............. ~ 0.22ms
  2025-12-24 14:27:55 /build/assets/debounce-CUCrd10S.js ........... ~ 1.05ms
  2025-12-24 14:27:55 /build/assets/index-DEkOz_Te.js .............. ~ 0.15ms
  2025-12-24 14:27:55 /datatable/roles ........................... ~ 500.94ms
  2025-12-24 14:27:55 /datatable/permissions ....................... ~ 0.43ms
  2025-12-24 14:28:04 .................................................. ~ 5s
  2025-12-24 14:34:08 /admin/roles ................................. ~ 0.56ms
  2025-12-24 14:34:08 /build/assets/app-BFwkEv0t.css ............... ~ 0.37ms
  2025-12-24 14:34:08 /build/assets/app-BuAiy87a.css ............... ~ 2.63ms
  2025-12-24 14:34:08 /build/assets/app-Cr25-tCg.js ................ ~ 0.42ms
  2025-12-24 14:34:09 /build/assets/Index-BS2TMsqX.js .............. ~ 0.70ms
  2025-12-24 14:34:09 /build/assets/DefaultLayout-BtAZCRh8.js ...... ~ 0.17ms
  2025-12-24 14:34:09 /build/assets/Footer-CxweaXoq.js ............. ~ 3.48ms
  2025-12-24 14:34:09 /build/assets/Footer-Dp49msI0.css ............ ~ 0.17ms
  2025-12-24 14:34:09 /build/assets/DefaultLayout-UfeXBpZ5.css ..... ~ 0.12ms
  2025-12-24 14:34:09 /build/assets/debounce-C2KJfGFS.js ........... ~ 1.68ms
  2025-12-24 14:34:09 /build/assets/index-seoVBrnv.js .............. ~ 0.25ms
  2025-12-24 14:34:09 /favicon.ico ................................. ~ 0.95ms
  2025-12-24 14:34:09 /datatable/roles ............................. ~ 0.15ms
  2025-12-24 14:34:09 /assets/images/branding/skaas-schools-logo.png  ~ 0.55ms
  2025-12-24 14:34:09 /build/assets/boxicons-CeGEncwm.woff2 ........ ~ 1.80ms
  2025-12-24 14:34:09 /datatable/permissions ....................... ~ 3.43ms
  2025-12-24 14:34:09 /build/assets/PublicSans-Medium-DOt0zBLs.ttf . ~ 7.42ms
  2025-12-24 14:34:09 /build/assets/PublicSans-Regular-CcK-bgQZ.ttf  ~ 8.83ms
  2025-12-24 14:34:09 /build/assets/OnlineApplications-B8Evpt-u.js . ~ 0.17ms
  2025-12-24 14:34:09 /build/assets/OnlineApplications-CZwoTwJe.css  ~ 0.14ms
  2025-12-24 14:34:09 /build/assets/Index-CQOJzCvo.js .............. ~ 0.24ms
  2025-12-24 14:34:09 /build/assets/Report-CTXPkjr7.js ............. ~ 1.01ms
  2025-12-24 14:34:09 /build/assets/debounce-C2KJfGFS.js ........... ~ 0.10ms
  2025-12-24 14:34:09 /build/assets/ConfirmPassword-CblilkoX.js .... ~ 0.10ms
  2025-12-24 14:34:09 /build/assets/GuestLayout-CLybHsj_.js ........ ~ 0.12ms
  2025-12-24 14:34:09 /build/assets/GuestLayout-D0pWnSgT.css ....... ~ 0.11ms
  2025-12-24 14:34:09 /build/assets/InputError-CFnyvVgr.js ......... ~ 0.09ms
  2025-12-24 14:34:09 /build/assets/InputLabel-CIZHok2Y.js ......... ~ 0.13ms
  2025-12-24 14:34:09 /build/assets/PrimaryButton-CwTAKacC.js ...... ~ 0.09ms
  2025-12-24 14:34:09 /build/assets/TextInput-DCbCrxZV.js .......... ~ 0.12ms
  2025-12-24 14:34:09 /build/assets/ForgotPassword-Dxdgn3V9.js ..... ~ 0.11ms
  2025-12-24 14:34:09 /build/assets/Login-DJ600VRn.js .............. ~ 0.10ms
  2025-12-24 14:34:09 /build/assets/Checkbox-CnJfe3WQ.js ........... ~ 0.12ms
  2025-12-24 14:34:09 /build/assets/Register-DsE7X0tW.js ........... ~ 0.09ms
  2025-12-24 14:34:09 /build/assets/ResetPassword-BDT5sAEi.js ...... ~ 0.08ms
  2025-12-24 14:34:09 /build/assets/Index-uLIL7Bie.js .............. ~ 0.08ms
  2025-12-24 14:34:09 /build/assets/VerifyEmail-BjJtL2dN.js ........ ~ 0.61ms
  2025-12-24 14:34:09 /build/assets/SchoolCalendar-CJ_oTUNT.js ..... ~ 0.07ms
  2025-12-24 14:34:09 /build/assets/Index-DigOoH3h.js .............. ~ 0.08ms
  2025-12-24 14:34:09 /build/assets/SchoolCalendar-qEf1aTuN.css .... ~ 0.74ms
  2025-12-24 14:34:09 /build/assets/index-seoVBrnv.js .............. ~ 0.08ms
  2025-12-24 14:34:09 /build/assets/Show-78DpVx-c.js ............... ~ 0.11ms
  2025-12-24 14:34:09 /build/assets/Show-BI6oj0NI.css .............. ~ 0.12ms
  2025-12-24 14:34:09 /build/assets/Allowance-CkXtV36g.js .......... ~ 0.07ms
  2025-12-24 14:34:09 /build/assets/BlogCategories-BDDFDNao.js ..... ~ 0.12ms
  2025-12-24 14:34:09 /build/assets/Deduction-CG4KZ7yk.js .......... ~ 0.08ms
  2025-12-24 14:34:09 /build/assets/Divisions-3ZTqIZ9D.js .......... ~ 0.07ms
  2025-12-24 14:34:09 /build/assets/EmploymentStatuses-DoT_Ufll.js . ~ 0.10ms
  2025-12-24 14:34:09 /build/assets/EmploymentTypes-CvHuq-6D.js .... ~ 0.11ms
  2025-12-24 14:34:09 /build/assets/Genders-CenE8SFX.js ............ ~ 0.12ms
  2025-12-24 14:34:09 /build/assets/Honorifics-Ds560eob.js ......... ~ 0.12ms
  2025-12-24 14:34:09 /build/assets/Income-Df6jW1BY.js ............. ~ 0.11ms
  2025-12-24 14:34:09 /build/assets/Index-oRxOrMlp.js .............. ~ 0.08ms
  2025-12-24 14:34:09 /build/assets/JobTitles-Bn-8ZHJE.js .......... ~ 0.10ms
  2025-12-24 14:34:09 /build/assets/Index-hOtiuyDQ.css ............. ~ 0.64ms
  2025-12-24 14:34:09 /build/assets/QualificationTypes-B2vqaJn1.js . ~ 0.13ms
  2025-12-24 14:34:09 /build/assets/Relationships-CnVD3lO-.js ...... ~ 0.10ms
  2025-12-24 14:34:09 /build/assets/Religions-BkiWrSvZ.js .......... ~ 0.13ms
  2025-12-24 14:34:09 /build/assets/SalaryGrade-DQb34cqt.js ........ ~ 0.10ms
  2025-12-24 14:34:09 /build/assets/SalaryScale-DEE6-S9c.js ........ ~ 0.11ms
  2025-12-24 14:34:09 /build/assets/Streams-CzLnSdT3.js ............ ~ 0.08ms
  2025-12-24 14:34:09 /build/assets/Subjects-DD90Zy_I.js ........... ~ 0.14ms
  2025-12-24 14:34:09 /build/assets/TeacherTitles-CyFCnnvn.js ...... ~ 0.13ms
  2025-12-24 14:34:09 /build/assets/Dashboard-CEpyXYym.js .......... ~ 0.12ms
  2025-12-24 14:34:09 /build/assets/GreetingCard-B2Aj1Etc.js ....... ~ 0.11ms
  2025-12-24 14:34:09 /build/assets/GreetingCard-d-HuJ_xn.css ...... ~ 0.19ms
  2025-12-24 14:34:09 /build/assets/AssignClasses-CWtL08lT.js ...... ~ 0.26ms
  2025-12-24 14:34:09 /build/assets/index-B6uKtBLa.js .............. ~ 0.12ms
  2025-12-24 14:34:09 /build/assets/AssignClasses-DNa1Zu07.css ..... ~ 0.09ms
  2025-12-24 14:34:09 /build/assets/AssignSubjects-O-PrlQ5a.js ..... ~ 0.08ms
  2025-12-24 14:34:09 /build/assets/Edit-CAOe-0fJ.js ............... ~ 0.09ms
  2025-12-24 14:34:09 /build/assets/Edit-BY4eCtR7.css .............. ~ 0.08ms
  2025-12-24 14:34:09 /build/assets/EmergencyContactAccordion-DpOulXUu.js  ~ 0.09ms
  2025-12-24 14:34:09 /build/assets/EmployeeDataAccordion-QT2BA0eQ.js  ~ 0.08ms
  2025-12-24 14:34:09 /build/assets/Index-CMrfo2a6.js .............. ~ 0.08ms
  2025-12-24 14:34:09 /build/assets/Modal-CDKoTvZw.js .............. ~ 0.08ms
  2025-12-24 14:34:09 /build/assets/Dropdown-CA_M7SU5.js ........... ~ 0.08ms
  2025-12-24 14:34:09 /build/assets/Index-CCa_qaaw.css ............. ~ 0.08ms
  2025-12-24 14:34:09 /build/assets/Index-BZIDqCKR.js .............. ~ 0.08ms
  2025-12-24 14:34:09 /build/assets/Index-gehn0z9Y.css ............. ~ 0.07ms
  2025-12-24 14:34:09 /build/assets/QualificationDetailAccordion-DIJoPqob.js  ~ 0.08ms
  2025-12-24 14:34:09 /build/assets/Show-CuWlwox7.js ............... ~ 0.07ms
  2025-12-24 14:34:09 /build/assets/Create-BrGwiYVf.js ............. ~ 0.07ms
  2025-12-24 14:34:09 /build/assets/Create-Kc1s9BP_.css ............ ~ 0.06ms
  2025-12-24 14:34:09 /build/assets/Edit-DgWB5cUy.js ............... ~ 0.06ms
  2025-12-24 14:34:09 /build/assets/Edit-BXvpM3JB.css .............. ~ 0.06ms
  2025-12-24 14:34:09 /build/assets/Index-zYTL82kO.js .............. ~ 0.06ms
  2025-12-24 14:34:09 /build/assets/Show-BJjGsMmC.js ............... ~ 0.06ms
  2025-12-24 14:34:09 /build/assets/Show-BcbfK-aJ.css .............. ~ 0.06ms
  2025-12-24 14:34:09 /build/assets/WorkHistoryAccordion-Bqt3jyo9.js  ~ 0.10ms
  2025-12-24 14:34:09 /build/assets/FeeBalance-CotOx1B1.js ......... ~ 0.09ms
  2025-12-24 14:34:09 /build/assets/FeeBalance-VxAQu3JP.css ........ ~ 0.06ms
  2025-12-24 14:34:09 /build/assets/FeeReport-CtAwC7c4.js .......... ~ 0.08ms
  2025-12-24 14:34:09 /build/assets/FeeReport-8VCRTbjL.css ......... ~ 0.09ms
  2025-12-24 14:34:09 /build/assets/Create-BdIKcJfb.js ............. ~ 0.09ms
  2025-12-24 14:34:09 /build/assets/Create-v8Xhr7wC.css ............ ~ 0.08ms
  2025-12-24 14:34:09 /build/assets/Edit-BDkeasxs.js ............... ~ 0.11ms
  2025-12-24 14:34:09 /build/assets/Edit-BHrrC4kE.css .............. ~ 0.28ms
  2025-12-24 14:34:09 /build/assets/Index-By0zgEoA.js .............. ~ 0.11ms
  2025-12-24 14:34:09 /build/assets/Index-B3zSWBtC.css ............. ~ 0.17ms
  2025-12-24 14:34:09 /build/assets/Index-CEyO_DzC.js .............. ~ 0.14ms
  2025-12-24 14:34:09 /build/assets/Index-Doodeb1f.css ............. ~ 0.07ms
  2025-12-24 14:34:10 /build/assets/PaymentHistory-CI-6rmU_.js ..... ~ 0.07ms
  2025-12-24 14:34:10 /build/assets/PaymentHistory-BJycJNMh.css .... ~ 0.07ms
  2025-12-24 14:34:10 /build/assets/Reports-uYUaNzJp.js ............ ~ 0.07ms
  2025-12-24 14:34:10 /build/assets/chart-BR_H7_9u.js .............. ~ 0.07ms
  2025-12-24 14:34:10 /build/assets/CollectionReport-LPdShozg.js ... ~ 0.07ms
  2025-12-24 14:34:10 /build/assets/CollectionReport-DYb6BmdP.css .. ~ 0.07ms
  2025-12-24 14:34:10 /build/assets/Overview-CcKWIvFb.js ........... ~ 0.07ms
  2025-12-24 14:34:10 /build/assets/TransferFunds-BOSgmY3U.js ...... ~ 0.07ms
  2025-12-24 14:34:10 /build/assets/TransferFunds-CH4O_5Wh.css ..... ~ 0.07ms
  2025-12-24 14:34:10 /build/assets/TransferHistory-BOt6f1t5.js .... ~ 0.08ms
  2025-12-24 14:34:10 /build/assets/TransferHistory-Cpner_fp.css ... ~ 0.07ms
  2025-12-24 14:34:10 /build/assets/VerifyPayment-BPRK36h9.js ...... ~ 0.07ms
  2025-12-24 14:34:10 /build/assets/VerifyPayment-DoPr7nd5.css ..... ~ 0.07ms
  2025-12-24 14:34:10 /build/assets/Index-BgBxw0Jt.js .............. ~ 0.08ms
  2025-12-24 14:34:10 /build/assets/Create-BM9hJKjr.js ............. ~ 0.07ms
  2025-12-24 14:34:10 /build/assets/Index-BzlnErLp.js .............. ~ 0.07ms
  2025-12-24 14:34:10 /build/assets/Index-CAA73eBD.js .............. ~ 0.06ms
  2025-12-24 14:34:10 /build/assets/Assignments-BZxzOCTW.js ........ ~ 0.05ms
  2025-12-24 14:34:10 /build/assets/Assignments-E-S82EKF.css ....... ~ 0.05ms
  2025-12-24 14:34:10 /build/assets/Classes-RdcKkjui.js ............ ~ 0.05ms
  2025-12-24 14:34:10 /build/assets/Classes-fTwbkkVc.css ........... ~ 0.05ms
  2025-12-24 14:34:10 /build/assets/Materials-BPjTAzPd.js .......... ~ 0.05ms
  2025-12-24 14:34:10 /build/assets/Materials-C0tM08BT.css ......... ~ 0.05ms
  2025-12-24 14:34:10 /build/assets/Submissions-BYAq4X00.js ........ ~ 0.06ms
  2025-12-24 14:34:10 /build/assets/Submissions-tVJZ77wn.css ....... ~ 0.07ms
  2025-12-24 14:34:10 /build/assets/Index-BLtZXDWB.js .............. ~ 0.07ms
  2025-12-24 14:34:10 /build/assets/AllStaff-CF-TuKjZ.js ........... ~ 0.07ms
  2025-12-24 14:34:10 /build/assets/AllStudents-C5GU8HSW.js ........ ~ 0.07ms
  2025-12-24 14:34:10 /build/assets/Index-Bq6EqaVt.js .............. ~ 0.07ms
  2025-12-24 14:34:10 /build/assets/index-DHXAGmwn.css ............. ~ 0.07ms
  2025-12-24 14:34:10 /build/assets/StaffAttendance-Bi7hxOLP.js .... ~ 0.07ms
  2025-12-24 14:34:10 /build/assets/Index-BS2TMsqX.js .............. ~ 0.07ms
  2025-12-24 14:34:10 /build/assets/AcademicYears-jqJGgArh.js ...... ~ 0.07ms
  2025-12-24 14:34:10 /build/assets/Create-BO1oo1BZ.js ............. ~ 0.07ms
  2025-12-24 14:34:10 /build/assets/Create-DCBl5WcC.css ............ ~ 0.07ms
  2025-12-24 14:34:10 /build/assets/Index-CBnt5vgk.js .............. ~ 0.07ms
  2025-12-24 14:34:10 /build/assets/Create-BfP7qafc.js ............. ~ 0.07ms
  2025-12-24 14:34:10 /build/assets/Create-CWlJcrMT.css ............ ~ 0.07ms
  2025-12-24 14:34:10 /build/assets/Edit-_Lx0OzFv.js ............... ~ 0.07ms
  2025-12-24 14:34:10 /build/assets/Edit-ujsFgBVD.css .............. ~ 0.08ms
  2025-12-24 14:34:10 /build/assets/Index-C6qw94Uz.js .............. ~ 0.07ms
  2025-12-24 14:34:10 /build/assets/Index-CyoEYGUx.css ............. ~ 0.07ms
  2025-12-24 14:34:10 /build/assets/Show-BoOEd6_g.js ............... ~ 0.07ms
  2025-12-24 14:34:10 /build/assets/Show-Bq3C96w7.css .............. ~ 0.07ms
  2025-12-24 14:34:10 /build/assets/Index-B90HG29R.js .............. ~ 0.08ms
  2025-12-24 14:34:10 /build/assets/Index-CuBv-6rn.js .............. ~ 0.07ms
  2025-12-24 14:34:10 /build/assets/Index-Dher0mEx.js .............. ~ 0.07ms
  2025-12-24 14:34:10 /build/assets/Blogs-Cu_Trpao.js .............. ~ 0.07ms
  2025-12-24 14:34:10 /build/assets/Editor-DofRNna2.js ............. ~ 0.07ms
  2025-12-24 14:34:10 /build/assets/Editor-DCiBGPfP.css ............ ~ 0.07ms
  2025-12-24 14:34:10 /build/assets/Careers-UsPavvMZ.js ............ ~ 0.07ms
  2025-12-24 14:34:10 /build/assets/Index-DnXm4UJt.js .............. ~ 0.07ms
  2025-12-24 14:34:10 /build/assets/Index-DJ9xZC-1.css ............. ~ 0.07ms
  2025-12-24 14:34:10 /build/assets/Buttons-B8tClK1M.js ............ ~ 0.07ms
  2025-12-24 14:34:10 /build/assets/Buttons-DHNf4XXu.css ........... ~ 0.07ms
  2025-12-24 14:34:10 /build/assets/Colors-CqZa4CEE.js ............. ~ 0.07ms
  2025-12-24 14:34:10 /build/assets/Index-DHijYQ3e.js .............. ~ 0.07ms
  2025-12-24 14:34:10 /build/assets/Index-CEPBEXi6.css ............. ~ 0.07ms
  2025-12-24 14:34:10 /build/assets/Index-C6_-U0Cp.js .............. ~ 0.07ms
  2025-12-24 14:34:10 /build/assets/Index-RCi9OY9y.js .............. ~ 0.07ms
  2025-12-24 14:34:10 /build/assets/Create-DUDIpZpL.js ............. ~ 0.07ms
  2025-12-24 14:34:10 /build/assets/Create-Co4pdLcW.css ............ ~ 0.07ms
  2025-12-24 14:34:10 /build/assets/Edit-D1mdG5_P.js ............... ~ 0.07ms
  2025-12-24 14:34:10 /build/assets/Edit-CQCm6wpr.css .............. ~ 0.07ms
  2025-12-24 14:34:10 /build/assets/Index-CdXjCVcp.js .............. ~ 0.06ms
  2025-12-24 14:34:10 /build/assets/ManagePageSections-clTdgP8K.js . ~ 0.06ms
  2025-12-24 14:34:10 /build/assets/ManagePageSections-Bn7DDJFs.css  ~ 0.06ms
  2025-12-24 14:34:10 /build/assets/Index-BIcErR0p.js .............. ~ 0.06ms
  2025-12-24 14:34:10 /build/assets/Login-CUtQuwV-.js .............. ~ 0.06ms
  2025-12-24 14:34:10 /build/assets/Dashboard-DCRwPBI4.js .......... ~ 0.06ms
  2025-12-24 14:34:10 /build/assets/AssignClasses-aOig2zdf.js ...... ~ 0.06ms
  2025-12-24 14:34:10 /build/assets/AssignClasses-BpmGkGfR.css ..... ~ 0.06ms
  2025-12-24 14:34:10 /build/assets/Index-VlATTdRu.js .............. ~ 0.06ms
  2025-12-24 14:34:10 /build/assets/Functions-DBdvPDQ4.js .......... ~ 0.06ms
  2025-12-24 14:34:10 /build/assets/MarkAttendance-BrJzOo4j.js ..... ~ 0.06ms
  2025-12-24 14:34:10 /build/assets/Report-C9au9vOA.js ............. ~ 0.06ms
  2025-12-24 14:34:10 /build/assets/Login-BSVv6UaE.js .............. ~ 0.06ms
  2025-12-24 14:34:10 /build/assets/Login-E8Pxa4F2.css ............. ~ 0.06ms
  2025-12-24 14:34:10 /build/assets/Index-CbK2W2h1.js .............. ~ 0.06ms
  2025-12-24 14:34:10 /build/assets/Dashboard-CJaVh4Na.js .......... ~ 0.06ms
  2025-12-24 14:34:10 /build/assets/Dashboard-DMZbz74x.css ......... ~ 0.07ms
  2025-12-24 14:34:10 /build/assets/EnterMarks-SaGCTo36.js ......... ~ 0.06ms
  2025-12-24 14:34:10 /build/assets/EnterMarks-DwL5Vpbu.css ........ ~ 0.06ms
  2025-12-24 14:34:10 /build/assets/SubmittedMarks-BwWsIdra.js ..... ~ 0.06ms
  2025-12-24 14:34:10 /build/assets/SubmittedMarks-CTHh4nKk.css .... ~ 0.06ms
  2025-12-24 14:34:10 /build/assets/Index-CkEe9zQ7.js .............. ~ 0.06ms
  2025-12-24 14:34:10 /build/assets/Index-bfWcpLwP.css ............. ~ 0.07ms
  2025-12-24 14:34:10 /build/assets/EmergencyContacts-DChSWYOE.js .. ~ 0.04ms
  2025-12-24 14:34:10 /build/assets/EmployeeDetails-DfJXYrQI.js .... ~ 0.04ms
  2025-12-24 14:34:10 /build/assets/Qualifications-aXJUpt0r.js ..... ~ 0.04ms
  2025-12-24 14:34:10 /build/assets/UpdatePassword-CbIwRcJI.js ..... ~ 0.04ms
  2025-12-24 14:34:10 /build/assets/UpdatePassword-BJM0g8p3.css .... ~ 0.04ms
  2025-12-24 14:34:10 /build/assets/WorkHistories-Gy3wc5Pm.js ...... ~ 0.04ms
  2025-12-24 14:34:10 /build/assets/Index-B-ieAv4t.js .............. ~ 0.04ms
  2025-12-24 14:34:10 /build/assets/Index-C2y-pRbf.css ............. ~ 0.05ms
  2025-12-24 14:34:10 /build/assets/Index-DFpCQZBy.js .............. ~ 0.04ms
  2025-12-24 14:34:10 /build/assets/Index-Bp6za7Ff.js .............. ~ 0.05ms
  2025-12-24 14:34:10 /build/assets/ApprovalQueue-B73JSFy2.js ...... ~ 0.05ms
  2025-12-24 14:34:10 /build/assets/ApprovalQueue-D2DnOygN.css ..... ~ 0.04ms
  2025-12-24 14:34:10 /build/assets/Index-Bei5QbHN.js .............. ~ 0.04ms
  2025-12-24 14:34:10 /build/assets/Index-BAmrinOC.js .............. ~ 0.04ms
  2025-12-24 14:34:10 /build/assets/PayrollAdjustment-CA2p0EEj.js .. ~ 0.04ms
  2025-12-24 14:34:10 /build/assets/iziToast-Xjo9I3uz.js ........... ~ 0.05ms
  2025-12-24 14:34:10 /build/assets/PayrollAdjustmentAllowance-Lz8ujBRT.js  ~ 0.04ms
  2025-12-24 14:34:10 /build/assets/PayrollAdjustmentDeduction-DzNcq_HA.js  ~ 0.05ms
  2025-12-24 14:34:10 /build/assets/PayrollDetails-8N8P-3jx.js ..... ~ 0.05ms
  2025-12-24 14:34:10 /build/assets/PayrollRun-BlSKfLe1.js ......... ~ 0.05ms
  2025-12-24 14:34:10 /build/assets/Edit-XaDNN--Y.js ............... ~ 0.05ms
  2025-12-24 14:34:10 /build/assets/SecondaryButton-COph_95D.js .... ~ 0.07ms
  2025-12-24 14:34:10 /build/assets/Index-yodz2Bmb.js .............. ~ 0.29ms
  2025-12-24 14:34:10 /build/assets/DeleteUserForm-GSm4VqiK.js ..... ~ 0.08ms
  2025-12-24 14:34:10 /build/assets/UpdatePasswordForm-DTCKSxbi.js . ~ 0.06ms
  2025-12-24 14:34:10 /build/assets/UpdateProfileInformationForm-Bpn7qV1a.js  ~ 0.12ms
  2025-12-24 14:34:10 /build/assets/Index-vyURxqcy.js .............. ~ 0.07ms
  2025-12-24 14:34:10 /build/assets/Index-Bdx268IB.css ............. ~ 0.07ms
  2025-12-24 14:34:10 /build/assets/Success-QB_TZe17.js ............ ~ 0.05ms
  2025-12-24 14:34:10 /build/assets/Success-r-hqeCiF.css ........... ~ 0.05ms
  2025-12-24 14:34:10 /build/assets/Track-DbfOJjl8.js .............. ~ 0.05ms
  2025-12-24 14:34:10 /build/assets/Track-L7omozRj.css ............. ~ 0.04ms
  2025-12-24 14:34:10 /build/assets/TrackingForm-DR2fm5NY.js ....... ~ 0.04ms
  2025-12-24 14:34:10 /build/assets/TrackingForm-BbDMoIBK.css ...... ~ 0.04ms
  2025-12-24 14:34:10 /build/assets/Index-Dx5puDGZ.js .............. ~ 0.04ms
  2025-12-24 14:34:10 /build/assets/StudentLayout-CQu9VmTB.js ...... ~ 0.04ms
  2025-12-24 14:34:10 /build/assets/StudentLayout-OSj59oVD.css ..... ~ 0.04ms
  2025-12-24 14:34:10 /build/assets/ChangePassword-0yicUeBG.js ..... ~ 0.05ms
  2025-12-24 14:34:10 /build/assets/Index-BXfWjhGc.js .............. ~ 0.04ms
  2025-12-24 14:34:10 /build/assets/Dashboard-CFvq-WsG.js .......... ~ 0.04ms
  2025-12-24 14:34:10 /build/assets/Dashboard-XybeFVte.css ......... ~ 0.05ms
  2025-12-24 14:34:10 /build/assets/Index-C9EmLIQy.js .............. ~ 0.05ms
  2025-12-24 14:34:10 /build/assets/Assignments-Dd9JsNRx.js ........ ~ 0.05ms
  2025-12-24 14:34:10 /build/assets/Assignments-BdxcnUAt.css ....... ~ 0.04ms
  2025-12-24 14:34:10 /build/assets/Classes-CmoBBk95.js ............ ~ 0.05ms
  2025-12-24 14:34:10 /build/assets/Classes-CYXZVLji.css ........... ~ 0.05ms
  2025-12-24 14:34:10 /build/assets/Dashboard-CX7O5n6K.js .......... ~ 0.07ms
  2025-12-24 14:34:10 /build/assets/Dashboard-Df8LdpHi.css ......... ~ 0.04ms
  2025-12-24 14:34:10 /build/assets/Materials-BJZlV5S4.js .......... ~ 0.04ms
  2025-12-24 14:34:10 /build/assets/Materials-D_KfWPSc.css ......... ~ 0.04ms
  2025-12-24 14:34:10 /build/assets/Index-Bl10--Xr.js .............. ~ 0.04ms
  2025-12-24 14:34:10 /build/assets/Edit-DmfrsWCs.js ............... ~ 0.04ms
  2025-12-24 14:34:10 /build/assets/Edit-C4P7t_N1.css .............. ~ 0.04ms
  2025-12-24 14:34:10 /build/assets/Index-BuOBq2C-.js .............. ~ 0.05ms
  2025-12-24 14:34:10 /build/assets/Show-C-GVZ-Vp.js ............... ~ 0.05ms
  2025-12-24 14:34:10 /build/assets/MyTimetable-Dq-DxTmI.js ........ ~ 0.05ms
  2025-12-24 14:34:10 /build/assets/MyTimetable-DCklv2Sq.css ....... ~ 0.05ms
  2025-12-24 14:34:10 /build/assets/Generate-CT-Z753p.js ........... ~ 0.05ms
  2025-12-24 14:34:10 /build/assets/Constraints-KcEAtBXh.js ........ ~ 0.04ms
  2025-12-24 14:34:10 /build/assets/Constraints-BZS0SRTT.css ....... ~ 0.04ms
  2025-12-24 14:34:10 /build/assets/Periods-BDZBIeS3.js ............ ~ 0.04ms
  2025-12-24 14:34:10 /build/assets/SubjectAllocation-BjVMVsMZ.js  ~ 500.38ms
  2025-12-24 14:34:10 /build/assets/SubjectAllocation-LlDamDcb.css . ~ 0.07ms
  2025-12-24 14:34:10 /build/assets/ClassTimetable-CAukUCF1.js ..... ~ 0.07ms
  2025-12-24 14:34:10 /build/assets/ClassTimetable-DKnYbDuK.css .... ~ 0.08ms
  2025-12-24 14:34:10 /build/assets/TeacherTimetable-C1R7SGMD.js ... ~ 0.09ms
  2025-12-24 14:34:10 /build/assets/Welcome-Cx1fTAW_.js ............ ~ 0.09ms
  2025-12-24 14:34:10 /build/assets/DefaultLayout-BtAZCRh8.js ...... ~ 0.11ms
  2025-12-24 14:34:10 /build/assets/DefaultLayout-UfeXBpZ5.css ..... ~ 0.11ms
  2025-12-24 14:34:10 /build/assets/Pagination-ieexq7ip.js ......... ~ 0.12ms
  2025-12-24 14:34:10 /build/assets/Pagination-BbeKvaSo.css ........ ~ 0.15ms
  2025-12-24 14:34:10 /build/assets/lodash-BI8JnD4l.js ............. ~ 0.12ms
  2025-12-24 14:34:10 /build/assets/Footer-CxweaXoq.js ............. ~ 0.13ms
  2025-12-24 14:34:10 /build/assets/Footer-Dp49msI0.css ............ ~ 0.13ms
  2025-12-24 14:34:12 .................................................. ~ 6s
  2025-12-24 14:38:26 .................................................. ~ 5s
  2025-12-24 14:38:31 /admin/employees ................................. ~ 2s
  2025-12-24 14:38:36 /admin/employees ........................... ~ 500.51ms
  2025-12-24 14:38:42 /admin/student-admissions ........................ ~ 4s
  2025-12-24 14:38:47 /admin/student-admissions .................. ~ 500.44ms
  2025-12-24 14:38:48 /admin/student-admissions .................... ~ 0.11ms
  2025-12-24 14:38:56 /admin/roles ................................. ~ 0.21ms
  2025-12-24 14:38:56 /build/assets/app-BuAiy87a.css ............... ~ 0.16ms
  2025-12-24 14:38:56 /build/assets/app-BFwkEv0t.css ............... ~ 0.14ms
  2025-12-24 14:38:56 /build/assets/app-Cr25-tCg.js ................ ~ 0.15ms
  2025-12-24 14:38:56 /build/assets/Index-BS2TMsqX.js .............. ~ 0.96ms
  2025-12-24 14:38:56 /build/assets/DefaultLayout-BtAZCRh8.js ..... ~ 10.77ms
  2025-12-24 14:38:56 /build/assets/Footer-CxweaXoq.js ............ ~ 15.28ms
  2025-12-24 14:38:56 /build/assets/Footer-Dp49msI0.css ............ ~ 1.26ms
  2025-12-24 14:38:56 /build/assets/DefaultLayout-UfeXBpZ5.css ..... ~ 0.37ms
  2025-12-24 14:38:57 /build/assets/debounce-C2KJfGFS.js ........... ~ 0.44ms
  2025-12-24 14:38:57 /build/assets/index-seoVBrnv.js .............. ~ 6.63ms
  2025-12-24 14:38:57 /favicon.ico ................................. ~ 2.77ms
  2025-12-24 14:38:57 /datatable/roles ........................... ~ 502.41ms
  2025-12-24 14:38:57 /assets/images/branding/skaas-schools-logo.png  ~ 0.37ms
  2025-12-24 14:38:57 /build/assets/boxicons-CeGEncwm.woff2 ........ ~ 0.83ms
  2025-12-24 14:38:57 /datatable/permissions ....................... ~ 1.37ms
  2025-12-24 14:38:57 /build/assets/PublicSans-Medium-DOt0zBLs.ttf . ~ 2.88ms
  2025-12-24 14:38:57 /build/assets/PublicSans-Regular-CcK-bgQZ.ttf  ~ 508.79ms
  2025-12-24 14:38:58 /build/assets/OnlineApplications-B8Evpt-u.js . ~ 1.14ms
  2025-12-24 14:38:58 /build/assets/OnlineApplications-CZwoTwJe.css  ~ 4.67ms
  2025-12-24 14:38:58 /build/assets/Index-CQOJzCvo.js ............. ~ 10.02ms
  2025-12-24 14:38:58 /build/assets/Report-CTXPkjr7.js ............. ~ 0.23ms
  2025-12-24 14:38:58 /build/assets/debounce-C2KJfGFS.js ........... ~ 2.17ms
  2025-12-24 14:38:58 /build/assets/ConfirmPassword-CblilkoX.js ... ~ 14.68ms
  2025-12-24 14:38:58 /build/assets/GuestLayout-D0pWnSgT.css ....... ~ 0.56ms
  2025-12-24 14:38:58 /build/assets/GuestLayout-CLybHsj_.js ........ ~ 1.88ms
  2025-12-24 14:38:58 /build/assets/InputError-CFnyvVgr.js ......... ~ 0.18ms
  2025-12-24 14:38:58 /build/assets/InputLabel-CIZHok2Y.js ......... ~ 0.42ms
  2025-12-24 14:38:58 /build/assets/PrimaryButton-CwTAKacC.js ...... ~ 0.44ms
  2025-12-24 14:38:58 /build/assets/TextInput-DCbCrxZV.js .......... ~ 0.20ms
  2025-12-24 14:38:58 /build/assets/ForgotPassword-Dxdgn3V9.js ..... ~ 1.15ms
  2025-12-24 14:38:58 /build/assets/Login-DJ600VRn.js .............. ~ 0.16ms
  2025-12-24 14:38:58 /build/assets/Checkbox-CnJfe3WQ.js ........... ~ 0.23ms
  2025-12-24 14:38:58 /build/assets/Register-DsE7X0tW.js ........... ~ 1.29ms
  2025-12-24 14:38:58 /build/assets/ResetPassword-BDT5sAEi.js ...... ~ 0.16ms
  2025-12-24 14:38:58 /build/assets/VerifyEmail-BjJtL2dN.js ........ ~ 0.15ms
  2025-12-24 14:38:58 /build/assets/Index-uLIL7Bie.js .............. ~ 0.18ms
  2025-12-24 14:38:58 /build/assets/SchoolCalendar-CJ_oTUNT.js ..... ~ 0.33ms
  2025-12-24 14:38:58 /build/assets/SchoolCalendar-qEf1aTuN.css .... ~ 0.26ms
  2025-12-24 14:38:58 /build/assets/Index-DigOoH3h.js .............. ~ 0.66ms
  2025-12-24 14:38:58 /build/assets/index-seoVBrnv.js .............. ~ 0.20ms
  2025-12-24 14:38:58 /build/assets/Show-78DpVx-c.js ............... ~ 0.54ms
  2025-12-24 14:38:58 /build/assets/Show-BI6oj0NI.css .............. ~ 2.91ms
  2025-12-24 14:38:58 /build/assets/Allowance-CkXtV36g.js .......... ~ 0.18ms
  2025-12-24 14:38:58 /build/assets/BlogCategories-BDDFDNao.js ..... ~ 0.22ms
  2025-12-24 14:38:58 /build/assets/Deduction-CG4KZ7yk.js .......... ~ 0.18ms
  2025-12-24 14:38:58 /build/assets/Divisions-3ZTqIZ9D.js .......... ~ 1.67ms
  2025-12-24 14:38:58 /build/assets/EmploymentStatuses-DoT_Ufll.js . ~ 0.36ms
  2025-12-24 14:38:58 /build/assets/EmploymentTypes-CvHuq-6D.js .... ~ 0.17ms
  2025-12-24 14:38:58 /build/assets/Genders-CenE8SFX.js ............ ~ 0.15ms
  2025-12-24 14:38:58 /build/assets/Honorifics-Ds560eob.js ......... ~ 0.20ms
  2025-12-24 14:38:58 /build/assets/Income-Df6jW1BY.js ............. ~ 0.34ms
  2025-12-24 14:38:58 /build/assets/Index-oRxOrMlp.js .............. ~ 0.79ms
  2025-12-24 14:38:58 /build/assets/Index-hOtiuyDQ.css ............. ~ 0.15ms
  2025-12-24 14:38:58 /build/assets/JobTitles-Bn-8ZHJE.js .......... ~ 0.17ms
  2025-12-24 14:38:58 /build/assets/QualificationTypes-B2vqaJn1.js . ~ 0.18ms
  2025-12-24 14:38:58 /build/assets/Relationships-CnVD3lO-.js ...... ~ 0.38ms
  2025-12-24 14:38:58 /build/assets/Religions-BkiWrSvZ.js .......... ~ 0.34ms
  2025-12-24 14:38:58 /build/assets/SalaryGrade-DQb34cqt.js ........ ~ 0.16ms
  2025-12-24 14:38:58 /build/assets/SalaryScale-DEE6-S9c.js ........ ~ 0.49ms
  2025-12-24 14:38:58 /build/assets/Streams-CzLnSdT3.js ............ ~ 1.37ms
  2025-12-24 14:38:58 /build/assets/Subjects-DD90Zy_I.js ........... ~ 2.17ms
  2025-12-24 14:38:58 /build/assets/TeacherTitles-CyFCnnvn.js ...... ~ 0.14ms
  2025-12-24 14:38:58 /build/assets/Dashboard-CEpyXYym.js .......... ~ 0.77ms
  2025-12-24 14:38:58 /build/assets/GreetingCard-B2Aj1Etc.js ....... ~ 0.12ms
  2025-12-24 14:38:58 /build/assets/GreetingCard-d-HuJ_xn.css ...... ~ 0.18ms
  2025-12-24 14:38:58 /build/assets/AssignClasses-CWtL08lT.js ...... ~ 1.65ms
  2025-12-24 14:38:58 /build/assets/index-B6uKtBLa.js .............. ~ 2.06ms
  2025-12-24 14:38:58 /build/assets/AssignClasses-DNa1Zu07.css ..... ~ 0.29ms
  2025-12-24 14:38:58 /build/assets/AssignSubjects-O-PrlQ5a.js ..... ~ 0.11ms
  2025-12-24 14:38:58 /build/assets/Edit-CAOe-0fJ.js ............... ~ 0.09ms
  2025-12-24 14:38:58 /build/assets/Edit-BY4eCtR7.css .............. ~ 0.13ms
  2025-12-24 14:38:58 /build/assets/EmergencyContactAccordion-DpOulXUu.js  ~ 0.10ms
  2025-12-24 14:38:58 /build/assets/EmployeeDataAccordion-QT2BA0eQ.js  ~ 0.10ms
  2025-12-24 14:38:58 /build/assets/Index-CMrfo2a6.js .............. ~ 0.11ms
  2025-12-24 14:38:58 /build/assets/Modal-CDKoTvZw.js .............. ~ 0.14ms
  2025-12-24 14:38:58 /build/assets/Dropdown-CA_M7SU5.js ........... ~ 0.09ms
  2025-12-24 14:38:58 /build/assets/Index-CCa_qaaw.css ............. ~ 0.11ms
  2025-12-24 14:38:58 /build/assets/Index-gehn0z9Y.css ............. ~ 0.22ms
  2025-12-24 14:38:58 /build/assets/Index-BZIDqCKR.js .............. ~ 0.11ms
  2025-12-24 14:38:58 /build/assets/QualificationDetailAccordion-DIJoPqob.js  ~ 0.12ms
  2025-12-24 14:38:58 /build/assets/Show-CuWlwox7.js ............... ~ 0.33ms
  2025-12-24 14:38:58 /build/assets/Create-BrGwiYVf.js ............. ~ 1.29ms
  2025-12-24 14:38:58 /build/assets/Create-Kc1s9BP_.css ............ ~ 0.23ms
  2025-12-24 14:38:58 /build/assets/Edit-DgWB5cUy.js ............... ~ 1.17ms
  2025-12-24 14:38:58 /build/assets/Edit-BXvpM3JB.css .............. ~ 2.76ms
  2025-12-24 14:38:58 /build/assets/Index-zYTL82kO.js .............. ~ 0.11ms
  2025-12-24 14:38:58 /build/assets/Show-BJjGsMmC.js ............... ~ 0.14ms
  2025-12-24 14:38:58 /build/assets/Show-BcbfK-aJ.css .............. ~ 0.98ms
  2025-12-24 14:38:58 /build/assets/WorkHistoryAccordion-Bqt3jyo9.js  ~ 0.15ms
  2025-12-24 14:38:58 /build/assets/FeeBalance-CotOx1B1.js ......... ~ 0.09ms
  2025-12-24 14:38:58 /build/assets/FeeBalance-VxAQu3JP.css ........ ~ 0.12ms
  2025-12-24 14:38:58 /build/assets/FeeReport-CtAwC7c4.js .......... ~ 0.09ms
  2025-12-24 14:38:58 /build/assets/FeeReport-8VCRTbjL.css ......... ~ 0.09ms
  2025-12-24 14:38:58 /build/assets/Create-BdIKcJfb.js ............. ~ 0.09ms
  2025-12-24 14:38:58 /build/assets/Create-v8Xhr7wC.css ............ ~ 0.11ms
  2025-12-24 14:38:58 /build/assets/Edit-BDkeasxs.js ............... ~ 0.86ms
  2025-12-24 14:38:58 /build/assets/Edit-BHrrC4kE.css .............. ~ 0.20ms
  2025-12-24 14:38:58 /build/assets/Index-By0zgEoA.js .............. ~ 1.13ms
  2025-12-24 14:38:58 /build/assets/Index-B3zSWBtC.css ............. ~ 0.09ms
  2025-12-24 14:38:58 /build/assets/Index-CEyO_DzC.js .............. ~ 0.11ms
  2025-12-24 14:38:58 /build/assets/Index-Doodeb1f.css ............. ~ 0.80ms
  2025-12-24 14:38:58 /build/assets/PaymentHistory-CI-6rmU_.js ..... ~ 0.18ms
  2025-12-24 14:38:58 /build/assets/PaymentHistory-BJycJNMh.css .... ~ 0.17ms
  2025-12-24 14:38:58 /build/assets/chart-BR_H7_9u.js .............. ~ 0.09ms
  2025-12-24 14:38:58 /build/assets/Reports-uYUaNzJp.js ............ ~ 0.10ms
  2025-12-24 14:38:58 /build/assets/CollectionReport-LPdShozg.js ... ~ 0.10ms
  2025-12-24 14:38:58 /build/assets/CollectionReport-DYb6BmdP.css .. ~ 0.38ms
  2025-12-24 14:38:58 /build/assets/Overview-CcKWIvFb.js ........... ~ 0.09ms
  2025-12-24 14:38:58 /build/assets/TransferFunds-BOSgmY3U.js ...... ~ 0.09ms
  2025-12-24 14:38:58 /build/assets/TransferFunds-CH4O_5Wh.css ..... ~ 0.09ms
  2025-12-24 14:38:58 /build/assets/TransferHistory-BOt6f1t5.js .... ~ 0.09ms
  2025-12-24 14:38:58 /build/assets/TransferHistory-Cpner_fp.css ... ~ 0.10ms
  2025-12-24 14:38:58 /build/assets/VerifyPayment-BPRK36h9.js ...... ~ 0.20ms
  2025-12-24 14:38:58 /build/assets/VerifyPayment-DoPr7nd5.css ..... ~ 0.09ms
  2025-12-24 14:38:58 /build/assets/Index-BgBxw0Jt.js .............. ~ 0.14ms
  2025-12-24 14:38:58 /build/assets/Create-BM9hJKjr.js ............. ~ 1.15ms
  2025-12-24 14:38:58 /build/assets/Index-BzlnErLp.js .............. ~ 2.23ms
  2025-12-24 14:38:58 /build/assets/Index-CAA73eBD.js .............. ~ 0.16ms
  2025-12-24 14:38:58 /build/assets/Assignments-BZxzOCTW.js ........ ~ 1.62ms
  2025-12-24 14:38:58 /build/assets/Assignments-E-S82EKF.css ....... ~ 0.14ms
  2025-12-24 14:38:58 /build/assets/Classes-fTwbkkVc.css ........... ~ 0.14ms
  2025-12-24 14:38:58 /build/assets/Classes-RdcKkjui.js ............ ~ 0.28ms
  2025-12-24 14:38:58 /build/assets/Materials-BPjTAzPd.js .......... ~ 0.71ms
  2025-12-24 14:38:58 /build/assets/Materials-C0tM08BT.css ......... ~ 0.26ms
  2025-12-24 14:38:58 /build/assets/Submissions-tVJZ77wn.css ....... ~ 0.12ms
  2025-12-24 14:38:58 /build/assets/Submissions-BYAq4X00.js ........ ~ 0.12ms
  2025-12-24 14:38:58 /build/assets/Index-BLtZXDWB.js .............. ~ 0.18ms
  2025-12-24 14:38:58 /build/assets/AllStaff-CF-TuKjZ.js ........... ~ 1.17ms
  2025-12-24 14:38:58 /build/assets/AllStudents-C5GU8HSW.js ........ ~ 0.14ms
  2025-12-24 14:38:58 /build/assets/Index-Bq6EqaVt.js .............. ~ 0.19ms
  2025-12-24 14:38:58 /build/assets/index-DHXAGmwn.css ............. ~ 4.80ms
  2025-12-24 14:38:58 /build/assets/StaffAttendance-Bi7hxOLP.js .... ~ 0.16ms
  2025-12-24 14:38:58 /build/assets/Index-BS2TMsqX.js .............. ~ 0.20ms
  2025-12-24 14:38:58 /build/assets/AcademicYears-jqJGgArh.js ...... ~ 1.00ms
  2025-12-24 14:38:58 /build/assets/Create-BO1oo1BZ.js ............. ~ 1.98ms
  2025-12-24 14:38:58 /build/assets/Create-DCBl5WcC.css ............ ~ 0.29ms
  2025-12-24 14:38:59 /build/assets/Index-CBnt5vgk.js .............. ~ 0.38ms
  2025-12-24 14:38:59 /build/assets/Create-BfP7qafc.js ............. ~ 0.19ms
  2025-12-24 14:38:59 /build/assets/Create-CWlJcrMT.css ............ ~ 2.21ms
  2025-12-24 14:38:59 /build/assets/Edit-ujsFgBVD.css .............. ~ 0.17ms
  2025-12-24 14:38:59 /build/assets/Edit-_Lx0OzFv.js ............... ~ 1.62ms
  2025-12-24 14:38:59 /build/assets/Index-C6qw94Uz.js .............. ~ 0.21ms
  2025-12-24 14:38:59 /build/assets/Index-CyoEYGUx.css ............. ~ 0.13ms
  2025-12-24 14:38:59 /build/assets/Show-BoOEd6_g.js ............... ~ 0.13ms
  2025-12-24 14:38:59 /build/assets/Show-Bq3C96w7.css .............. ~ 0.12ms
  2025-12-24 14:38:59 /build/assets/Index-B90HG29R.js .............. ~ 0.13ms
  2025-12-24 14:38:59 /build/assets/Index-CuBv-6rn.js .............. ~ 0.12ms
  2025-12-24 14:38:59 /build/assets/Index-Dher0mEx.js .............. ~ 0.26ms
  2025-12-24 14:38:59 /build/assets/Blogs-Cu_Trpao.js .............. ~ 0.17ms
  2025-12-24 14:38:59 /build/assets/Editor-DCiBGPfP.css ............ ~ 0.22ms
  2025-12-24 14:38:59 /build/assets/Editor-DofRNna2.js ............. ~ 0.31ms
  2025-12-24 14:38:59 /build/assets/Careers-UsPavvMZ.js ............ ~ 0.16ms
  2025-12-24 14:38:59 /build/assets/Index-DnXm4UJt.js .............. ~ 0.31ms
  2025-12-24 14:38:59 /build/assets/Index-DJ9xZC-1.css ............. ~ 0.26ms
  2025-12-24 14:38:59 /build/assets/Buttons-B8tClK1M.js ............ ~ 0.28ms
  2025-12-24 14:38:59 /build/assets/Buttons-DHNf4XXu.css ........... ~ 0.19ms
  2025-12-24 14:38:59 /build/assets/Colors-CqZa4CEE.js ............. ~ 0.22ms
  2025-12-24 14:38:59 /build/assets/Index-DHijYQ3e.js .............. ~ 0.11ms
  2025-12-24 14:38:59 /build/assets/Index-CEPBEXi6.css ............. ~ 0.22ms
  2025-12-24 14:38:59 /build/assets/Index-C6_-U0Cp.js .............. ~ 0.50ms
  2025-12-24 14:38:59 /build/assets/Index-RCi9OY9y.js .............. ~ 0.27ms
  2025-12-24 14:38:59 /build/assets/Create-DUDIpZpL.js ............. ~ 1.42ms
  2025-12-24 14:38:59 /build/assets/Create-Co4pdLcW.css ............ ~ 1.09ms
  2025-12-24 14:38:59 /build/assets/Edit-D1mdG5_P.js ............... ~ 0.30ms
  2025-12-24 14:38:59 /build/assets/Edit-CQCm6wpr.css .............. ~ 0.26ms
  2025-12-24 14:38:59 /build/assets/Index-CdXjCVcp.js .............. ~ 0.25ms
  2025-12-24 14:38:59 /build/assets/ManagePageSections-clTdgP8K.js . ~ 0.44ms
  2025-12-24 14:38:59 /build/assets/ManagePageSections-Bn7DDJFs.css  ~ 0.22ms
  2025-12-24 14:38:59 /build/assets/Index-BIcErR0p.js .............. ~ 0.58ms
  2025-12-24 14:38:59 /build/assets/Login-CUtQuwV-.js .............. ~ 0.75ms
  2025-12-24 14:38:59 /build/assets/Dashboard-DCRwPBI4.js .......... ~ 0.31ms
  2025-12-24 14:38:59 /build/assets/AssignClasses-aOig2zdf.js ...... ~ 0.27ms
  2025-12-24 14:38:59 /build/assets/AssignClasses-BpmGkGfR.css ..... ~ 0.14ms
  2025-12-24 14:38:59 /build/assets/Index-VlATTdRu.js .............. ~ 0.66ms
  2025-12-24 14:38:59 /build/assets/Functions-DBdvPDQ4.js .......... ~ 0.98ms
  2025-12-24 14:38:59 /build/assets/MarkAttendance-BrJzOo4j.js ..... ~ 0.66ms
  2025-12-24 14:38:59 /build/assets/Report-C9au9vOA.js ............. ~ 1.54ms
  2025-12-24 14:38:59 /build/assets/Login-BSVv6UaE.js .............. ~ 0.12ms
  2025-12-24 14:38:59 /build/assets/Login-E8Pxa4F2.css ............. ~ 0.38ms
  2025-12-24 14:38:59 /build/assets/Index-CbK2W2h1.js .............. ~ 0.30ms
  2025-12-24 14:38:59 /build/assets/Dashboard-CJaVh4Na.js .......... ~ 0.11ms
  2025-12-24 14:38:59 /build/assets/Dashboard-DMZbz74x.css ......... ~ 0.83ms
  2025-12-24 14:38:59 /build/assets/EnterMarks-SaGCTo36.js ......... ~ 0.40ms
  2025-12-24 14:38:59 /build/assets/EnterMarks-DwL5Vpbu.css ........ ~ 0.60ms
  2025-12-24 14:38:59 /build/assets/SubmittedMarks-BwWsIdra.js ..... ~ 0.11ms
  2025-12-24 14:38:59 /build/assets/SubmittedMarks-CTHh4nKk.css .... ~ 0.33ms
  2025-12-24 14:38:59 /build/assets/Index-CkEe9zQ7.js .............. ~ 0.14ms
  2025-12-24 14:38:59 /build/assets/Index-bfWcpLwP.css ............. ~ 0.14ms
  2025-12-24 14:38:59 /build/assets/EmergencyContacts-DChSWYOE.js .. ~ 0.26ms
  2025-12-24 14:38:59 /build/assets/EmployeeDetails-DfJXYrQI.js .... ~ 0.52ms
  2025-12-24 14:38:59 /build/assets/Qualifications-aXJUpt0r.js ..... ~ 0.25ms
  2025-12-24 14:38:59 /build/assets/UpdatePassword-CbIwRcJI.js ..... ~ 0.11ms
  2025-12-24 14:38:59 /build/assets/UpdatePassword-BJM0g8p3.css .... ~ 0.20ms
  2025-12-24 14:38:59 /build/assets/WorkHistories-Gy3wc5Pm.js ...... ~ 0.23ms
  2025-12-24 14:38:59 /build/assets/Index-B-ieAv4t.js .............. ~ 0.11ms
  2025-12-24 14:38:59 /build/assets/Index-C2y-pRbf.css ............. ~ 0.19ms
  2025-12-24 14:38:59 /build/assets/Index-DFpCQZBy.js .............. ~ 0.34ms
  2025-12-24 14:38:59 /build/assets/Index-Bp6za7Ff.js .............. ~ 2.49ms
  2025-12-24 14:38:59 /build/assets/ApprovalQueue-B73JSFy2.js ...... ~ 0.14ms
  2025-12-24 14:38:59 /build/assets/ApprovalQueue-D2DnOygN.css ..... ~ 0.45ms
  2025-12-24 14:38:59 /build/assets/Index-Bei5QbHN.js .............. ~ 0.40ms
  2025-12-24 14:38:59 /build/assets/Index-BAmrinOC.js .............. ~ 0.60ms
  2025-12-24 14:38:59 /build/assets/PayrollAdjustment-CA2p0EEj.js .. ~ 0.29ms
  2025-12-24 14:38:59 /build/assets/iziToast-Xjo9I3uz.js ........... ~ 0.28ms
  2025-12-24 14:38:59 /build/assets/PayrollAdjustmentAllowance-Lz8ujBRT.js  ~ 1.54ms
  2025-12-24 14:38:59 /build/assets/PayrollAdjustmentDeduction-DzNcq_HA.js  ~ 0.21ms
  2025-12-24 14:38:59 /build/assets/PayrollDetails-8N8P-3jx.js ..... ~ 0.41ms
  2025-12-24 14:38:59 /build/assets/PayrollRun-BlSKfLe1.js ......... ~ 0.30ms
  2025-12-24 14:38:59 /build/assets/Edit-XaDNN--Y.js ............... ~ 0.17ms
  2025-12-24 14:38:59 /build/assets/SecondaryButton-COph_95D.js .... ~ 0.76ms
  2025-12-24 14:38:59 /build/assets/Index-yodz2Bmb.js .............. ~ 1.06ms
  2025-12-24 14:38:59 /build/assets/DeleteUserForm-GSm4VqiK.js ..... ~ 0.10ms
  2025-12-24 14:38:59 /build/assets/UpdatePasswordForm-DTCKSxbi.js . ~ 0.46ms
  2025-12-24 14:38:59 /build/assets/UpdateProfileInformationForm-Bpn7qV1a.js  ~ 0.08ms
  2025-12-24 14:38:59 /build/assets/Index-vyURxqcy.js .............. ~ 0.08ms
  2025-12-24 14:38:59 /build/assets/Index-Bdx268IB.css ............. ~ 0.09ms
  2025-12-24 14:38:59 /build/assets/Success-QB_TZe17.js ............ ~ 0.08ms
  2025-12-24 14:38:59 /build/assets/Success-r-hqeCiF.css ........... ~ 0.13ms
  2025-12-24 14:38:59 /build/assets/Track-DbfOJjl8.js .............. ~ 0.19ms
  2025-12-24 14:38:59 /build/assets/Track-L7omozRj.css ............. ~ 0.10ms
  2025-12-24 14:38:59 /build/assets/TrackingForm-DR2fm5NY.js ....... ~ 0.16ms
  2025-12-24 14:38:59 /build/assets/TrackingForm-BbDMoIBK.css ...... ~ 0.68ms
  2025-12-24 14:38:59 /build/assets/Index-Dx5puDGZ.js .............. ~ 0.14ms
  2025-12-24 14:38:59 /build/assets/StudentLayout-OSj59oVD.css ..... ~ 0.12ms
  2025-12-24 14:38:59 /build/assets/StudentLayout-CQu9VmTB.js ...... ~ 0.46ms
  2025-12-24 14:38:59 /build/assets/ChangePassword-0yicUeBG.js ..... ~ 0.09ms
  2025-12-24 14:38:59 /build/assets/Index-BXfWjhGc.js .............. ~ 0.12ms
  2025-12-24 14:38:59 /build/assets/Dashboard-CFvq-WsG.js .......... ~ 0.73ms
  2025-12-24 14:38:59 /build/assets/Dashboard-XybeFVte.css ......... ~ 0.08ms
  2025-12-24 14:38:59 /build/assets/Index-C9EmLIQy.js .............. ~ 0.08ms
  2025-12-24 14:38:59 /build/assets/Assignments-Dd9JsNRx.js ........ ~ 0.09ms
  2025-12-24 14:38:59 /build/assets/Assignments-BdxcnUAt.css ....... ~ 0.51ms
  2025-12-24 14:38:59 /build/assets/Classes-CmoBBk95.js ............ ~ 0.09ms
  2025-12-24 14:38:59 /build/assets/Classes-CYXZVLji.css ........... ~ 0.16ms
  2025-12-24 14:38:59 /build/assets/Dashboard-CX7O5n6K.js .......... ~ 0.15ms
  2025-12-24 14:38:59 /build/assets/Dashboard-Df8LdpHi.css ......... ~ 0.08ms
  2025-12-24 14:38:59 /build/assets/Materials-BJZlV5S4.js .......... ~ 0.07ms
  2025-12-24 14:38:59 /build/assets/Materials-D_KfWPSc.css ......... ~ 0.08ms
  2025-12-24 14:38:59 /build/assets/Index-Bl10--Xr.js .............. ~ 0.07ms
  2025-12-24 14:38:59 /build/assets/Edit-DmfrsWCs.js ............... ~ 0.07ms
  2025-12-24 14:38:59 /build/assets/Edit-C4P7t_N1.css .............. ~ 0.11ms
  2025-12-24 14:38:59 /build/assets/Index-BuOBq2C-.js .............. ~ 0.67ms
  2025-12-24 14:38:59 /build/assets/Show-C-GVZ-Vp.js ............... ~ 0.09ms
  2025-12-24 14:38:59 /build/assets/MyTimetable-Dq-DxTmI.js ........ ~ 0.09ms
  2025-12-24 14:38:59 /build/assets/MyTimetable-DCklv2Sq.css ....... ~ 0.24ms
  2025-12-24 14:38:59 /build/assets/Generate-CT-Z753p.js ........... ~ 0.97ms
  2025-12-24 14:38:59 /build/assets/Constraints-KcEAtBXh.js ........ ~ 0.07ms
  2025-12-24 14:38:59 /build/assets/Constraints-BZS0SRTT.css ....... ~ 0.14ms
  2025-12-24 14:38:59 /build/assets/Periods-BDZBIeS3.js ............ ~ 0.62ms
  2025-12-24 14:38:59 /build/assets/SubjectAllocation-LlDamDcb.css . ~ 0.08ms
  2025-12-24 14:38:59 /build/assets/SubjectAllocation-BjVMVsMZ.js .. ~ 0.09ms
  2025-12-24 14:38:59 /build/assets/ClassTimetable-CAukUCF1.js ..... ~ 0.20ms
  2025-12-24 14:38:59 /build/assets/ClassTimetable-DKnYbDuK.css .... ~ 0.26ms
  2025-12-24 14:38:59 /build/assets/TeacherTimetable-C1R7SGMD.js ... ~ 0.12ms
  2025-12-24 14:38:59 /build/assets/Welcome-Cx1fTAW_.js ............ ~ 0.44ms
  2025-12-24 14:38:59 /build/assets/DefaultLayout-BtAZCRh8.js ...... ~ 0.13ms
  2025-12-24 14:38:59 /build/assets/DefaultLayout-UfeXBpZ5.css ..... ~ 0.13ms
  2025-12-24 14:38:59 /build/assets/Pagination-ieexq7ip.js ......... ~ 0.08ms
  2025-12-24 14:38:59 /build/assets/Pagination-BbeKvaSo.css ........ ~ 0.09ms
  2025-12-24 14:38:59 /build/assets/Footer-CxweaXoq.js ............. ~ 0.12ms
  2025-12-24 14:38:59 /build/assets/lodash-BI8JnD4l.js ............. ~ 0.07ms
  2025-12-24 14:38:59 /build/assets/Footer-Dp49msI0.css ............ ~ 0.08ms
  2025-12-24 14:38:59 /admin/ranks ..................................... ~ 2s
  2025-12-24 14:39:02 /build/assets/Index-DigOoH3h.js .............. ~ 0.19ms
  2025-12-24 14:39:02 /datatable/ranks ............................. ~ 0.15ms
  2025-12-24 14:39:02 /datatable/divisions ....................... ~ 501.04ms
  2025-12-24 14:39:02 /datatable/streams ......................... ~ 504.40ms
  2025-12-24 14:39:02 /datatable/teachers .......................... ~ 3.81ms
  2025-12-24 14:39:08 /admin/calendar .................................. ~ 4s
  2025-12-24 14:39:12 /build/assets/Index-uLIL7Bie.js .............. ~ 0.11ms
  2025-12-24 14:39:12 /build/assets/SchoolCalendar-CJ_oTUNT.js ..... ~ 0.14ms
  2025-12-24 14:39:12 /build/assets/SchoolCalendar-qEf1aTuN.css .... ~ 0.55ms
  2025-12-24 14:39:13 /admin/calendar/events/fetch ................. ~ 0.34ms
  2025-12-24 14:39:19 .................................................. ~ 5s
  2025-12-24 14:39:27 /admin/student-admissions ........................ ~ 1s
  2025-12-24 14:39:29 /build/assets/Index-C6qw94Uz.js .............. ~ 0.50ms
  2025-12-24 14:39:29 /build/assets/Index-CyoEYGUx.css ............. ~ 0.29ms
  2025-12-24 14:39:29 /datatable/student-admissions ................ ~ 0.35ms
  2025-12-24 14:43:22 /admin/student-admissions .................. ~ 501.14ms
  2025-12-24 14:43:22 /build/assets/app-CIwfdflE.css ............... ~ 0.16ms
  2025-12-24 14:43:22 /build/assets/app-BuAiy87a.css ............... ~ 1.20ms
  2025-12-24 14:43:22 /build/assets/app-CSBpmCGc.js ................ ~ 0.25ms
  2025-12-24 14:43:25 /build/assets/Index-Bc700BrQ.js .............. ~ 0.30ms
  2025-12-24 14:43:25 /build/assets/DefaultLayout-CXKV4vsZ.js ...... ~ 0.31ms
  2025-12-24 14:43:25 /build/assets/Footer-B6OMXvBk.js ............. ~ 0.18ms
  2025-12-24 14:43:25 /build/assets/Footer-Dp49msI0.css ............ ~ 0.46ms
  2025-12-24 14:43:25 /build/assets/DefaultLayout-UfeXBpZ5.css ..... ~ 0.28ms
  2025-12-24 14:43:25 /build/assets/debounce-D1lEgLGw.js ........... ~ 0.23ms
  2025-12-24 14:43:25 /build/assets/Index-CyoEYGUx.css ............. ~ 0.20ms
  2025-12-24 14:43:25 /favicon.ico ................................. ~ 0.16ms
  2025-12-24 14:43:25 /datatable/student-admissions ................ ~ 0.15ms
  2025-12-24 14:43:25 /assets/images/branding/skaas-schools-logo.png  ~ 0.37ms
  2025-12-24 14:43:25 /build/assets/boxicons-CeGEncwm.woff2 ........ ~ 1.07ms
  2025-12-24 14:43:25 /build/assets/PublicSans-Medium-DOt0zBLs.ttf . ~ 1.71ms
  2025-12-24 14:43:25 /build/assets/PublicSans-Regular-CcK-bgQZ.ttf  ~ 2.01ms
  2025-12-24 14:43:25 /build/assets/OnlineApplications-EZ25BZS2.js . ~ 2.22ms
  2025-12-24 14:43:25 /build/assets/OnlineApplications-CZwoTwJe.css  ~ 2.07ms
  2025-12-24 14:43:25 /build/assets/Index-CxFM9JTT.js .............. ~ 0.29ms
  2025-12-24 14:43:25 /build/assets/Report-BtRrCpG9.js ............. ~ 0.14ms
  2025-12-24 14:43:25 /build/assets/debounce-D1lEgLGw.js ........... ~ 0.18ms
  2025-12-24 14:43:25 /build/assets/ConfirmPassword-ZNhMKOf0.js .... ~ 0.89ms
  2025-12-24 14:43:25 /build/assets/GuestLayout-BsIZhzc6.js ........ ~ 0.26ms
  2025-12-24 14:43:25 /build/assets/GuestLayout-D0pWnSgT.css ....... ~ 0.57ms
  2025-12-24 14:43:25 /build/assets/InputError-DOPETnHN.js ......... ~ 0.27ms
  2025-12-24 14:43:25 /build/assets/InputLabel-D1cZ9ij6.js ......... ~ 0.24ms
  2025-12-24 14:43:25 /build/assets/PrimaryButton-DWmHr6s-.js ...... ~ 0.10ms
  2025-12-24 14:43:25 /build/assets/TextInput-Dg0IQg4s.js .......... ~ 0.10ms
  2025-12-24 14:43:25 /build/assets/ForgotPassword-iag1BjgP.js ..... ~ 0.12ms
  2025-12-24 14:43:25 /build/assets/Login-D-3JiQmb.js .............. ~ 0.24ms
  2025-12-24 14:43:25 /build/assets/Checkbox-IGla8X5X.js ........... ~ 0.27ms
  2025-12-24 14:43:25 /build/assets/Register-DpWkHL5b.js ........... ~ 0.28ms
  2025-12-24 14:43:25 /build/assets/ResetPassword-CJxKvom6.js ...... ~ 0.11ms
  2025-12-24 14:43:25 /build/assets/VerifyEmail-D_G5JM_t.js ........ ~ 0.15ms
  2025-12-24 14:43:25 /build/assets/Index-mL_ANqSV.js .............. ~ 0.31ms
  2025-12-24 14:43:25 /build/assets/SchoolCalendar-DzG1W2pq.js ..... ~ 0.20ms
  2025-12-24 14:43:25 /build/assets/SchoolCalendar-qEf1aTuN.css .... ~ 0.14ms
  2025-12-24 14:43:25 /build/assets/Index-DA1509o7.js .............. ~ 0.14ms
  2025-12-24 14:43:25 /build/assets/index-B1Xc1NAt.js .............. ~ 0.11ms
  2025-12-24 14:43:25 /build/assets/Show-ClEsJVfp.js ............... ~ 0.10ms
  2025-12-24 14:43:25 /build/assets/Show-BI6oj0NI.css .............. ~ 0.11ms
  2025-12-24 14:43:25 /build/assets/Allowance-CThScz5J.js .......... ~ 0.11ms
  2025-12-24 14:43:25 /build/assets/BlogCategories-DJkxS5uu.js ..... ~ 0.11ms
  2025-12-24 14:43:25 /build/assets/Deduction-BQ5x_lfg.js .......... ~ 0.12ms
  2025-12-24 14:43:25 /build/assets/Divisions-CSX49o2k.js .......... ~ 0.14ms
  2025-12-24 14:43:25 /build/assets/EmploymentStatuses--Sz9tJa9.js . ~ 0.14ms
  2025-12-24 14:43:25 /build/assets/EmploymentTypes-BsDuR56C.js .... ~ 0.12ms
  2025-12-24 14:43:25 /build/assets/Genders-D9wKeilE.js ............ ~ 0.11ms
  2025-12-24 14:43:25 /build/assets/Honorifics-C97FEyRV.js ......... ~ 0.16ms
  2025-12-24 14:43:25 /build/assets/Income-DCJywvpN.js ............. ~ 0.13ms
  2025-12-24 14:43:25 /build/assets/Index-B5V_IBWW.js .............. ~ 0.14ms
  2025-12-24 14:43:25 /build/assets/Index-hOtiuyDQ.css ............. ~ 0.11ms
  2025-12-24 14:43:25 /build/assets/JobTitles-DZBTSi1D.js .......... ~ 0.30ms
  2025-12-24 14:43:25 /build/assets/QualificationTypes-C-GRDMC6.js . ~ 0.23ms
  2025-12-24 14:43:25 /build/assets/Relationships-D7X35IsB.js ...... ~ 0.16ms
  2025-12-24 14:43:25 /build/assets/Religions-HCg7zTx1.js .......... ~ 0.10ms
  2025-12-24 14:43:25 /build/assets/SalaryGrade-COEMufMX.js ........ ~ 0.13ms
  2025-12-24 14:43:25 /build/assets/SalaryScale-CqMfh3Oj.js ........ ~ 0.12ms
  2025-12-24 14:43:25 /build/assets/Streams-DAAjEnQg.js ............ ~ 0.11ms
  2025-12-24 14:43:25 /build/assets/Subjects-CqHmmHjS.js ........... ~ 0.15ms
  2025-12-24 14:43:25 /build/assets/TeacherTitles-C5JJc1wb.js ...... ~ 0.95ms
  2025-12-24 14:43:25 /build/assets/Dashboard-jLCoAhYe.js .......... ~ 0.13ms
  2025-12-24 14:43:25 /build/assets/GreetingCard-Ctn7R9Gz.js ....... ~ 0.17ms
  2025-12-24 14:43:25 /build/assets/GreetingCard-d-HuJ_xn.css ...... ~ 0.09ms
  2025-12-24 14:43:25 /build/assets/AssignClasses-jMbQbJbs.js ...... ~ 0.11ms
  2025-12-24 14:43:25 /build/assets/index-BgNMn4CH.js .............. ~ 0.11ms
  2025-12-24 14:43:25 /build/assets/AssignClasses-DNa1Zu07.css ..... ~ 0.23ms
  2025-12-24 14:43:25 /build/assets/AssignSubjects-BSplP8Kg.js ..... ~ 0.22ms
  2025-12-24 14:43:25 /build/assets/Edit-D6PeLUWl.js ............... ~ 0.28ms
  2025-12-24 14:43:25 /build/assets/Edit-BY4eCtR7.css .............. ~ 0.15ms
  2025-12-24 14:43:25 /build/assets/EmergencyContactAccordion-D6E0d5TM.js  ~ 0.17ms
  2025-12-24 14:43:25 /build/assets/EmployeeDataAccordion-BsJIW0Wv.js  ~ 0.17ms
  2025-12-24 14:43:25 /build/assets/Index-xmWDdsOO.js .............. ~ 0.15ms
  2025-12-24 14:43:25 /build/assets/Modal-CB5wicyN.js .............. ~ 0.13ms
  2025-12-24 14:43:25 /build/assets/Dropdown-DgjNX4Ov.js ........... ~ 0.37ms
  2025-12-24 14:43:25 /build/assets/Index-CCa_qaaw.css ............. ~ 0.13ms
  2025-12-24 14:43:25 /build/assets/Index-lKa1Z7ZW.js .............. ~ 0.27ms
  2025-12-24 14:43:25 /build/assets/Index-gehn0z9Y.css ............. ~ 0.11ms
  2025-12-24 14:43:25 /build/assets/QualificationDetailAccordion-KRC7kjnl.js  ~ 0.13ms
  2025-12-24 14:43:25 /build/assets/Show-CrrBntRY.js ............... ~ 0.12ms
  2025-12-24 14:43:25 /build/assets/Create-bLImPQ0J.js ............. ~ 0.13ms
  2025-12-24 14:43:25 /build/assets/Create-Kc1s9BP_.css ............ ~ 0.12ms
  2025-12-24 14:43:25 /build/assets/Edit-DC_LQdSo.js ............... ~ 0.37ms
  2025-12-24 14:43:25 /build/assets/Edit-BXvpM3JB.css .............. ~ 0.30ms
  2025-12-24 14:43:25 /build/assets/Index-C-fQuKgc.js .............. ~ 0.13ms
  2025-12-24 14:43:25 /build/assets/Show-C27JPG4O.js ............... ~ 0.10ms
  2025-12-24 14:43:25 /build/assets/Show-BcbfK-aJ.css .............. ~ 0.15ms
  2025-12-24 14:43:25 /build/assets/WorkHistoryAccordion-DCoq3D9v.js  ~ 0.17ms
  2025-12-24 14:43:25 /build/assets/FeeBalance-BtNuhCCi.js ......... ~ 0.20ms
  2025-12-24 14:43:25 /build/assets/FeeBalance-VxAQu3JP.css ........ ~ 0.24ms
  2025-12-24 14:43:25 /build/assets/FeeReport-BtHP283d.js .......... ~ 0.14ms
  2025-12-24 14:43:25 /build/assets/FeeReport-8VCRTbjL.css ......... ~ 0.12ms
  2025-12-24 14:43:25 /build/assets/Create-C_89WT3_.js ............. ~ 0.19ms
  2025-12-24 14:43:25 /build/assets/Create-v8Xhr7wC.css ............ ~ 1.27ms
  2025-12-24 14:43:25 /build/assets/Edit-Cuv4n9Uz.js ............... ~ 0.11ms
  2025-12-24 14:43:25 /build/assets/Edit-BHrrC4kE.css .............. ~ 0.15ms
  2025-12-24 14:43:25 /build/assets/Index-BudMiaA9.js .............. ~ 0.19ms
  2025-12-24 14:43:25 /build/assets/Index-B3zSWBtC.css ............. ~ 0.25ms
  2025-12-24 14:43:25 /build/assets/Index-BqDe7jeM.js .............. ~ 0.15ms
  2025-12-24 14:43:25 /build/assets/Index-Doodeb1f.css ............. ~ 0.15ms
  2025-12-24 14:43:25 /build/assets/PaymentHistory-BOWtC3qD.js ..... ~ 0.18ms
  2025-12-24 14:43:25 /build/assets/PaymentHistory-BJycJNMh.css .... ~ 0.10ms
  2025-12-24 14:43:25 /build/assets/Reports-DKI0r-t_.js ............ ~ 0.13ms
  2025-12-24 14:43:25 /build/assets/chart-BR_H7_9u.js .............. ~ 0.17ms
  2025-12-24 14:43:25 /build/assets/CollectionReport-aqimTB0d.js ... ~ 0.13ms
  2025-12-24 14:43:25 /build/assets/CollectionReport-DYb6BmdP.css .. ~ 0.11ms
  2025-12-24 14:43:25 /build/assets/Overview-8mNZbNc6.js ........... ~ 0.10ms
  2025-12-24 14:43:25 /build/assets/TransferFunds-DItx7sxa.js ...... ~ 0.16ms
  2025-12-24 14:43:25 /build/assets/TransferFunds-CH4O_5Wh.css ..... ~ 0.18ms
  2025-12-24 14:43:25 /build/assets/TransferHistory-DQ5HgsGY.js .... ~ 0.17ms
  2025-12-24 14:43:25 /build/assets/TransferHistory-Cpner_fp.css ... ~ 0.17ms
  2025-12-24 14:43:25 /build/assets/VerifyPayment-C-IvUW5x.js ...... ~ 0.16ms
  2025-12-24 14:43:25 /build/assets/VerifyPayment-DoPr7nd5.css ..... ~ 0.34ms
  2025-12-24 14:43:25 /build/assets/Index-lBQtjdzT.js .............. ~ 0.10ms
  2025-12-24 14:43:25 /build/assets/Create-cwXwBGb6.js ............. ~ 0.11ms
  2025-12-24 14:43:25 /build/assets/Index-kvFPc0Yc.js .............. ~ 0.16ms
  2025-12-24 14:43:25 /build/assets/Index-D-iiN27u.js .............. ~ 1.45ms
  2025-12-24 14:43:25 /build/assets/Assignments-Bs9JrJ6a.js ........ ~ 0.15ms
  2025-12-24 14:43:25 /build/assets/Assignments-E-S82EKF.css ....... ~ 0.26ms
  2025-12-24 14:43:25 /build/assets/Classes-Cj3ZnMoc.js ............ ~ 0.11ms
  2025-12-24 14:43:25 /build/assets/Classes-fTwbkkVc.css ........... ~ 0.13ms
  2025-12-24 14:43:25 /build/assets/Materials-BQkuXcS8.js .......... ~ 0.11ms
  2025-12-24 14:43:25 /build/assets/Materials-C0tM08BT.css ......... ~ 0.11ms
  2025-12-24 14:43:25 /build/assets/Submissions-Clmt5kMI.js ........ ~ 0.16ms
  2025-12-24 14:43:25 /build/assets/Submissions-tVJZ77wn.css ....... ~ 0.12ms
  2025-12-24 14:43:25 /build/assets/Index-B_IbHHtF.js .............. ~ 0.20ms
  2025-12-24 14:43:25 /build/assets/AllStaff-BYLziGFY.js ........... ~ 0.10ms
  2025-12-24 14:43:26 /build/assets/AllStudents-BMVaw1Ix.js ........ ~ 0.10ms
  2025-12-24 14:43:26 /build/assets/Index-IABnlDrw.js .............. ~ 0.10ms
  2025-12-24 14:43:26 /build/assets/index-DHXAGmwn.css ............. ~ 0.13ms
  2025-12-24 14:43:26 /build/assets/StaffAttendance-B-muC-0q.js .... ~ 0.14ms
  2025-12-24 14:43:26 /build/assets/Index-CsP6i-eu.js .............. ~ 0.10ms
  2025-12-24 14:43:26 /build/assets/AcademicYears-yy3Mli39.js ...... ~ 0.14ms
  2025-12-24 14:43:26 /build/assets/Create-DdbceTEA.js ............. ~ 0.15ms
  2025-12-24 14:43:26 /build/assets/Create-DCBl5WcC.css ............ ~ 0.16ms
  2025-12-24 14:43:26 /build/assets/Index-Ch7RStv3.js .............. ~ 0.12ms
  2025-12-24 14:43:26 /build/assets/Create-CqI_WUHa.js ............. ~ 0.11ms
  2025-12-24 14:43:26 /build/assets/Create-C8kjwkFB.css ............ ~ 0.14ms
  2025-12-24 14:43:26 /build/assets/Edit-DhJrkuqc.js ............... ~ 0.14ms
  2025-12-24 14:43:26 /build/assets/Edit-ujsFgBVD.css .............. ~ 0.36ms
  2025-12-24 14:43:26 /build/assets/Index-Bc700BrQ.js .............. ~ 0.15ms
  2025-12-24 14:43:26 /build/assets/Index-CyoEYGUx.css ............. ~ 0.19ms
  2025-12-24 14:43:26 /build/assets/Show-QK-oOTh1.js ............... ~ 0.15ms
  2025-12-24 14:43:26 /build/assets/Show-Bq3C96w7.css .............. ~ 0.08ms
  2025-12-24 14:43:26 /build/assets/Index-DpeNPPGM.js .............. ~ 0.11ms
  2025-12-24 14:43:26 /build/assets/Index-Ds5Tt_qB.js .............. ~ 0.11ms
  2025-12-24 14:43:26 /build/assets/Index-CRTBOkNs.js .............. ~ 0.14ms
  2025-12-24 14:43:26 /build/assets/Blogs-DQvkMZGr.js .............. ~ 0.21ms
  2025-12-24 14:43:26 /build/assets/Editor-CeeUBjVA.js ............. ~ 0.13ms
  2025-12-24 14:43:26 /build/assets/Editor-DCiBGPfP.css ............ ~ 0.12ms
  2025-12-24 14:43:26 /build/assets/Careers-C2DhVRpO.js ............ ~ 0.14ms
  2025-12-24 14:43:26 /build/assets/Index-CXju1e0p.js .............. ~ 0.16ms
  2025-12-24 14:43:26 /build/assets/Index-DJ9xZC-1.css ............. ~ 0.20ms
  2025-12-24 14:43:26 /build/assets/Buttons-D0hYxG7j.js ............ ~ 0.16ms
  2025-12-24 14:43:26 /build/assets/Buttons-DHNf4XXu.css ........... ~ 0.13ms
  2025-12-24 14:43:26 /build/assets/Colors-Bcodq74Y.js ............. ~ 0.13ms
  2025-12-24 14:43:26 /build/assets/Index-hdVY4IdX.js .............. ~ 0.13ms
  2025-12-24 14:43:26 /build/assets/Index-CEPBEXi6.css ............. ~ 0.12ms
  2025-12-24 14:43:26 /build/assets/Index-DiwNypAR.js .............. ~ 0.18ms
  2025-12-24 14:43:26 /build/assets/Index-Cars8RPa.js .............. ~ 0.09ms
  2025-12-24 14:43:26 /build/assets/Create-DDuimn-A.js ............. ~ 0.10ms
  2025-12-24 14:43:26 /build/assets/Create-Co4pdLcW.css ............ ~ 0.15ms
  2025-12-24 14:43:26 /build/assets/Edit-Dbm4gek5.js ............... ~ 0.12ms
  2025-12-24 14:43:26 /build/assets/Edit-CQCm6wpr.css .............. ~ 0.12ms
  2025-12-24 14:43:26 /build/assets/Index-DtpUN0Iz.js .............. ~ 0.19ms
  2025-12-24 14:43:26 /build/assets/ManagePageSections-DpKpiS4H.js . ~ 0.18ms
  2025-12-24 14:43:26 /build/assets/ManagePageSections-Bn7DDJFs.css  ~ 0.14ms
  2025-12-24 14:43:26 /build/assets/Index-D3E7xI19.js .............. ~ 0.19ms
  2025-12-24 14:43:26 /build/assets/Login-BFRF5ADy.js .............. ~ 0.15ms
  2025-12-24 14:43:26 /build/assets/Dashboard-BNDtFTno.js .......... ~ 0.13ms
  2025-12-24 14:43:26 /build/assets/AssignClasses-BpJmquLl.js ...... ~ 0.15ms
  2025-12-24 14:43:26 /build/assets/AssignClasses-BpmGkGfR.css ..... ~ 0.13ms
  2025-12-24 14:43:26 /build/assets/Index-D9BWGMO1.js .............. ~ 0.14ms
  2025-12-24 14:43:26 /build/assets/Functions-DBdvPDQ4.js .......... ~ 0.11ms
  2025-12-24 14:43:26 /build/assets/MarkAttendance-CSNvoDJV.js ..... ~ 0.16ms
  2025-12-24 14:43:26 /build/assets/Report-DODALejH.js ............. ~ 0.10ms
  2025-12-24 14:43:26 /build/assets/Login-hshwZZnT.js .............. ~ 0.09ms
  2025-12-24 14:43:26 /build/assets/Login-C4dk7bUa.css ............. ~ 0.21ms
  2025-12-24 14:43:26 /build/assets/Index-CTaZpk3R.js .............. ~ 0.12ms
  2025-12-24 14:43:26 /build/assets/Dashboard-B_Yylq2e.js .......... ~ 0.12ms
  2025-12-24 14:43:26 /build/assets/Dashboard-DMZbz74x.css ......... ~ 0.13ms
  2025-12-24 14:43:26 /build/assets/EnterMarks-EBMnxEyH.js ......... ~ 0.14ms
  2025-12-24 14:43:26 /build/assets/EnterMarks-DwL5Vpbu.css ........ ~ 0.09ms
  2025-12-24 14:43:26 /build/assets/SubmittedMarks-DNkLcAF9.js ..... ~ 0.09ms
  2025-12-24 14:43:26 /build/assets/SubmittedMarks-CTHh4nKk.css .... ~ 0.14ms
  2025-12-24 14:43:26 /build/assets/Index-OlRwcp-i.js .............. ~ 0.16ms
  2025-12-24 14:43:26 /build/assets/Index-bfWcpLwP.css ............. ~ 0.14ms
  2025-12-24 14:43:26 /build/assets/EmergencyContacts-BHWbkMxo.js .. ~ 0.16ms
  2025-12-24 14:43:26 /build/assets/EmployeeDetails-CJTRPFot.js .... ~ 0.15ms
  2025-12-24 14:43:26 /build/assets/Qualifications-L_VVnMKR.js ..... ~ 0.12ms
  2025-12-24 14:43:26 /build/assets/UpdatePassword-CZcquiMT.js ..... ~ 0.15ms
  2025-12-24 14:43:26 /build/assets/UpdatePassword-BJM0g8p3.css .... ~ 0.07ms
  2025-12-24 14:43:26 /build/assets/WorkHistories-Bp-a5VMj.js ...... ~ 0.11ms
  2025-12-24 14:43:26 /build/assets/Index-C0JNbF_b.js .............. ~ 0.08ms
  2025-12-24 14:43:26 /build/assets/Index-C2y-pRbf.css ............. ~ 0.08ms
  2025-12-24 14:43:26 /build/assets/Index-DjgTHLcu.js .............. ~ 0.08ms
  2025-12-24 14:43:26 /build/assets/Index-LldVXW7t.js .............. ~ 0.09ms
  2025-12-24 14:43:26 /build/assets/ApprovalQueue-Dr0bu86n.js ...... ~ 0.07ms
  2025-12-24 14:43:26 /build/assets/ApprovalQueue-D2DnOygN.css ..... ~ 0.07ms
  2025-12-24 14:43:26 /build/assets/Index-C5xn3J28.js .............. ~ 0.07ms
  2025-12-24 14:43:26 /build/assets/Index-B-cZF5iC.js .............. ~ 0.08ms
  2025-12-24 14:43:26 /build/assets/PayrollAdjustment-CB0baP92.js .. ~ 0.07ms
  2025-12-24 14:43:26 /build/assets/iziToast-BN3qRX6j.js ........... ~ 0.07ms
  2025-12-24 14:43:26 /build/assets/PayrollAdjustmentAllowance-BBwTrJdH.js  ~ 0.07ms
  2025-12-24 14:43:26 /build/assets/PayrollAdjustmentDeduction-BWH5fK-I.js  ~ 0.46ms
  2025-12-24 14:43:26 /build/assets/PayrollDetails-DVaPRXEa.js ..... ~ 0.30ms
  2025-12-24 14:43:26 /build/assets/PayrollRun-U9ApitZa.js ......... ~ 0.30ms
  2025-12-24 14:43:26 /build/assets/Edit-BuQCLMEA.js ............... ~ 0.38ms
  2025-12-24 14:43:26 /build/assets/SecondaryButton-DzqszHpk.js .... ~ 0.35ms
  2025-12-24 14:43:26 /build/assets/Index-BrCL6Dwp.js .............. ~ 0.22ms
  2025-12-24 14:43:26 /build/assets/DeleteUserForm-DWBAN59_.js ..... ~ 0.36ms
  2025-12-24 14:43:26 /build/assets/UpdatePasswordForm-D2Xlh9dh.js . ~ 0.30ms
  2025-12-24 14:43:26 /build/assets/UpdateProfileInformationForm-DNTRh6_o.js  ~ 0.32ms
  2025-12-24 14:43:26 /build/assets/Index-ByvE5AZB.js .............. ~ 0.27ms
  2025-12-24 14:43:26 /build/assets/Index-Bdx268IB.css ............. ~ 0.32ms
  2025-12-24 14:43:26 /build/assets/Success-DFOTj1Nr.js ............ ~ 0.26ms
  2025-12-24 14:43:26 /build/assets/Success-r-hqeCiF.css ........... ~ 0.29ms
  2025-12-24 14:43:26 /build/assets/Track-DSXvlsSd.js .............. ~ 0.35ms
  2025-12-24 14:43:26 /build/assets/Track-L7omozRj.css ............. ~ 0.43ms
  2025-12-24 14:43:26 /build/assets/TrackingForm-DmvuxU0T.js ....... ~ 0.25ms
  2025-12-24 14:43:26 /build/assets/TrackingForm-BbDMoIBK.css ...... ~ 0.31ms
  2025-12-24 14:43:26 /build/assets/Index-T6yLEVUP.js .............. ~ 0.35ms
  2025-12-24 14:43:26 /build/assets/StudentLayout-CIcrTtsS.js ...... ~ 0.29ms
  2025-12-24 14:43:26 /build/assets/StudentLayout-OSj59oVD.css ..... ~ 0.30ms
  2025-12-24 14:43:26 /build/assets/ChangePassword-DysDV7-O.js ..... ~ 0.29ms
  2025-12-24 14:43:26 /build/assets/Index-CCnMV8hp.js .............. ~ 0.40ms
  2025-12-24 14:43:26 /build/assets/Dashboard-kQwy5DyQ.js .......... ~ 0.34ms
  2025-12-24 14:43:26 /build/assets/Dashboard-XybeFVte.css ......... ~ 0.28ms
  2025-12-24 14:43:26 /build/assets/Index-DZlulPtx.js .............. ~ 0.36ms
  2025-12-24 14:43:26 /build/assets/Assignments-38SLAYzi.js ........ ~ 0.28ms
  2025-12-24 14:43:26 /build/assets/Assignments-BdxcnUAt.css ....... ~ 0.31ms
  2025-12-24 14:43:26 /build/assets/Classes-DOQWWqW1.js ............ ~ 0.30ms
  2025-12-24 14:43:26 /build/assets/Classes-CYXZVLji.css ........... ~ 0.21ms
  2025-12-24 14:43:26 /build/assets/Dashboard-CIvSPt8x.js .......... ~ 0.22ms
  2025-12-24 14:43:26 /build/assets/Dashboard-Df8LdpHi.css ......... ~ 0.19ms
  2025-12-24 14:43:26 /build/assets/Materials-CmHRVLJ6.js .......... ~ 0.24ms
  2025-12-24 14:43:26 /build/assets/Materials-D_KfWPSc.css ......... ~ 0.23ms
  2025-12-24 14:43:26 /build/assets/Index-CRSKaki_.js .............. ~ 0.16ms
  2025-12-24 14:43:26 /build/assets/Edit-BebAIhWb.js ............... ~ 0.14ms
  2025-12-24 14:43:26 /build/assets/Edit-C4P7t_N1.css .............. ~ 0.14ms
  2025-12-24 14:43:26 /build/assets/Index-Ci4uzlpU.js .............. ~ 0.14ms
  2025-12-24 14:43:26 /build/assets/Show-_e_d-J-X.js ............... ~ 0.14ms
  2025-12-24 14:43:26 /build/assets/MyTimetable-C1ImwBcA.js ........ ~ 0.14ms
  2025-12-24 14:43:26 /build/assets/MyTimetable-DCklv2Sq.css ....... ~ 0.13ms
  2025-12-24 14:43:26 /build/assets/Generate-CYZWS78q.js ........... ~ 0.18ms
  2025-12-24 14:43:26 /build/assets/Constraints-CWDRW4h5.js ........ ~ 0.13ms
  2025-12-24 14:43:26 /build/assets/Constraints-BZS0SRTT.css ....... ~ 0.12ms
  2025-12-24 14:43:26 /build/assets/Periods-FpBowtE5.js ............ ~ 0.11ms
  2025-12-24 14:43:26 /build/assets/SubjectAllocation-BacN5-vx.js .. ~ 0.11ms
  2025-12-24 14:43:26 /build/assets/SubjectAllocation-LlDamDcb.css . ~ 0.11ms
  2025-12-24 14:43:26 /build/assets/ClassTimetable-DYinRIOS.js ..... ~ 0.10ms
  2025-12-24 14:43:26 /build/assets/ClassTimetable-DKnYbDuK.css .... ~ 0.10ms
  2025-12-24 14:43:26 /build/assets/TeacherTimetable-BvKciz90.js ... ~ 0.11ms
  2025-12-24 14:43:26 /build/assets/Welcome-CBbpBFmg.js ............ ~ 0.10ms
  2025-12-24 14:43:26 /build/assets/DefaultLayout-CXKV4vsZ.js ...... ~ 0.14ms
  2025-12-24 14:43:26 /build/assets/DefaultLayout-UfeXBpZ5.css ..... ~ 0.15ms
  2025-12-24 14:43:26 /build/assets/Pagination-wBvPNZiK.js ......... ~ 0.11ms
  2025-12-24 14:43:26 /build/assets/Pagination-BbeKvaSo.css ........ ~ 0.11ms
  2025-12-24 14:43:26 /build/assets/lodash-DW0UIlOd.js ............. ~ 0.11ms
  2025-12-24 14:43:26 /build/assets/Footer-B6OMXvBk.js ............. ~ 0.11ms
  2025-12-24 14:43:26 /build/assets/Footer-Dp49msI0.css ............ ~ 0.08ms
  2025-12-24 14:43:27 /admin/student-admissions/admission-form ..... ~ 0.45ms
  2025-12-24 14:43:28 /build/assets/Create-CqI_WUHa.js ............. ~ 0.19ms
  2025-12-24 14:43:28 /build/assets/index-B1Xc1NAt.js .............. ~ 1.11ms
  2025-12-24 14:43:28 /build/assets/Create-C8kjwkFB.css ............ ~ 2.11ms
  2025-12-24 14:43:28 /datatable/divisions ....................... ~ 502.13ms
  2025-12-24 14:43:28 /datatable/ranks ............................. ~ 0.28ms
  2025-12-24 14:43:28 /datatable/genders ......................... ~ 503.82ms
  2025-12-24 14:43:28 /datatable/religions ....................... ~ 501.56ms
  2025-12-24 14:43:28 /datatable/relationships ..................... ~ 1.08ms
  2025-12-24 14:43:29 /admin/student-admissions/generate-admission-number  ~ 1.09ms
  2025-12-24 14:43:29 /build/assets/PublicSans-Bold-DEFlLvwJ.ttf ... ~ 0.38ms
  2025-12-24 14:43:38 /build/assets/PublicSans-Light-buuawPJO.ttf .. ~ 0.21ms
  2025-12-24 14:43:49 /admin/dashboard ........................... ~ 501.30ms
  2025-12-24 14:43:49 /build/assets/Dashboard-jLCoAhYe.js .......... ~ 0.21ms
  2025-12-24 14:43:49 /build/assets/GreetingCard-d-HuJ_xn.css ...... ~ 0.37ms
  2025-12-24 14:43:49 /build/assets/GreetingCard-Ctn7R9Gz.js ....... ~ 0.35ms
  2025-12-24 14:43:50 /build/assets/PublicSans-SemiBold-C3mio3B6.ttf  ~ 0.38ms
  2025-12-24 15:11:09 /admin/dashboard ............................. ~ 0.52ms
  2025-12-24 15:11:09 /build/assets/app-BuAiy87a.css ............... ~ 0.10ms
  2025-12-24 15:11:09 /build/assets/app-CIwfdflE.css ............... ~ 0.10ms
  2025-12-24 15:11:09 /build/assets/app-CSBpmCGc.js ................ ~ 0.10ms
  2025-12-24 15:11:20 /build/assets/Dashboard-jLCoAhYe.js .......... ~ 0.42ms
  2025-12-24 15:11:20 /build/assets/DefaultLayout-CXKV4vsZ.js ...... ~ 0.10ms
  2025-12-24 15:11:20 /build/assets/Footer-B6OMXvBk.js ............. ~ 0.09ms
  2025-12-24 15:11:20 /build/assets/Footer-Dp49msI0.css ............ ~ 0.13ms
  2025-12-24 15:11:20 /build/assets/DefaultLayout-UfeXBpZ5.css ..... ~ 0.16ms
  2025-12-24 15:11:20 /build/assets/GreetingCard-Ctn7R9Gz.js ....... ~ 0.14ms
  2025-12-24 15:11:20 /build/assets/GreetingCard-d-HuJ_xn.css ...... ~ 0.11ms
  2025-12-24 15:11:20 /favicon.ico ................................. ~ 0.15ms
  2025-12-24 15:11:20 /assets/images/branding/skaas-schools-logo.png  ~ 0.18ms
  2025-12-24 15:11:20 /build/assets/boxicons-CeGEncwm.woff2 ........ ~ 0.16ms
  2025-12-24 15:11:20 /build/assets/PublicSans-Regular-CcK-bgQZ.ttf  ~ 0.16ms
  2025-12-24 15:11:20 /build/assets/PublicSans-Bold-DEFlLvwJ.ttf ... ~ 0.18ms
  2025-12-24 15:11:20 /build/assets/PublicSans-SemiBold-C3mio3B6.ttf  ~ 0.79ms
  2025-12-24 15:11:20 /build/assets/PublicSans-Medium-DOt0zBLs.ttf . ~ 0.13ms
  2025-12-24 15:11:22 /build/assets/OnlineApplications-EZ25BZS2.js . ~ 1.08ms
  2025-12-24 15:11:22 /build/assets/OnlineApplications-CZwoTwJe.css  ~ 1.52ms
  2025-12-24 15:11:22 /build/assets/Index-CxFM9JTT.js .............. ~ 0.51ms
  2025-12-24 15:11:23 /build/assets/Report-BtRrCpG9.js ............. ~ 0.24ms
  2025-12-24 15:11:23 /build/assets/debounce-D1lEgLGw.js ........... ~ 0.16ms
  2025-12-24 15:11:23 /build/assets/ConfirmPassword-ZNhMKOf0.js .... ~ 0.15ms
  2025-12-24 15:11:23 /build/assets/GuestLayout-BsIZhzc6.js ........ ~ 0.12ms
  2025-12-24 15:11:23 /build/assets/GuestLayout-D0pWnSgT.css ....... ~ 0.79ms
  2025-12-24 15:11:23 /build/assets/InputError-DOPETnHN.js ......... ~ 0.78ms
  2025-12-24 15:11:23 /build/assets/InputLabel-D1cZ9ij6.js ......... ~ 0.12ms
  2025-12-24 15:11:23 /build/assets/PrimaryButton-DWmHr6s-.js ...... ~ 0.13ms
  2025-12-24 15:11:23 /build/assets/TextInput-Dg0IQg4s.js .......... ~ 0.60ms
  2025-12-24 15:11:23 /build/assets/ForgotPassword-iag1BjgP.js ..... ~ 0.11ms
  2025-12-24 15:11:23 /build/assets/Login-D-3JiQmb.js .............. ~ 0.14ms
  2025-12-24 15:11:23 /build/assets/Checkbox-IGla8X5X.js ........... ~ 1.14ms
  2025-12-24 15:11:23 /build/assets/Register-DpWkHL5b.js ........... ~ 0.16ms
  2025-12-24 15:11:23 /build/assets/ResetPassword-CJxKvom6.js ...... ~ 1.02ms
  2025-12-24 15:11:23 /build/assets/VerifyEmail-D_G5JM_t.js ........ ~ 2.15ms
  2025-12-24 15:11:23 /build/assets/Index-mL_ANqSV.js .............. ~ 0.18ms
  2025-12-24 15:11:23 /build/assets/SchoolCalendar-DzG1W2pq.js ..... ~ 0.24ms
  2025-12-24 15:11:23 /build/assets/SchoolCalendar-qEf1aTuN.css .... ~ 0.82ms
  2025-12-24 15:11:23 /build/assets/Index-DA1509o7.js .............. ~ 0.15ms
  2025-12-24 15:11:23 /build/assets/index-B1Xc1NAt.js .............. ~ 0.12ms
  2025-12-24 15:11:23 /build/assets/Show-ClEsJVfp.js ............... ~ 0.11ms
  2025-12-24 15:11:23 /build/assets/Show-BI6oj0NI.css .............. ~ 0.11ms
  2025-12-24 15:11:23 /build/assets/Allowance-CThScz5J.js .......... ~ 0.15ms
  2025-12-24 15:11:23 /build/assets/BlogCategories-DJkxS5uu.js ..... ~ 0.12ms
  2025-12-24 15:11:23 /build/assets/Deduction-BQ5x_lfg.js .......... ~ 0.13ms
  2025-12-24 15:11:23 /build/assets/Divisions-CSX49o2k.js .......... ~ 0.16ms
  2025-12-24 15:11:23 /build/assets/EmploymentStatuses--Sz9tJa9.js . ~ 0.18ms
  2025-12-24 15:11:23 /build/assets/EmploymentTypes-BsDuR56C.js .... ~ 0.14ms
  2025-12-24 15:11:23 /build/assets/Genders-D9wKeilE.js ............ ~ 0.22ms
  2025-12-24 15:11:23 /build/assets/Honorifics-C97FEyRV.js ......... ~ 1.25ms
  2025-12-24 15:11:23 /build/assets/Income-DCJywvpN.js ............. ~ 0.16ms
  2025-12-24 15:11:23 /build/assets/Index-B5V_IBWW.js .............. ~ 0.19ms
  2025-12-24 15:11:23 /build/assets/Index-hOtiuyDQ.css ............. ~ 1.61ms
  2025-12-24 15:11:23 /build/assets/JobTitles-DZBTSi1D.js .......... ~ 0.12ms
  2025-12-24 15:11:23 /build/assets/QualificationTypes-C-GRDMC6.js . ~ 0.16ms
  2025-12-24 15:11:23 /build/assets/Relationships-D7X35IsB.js ...... ~ 0.52ms
  2025-12-24 15:11:23 /build/assets/Religions-HCg7zTx1.js .......... ~ 0.12ms
  2025-12-24 15:11:23 /build/assets/SalaryGrade-COEMufMX.js ........ ~ 0.13ms
  2025-12-24 15:11:23 /build/assets/SalaryScale-CqMfh3Oj.js ........ ~ 0.15ms
  2025-12-24 15:11:23 /build/assets/Streams-DAAjEnQg.js ............ ~ 0.19ms
  2025-12-24 15:11:23 /build/assets/Subjects-CqHmmHjS.js ........... ~ 0.17ms
  2025-12-24 15:11:23 /build/assets/Dashboard-jLCoAhYe.js .......... ~ 0.16ms
  2025-12-24 15:11:23 /build/assets/TeacherTitles-C5JJc1wb.js ...... ~ 0.11ms
  2025-12-24 15:11:23 /build/assets/GreetingCard-Ctn7R9Gz.js ....... ~ 0.13ms
  2025-12-24 15:11:23 /build/assets/GreetingCard-d-HuJ_xn.css ...... ~ 0.09ms
  2025-12-24 15:11:23 /build/assets/AssignClasses-jMbQbJbs.js ...... ~ 0.08ms
  2025-12-24 15:11:23 /build/assets/index-BgNMn4CH.js .............. ~ 0.14ms
  2025-12-24 15:11:23 /build/assets/AssignClasses-DNa1Zu07.css ..... ~ 0.33ms
  2025-12-24 15:11:23 /build/assets/AssignSubjects-BSplP8Kg.js ..... ~ 0.19ms
  2025-12-24 15:11:23 /build/assets/Edit-D6PeLUWl.js ............... ~ 0.27ms
  2025-12-24 15:11:23 /build/assets/Edit-BY4eCtR7.css .............. ~ 0.42ms
  2025-12-24 15:11:23 /build/assets/EmergencyContactAccordion-D6E0d5TM.js  ~ 0.22ms
  2025-12-24 15:11:23 /build/assets/EmployeeDataAccordion-BsJIW0Wv.js  ~ 0.18ms
  2025-12-24 15:11:23 /build/assets/Index-xmWDdsOO.js .............. ~ 0.19ms
  2025-12-24 15:11:23 /build/assets/Modal-CB5wicyN.js .............. ~ 0.15ms
  2025-12-24 15:11:23 /build/assets/Dropdown-DgjNX4Ov.js ........... ~ 0.16ms
  2025-12-24 15:11:23 /build/assets/Index-CCa_qaaw.css ............. ~ 0.21ms
  2025-12-24 15:11:23 /build/assets/Index-lKa1Z7ZW.js .............. ~ 0.14ms
  2025-12-24 15:11:23 /build/assets/Index-gehn0z9Y.css ............. ~ 0.17ms
  2025-12-24 15:11:23 /build/assets/QualificationDetailAccordion-KRC7kjnl.js  ~ 1.19ms
  2025-12-24 15:11:23 /build/assets/Show-CrrBntRY.js ............... ~ 1.48ms
  2025-12-24 15:11:23 /build/assets/Create-bLImPQ0J.js ............. ~ 0.20ms
  2025-12-24 15:11:23 /build/assets/Create-Kc1s9BP_.css ............ ~ 0.17ms
  2025-12-24 15:11:23 /build/assets/Edit-DC_LQdSo.js ............... ~ 1.13ms
  2025-12-24 15:11:23 /build/assets/Edit-BXvpM3JB.css .............. ~ 0.19ms
  2025-12-24 15:11:23 /build/assets/Index-C-fQuKgc.js .............. ~ 0.52ms
  2025-12-24 15:11:23 /build/assets/Show-C27JPG4O.js ............... ~ 2.02ms
  2025-12-24 15:11:23 /build/assets/Show-BcbfK-aJ.css .............. ~ 0.18ms
  2025-12-24 15:11:23 /build/assets/WorkHistoryAccordion-DCoq3D9v.js  ~ 0.23ms
  2025-12-24 15:11:23 /build/assets/FeeBalance-BtNuhCCi.js ......... ~ 0.60ms
  2025-12-24 15:11:23 /build/assets/FeeBalance-VxAQu3JP.css ........ ~ 0.14ms
  2025-12-24 15:11:23 /build/assets/FeeReport-BtHP283d.js .......... ~ 0.18ms
  2025-12-24 15:11:23 /build/assets/FeeReport-8VCRTbjL.css ......... ~ 1.00ms
  2025-12-24 15:11:23 /build/assets/Create-C_89WT3_.js ............. ~ 0.13ms
  2025-12-24 15:11:23 /build/assets/Create-v8Xhr7wC.css ............ ~ 0.21ms
  2025-12-24 15:11:23 /build/assets/Edit-Cuv4n9Uz.js ............... ~ 0.26ms
  2025-12-24 15:11:23 /build/assets/Edit-BHrrC4kE.css .............. ~ 0.14ms
  2025-12-24 15:11:23 /build/assets/Index-BudMiaA9.js .............. ~ 0.17ms
  2025-12-24 15:11:23 /build/assets/Index-B3zSWBtC.css ............. ~ 0.46ms
  2025-12-24 15:11:23 /build/assets/Index-BqDe7jeM.js .............. ~ 0.58ms
  2025-12-24 15:11:23 /build/assets/Index-Doodeb1f.css ............. ~ 0.45ms
  2025-12-24 15:11:23 /build/assets/PaymentHistory-BOWtC3qD.js ..... ~ 0.54ms
  2025-12-24 15:11:23 /build/assets/PaymentHistory-BJycJNMh.css .... ~ 0.44ms
  2025-12-24 15:11:23 /build/assets/Reports-DKI0r-t_.js ............ ~ 0.28ms
  2025-12-24 15:11:23 /build/assets/chart-BR_H7_9u.js .............. ~ 0.50ms
  2025-12-24 15:11:23 /build/assets/CollectionReport-aqimTB0d.js ... ~ 0.38ms
  2025-12-24 15:11:23 /build/assets/CollectionReport-DYb6BmdP.css .. ~ 0.48ms
  2025-12-24 15:11:23 /build/assets/Overview-8mNZbNc6.js ........... ~ 0.30ms
  2025-12-24 15:11:23 /build/assets/TransferFunds-DItx7sxa.js ...... ~ 0.63ms
  2025-12-24 15:11:23 /build/assets/TransferFunds-CH4O_5Wh.css ..... ~ 2.59ms
  2025-12-24 15:11:23 /build/assets/TransferHistory-DQ5HgsGY.js .... ~ 0.74ms
  2025-12-24 15:11:23 /build/assets/TransferHistory-Cpner_fp.css ... ~ 0.47ms
  2025-12-24 15:11:23 /build/assets/VerifyPayment-C-IvUW5x.js ...... ~ 2.26ms
  2025-12-24 15:11:23 /build/assets/VerifyPayment-DoPr7nd5.css ..... ~ 0.55ms
  2025-12-24 15:11:23 /build/assets/Index-lBQtjdzT.js .............. ~ 0.32ms
  2025-12-24 15:11:23 /build/assets/Create-cwXwBGb6.js ............. ~ 0.43ms
  2025-12-24 15:11:23 /build/assets/Index-kvFPc0Yc.js .............. ~ 0.62ms
  2025-12-24 15:11:23 /build/assets/Index-D-iiN27u.js .............. ~ 0.36ms
  2025-12-24 15:11:23 /build/assets/Assignments-Bs9JrJ6a.js ........ ~ 0.40ms
  2025-12-24 15:11:23 /build/assets/Assignments-E-S82EKF.css ....... ~ 0.38ms
  2025-12-24 15:11:23 /build/assets/Classes-Cj3ZnMoc.js ............ ~ 0.25ms
  2025-12-24 15:11:23 /build/assets/Classes-fTwbkkVc.css ........... ~ 0.25ms
  2025-12-24 15:11:23 /build/assets/Materials-BQkuXcS8.js .......... ~ 0.49ms
  2025-12-24 15:11:23 /build/assets/Materials-C0tM08BT.css ......... ~ 0.18ms
  2025-12-24 15:11:23 /build/assets/Submissions-Clmt5kMI.js ........ ~ 0.23ms
  2025-12-24 15:11:23 /build/assets/Submissions-tVJZ77wn.css ....... ~ 1.00ms
  2025-12-24 15:11:23 /build/assets/Index-B_IbHHtF.js .............. ~ 0.15ms
  2025-12-24 15:11:23 /build/assets/AllStaff-BYLziGFY.js ........... ~ 0.15ms
  2025-12-24 15:11:23 /build/assets/AllStudents-BMVaw1Ix.js ........ ~ 0.16ms
  2025-12-24 15:11:23 /build/assets/Index-IABnlDrw.js .............. ~ 0.12ms
  2025-12-24 15:11:23 /build/assets/index-DHXAGmwn.css ............. ~ 0.25ms
  2025-12-24 15:11:23 /build/assets/StaffAttendance-B-muC-0q.js .... ~ 0.20ms
  2025-12-24 15:11:24 /build/assets/Index-CsP6i-eu.js .............. ~ 0.12ms
  2025-12-24 15:11:24 /build/assets/AcademicYears-yy3Mli39.js ...... ~ 0.15ms
  2025-12-24 15:11:24 /build/assets/Create-DdbceTEA.js ............. ~ 0.13ms
  2025-12-24 15:11:24 /build/assets/Create-DCBl5WcC.css ............ ~ 0.13ms
  2025-12-24 15:11:24 /build/assets/Index-Ch7RStv3.js .............. ~ 0.14ms
  2025-12-24 15:11:24 /build/assets/Create-CqI_WUHa.js ............. ~ 0.23ms
  2025-12-24 15:11:24 /build/assets/Create-C8kjwkFB.css ............ ~ 0.23ms
  2025-12-24 15:11:24 /build/assets/Edit-DhJrkuqc.js ............... ~ 0.10ms
  2025-12-24 15:11:24 /build/assets/Edit-ujsFgBVD.css .............. ~ 0.22ms
  2025-12-24 15:11:24 /build/assets/Index-Bc700BrQ.js .............. ~ 0.12ms
  2025-12-24 15:11:24 /build/assets/Index-CyoEYGUx.css ............. ~ 0.09ms
  2025-12-24 15:11:24 /build/assets/Show-QK-oOTh1.js ............... ~ 0.13ms
  2025-12-24 15:11:24 /build/assets/Show-Bq3C96w7.css .............. ~ 0.10ms
  2025-12-24 15:11:24 /build/assets/Index-DpeNPPGM.js .............. ~ 0.08ms
  2025-12-24 15:11:24 /build/assets/Index-Ds5Tt_qB.js .............. ~ 0.10ms
  2025-12-24 15:11:24 /build/assets/Index-CRTBOkNs.js .............. ~ 0.13ms
  2025-12-24 15:11:24 /build/assets/Blogs-DQvkMZGr.js .............. ~ 0.13ms
  2025-12-24 15:11:24 /build/assets/Editor-CeeUBjVA.js ............. ~ 0.40ms
  2025-12-24 15:11:24 /build/assets/Editor-DCiBGPfP.css ............ ~ 0.23ms
  2025-12-24 15:11:24 /build/assets/Careers-C2DhVRpO.js ............ ~ 0.14ms
  2025-12-24 15:11:24 /build/assets/Index-CXju1e0p.js .............. ~ 0.16ms
  2025-12-24 15:11:24 /build/assets/Index-DJ9xZC-1.css ............. ~ 1.00ms
  2025-12-24 15:11:24 /build/assets/Buttons-D0hYxG7j.js ............ ~ 0.19ms
  2025-12-24 15:11:24 /build/assets/Buttons-DHNf4XXu.css ........... ~ 0.29ms
  2025-12-24 15:11:24 /build/assets/Colors-Bcodq74Y.js ............. ~ 0.97ms
  2025-12-24 15:11:24 /build/assets/Index-hdVY4IdX.js .............. ~ 0.13ms
  2025-12-24 15:11:24 /build/assets/Index-CEPBEXi6.css ............. ~ 0.11ms
  2025-12-24 15:11:24 /build/assets/Index-DiwNypAR.js .............. ~ 0.10ms
  2025-12-24 15:11:24 /build/assets/Index-Cars8RPa.js .............. ~ 0.11ms
  2025-12-24 15:11:24 /build/assets/Create-DDuimn-A.js ............. ~ 0.11ms
  2025-12-24 15:11:24 /build/assets/Create-Co4pdLcW.css ............ ~ 0.75ms
  2025-12-24 15:11:24 /build/assets/Edit-Dbm4gek5.js ............... ~ 0.16ms
  2025-12-24 15:11:24 /build/assets/Edit-CQCm6wpr.css .............. ~ 0.18ms
  2025-12-24 15:11:24 /build/assets/Index-DtpUN0Iz.js .............. ~ 0.29ms
  2025-12-24 15:11:24 /build/assets/ManagePageSections-DpKpiS4H.js . ~ 0.39ms
  2025-12-24 15:11:24 /build/assets/ManagePageSections-Bn7DDJFs.css  ~ 0.25ms
  2025-12-24 15:11:24 /build/assets/Index-D3E7xI19.js .............. ~ 0.11ms
  2025-12-24 15:11:24 /build/assets/Login-BFRF5ADy.js .............. ~ 0.23ms
  2025-12-24 15:11:24 /build/assets/Dashboard-BNDtFTno.js .......... ~ 0.17ms
  2025-12-24 15:11:24 /build/assets/AssignClasses-BpJmquLl.js ...... ~ 1.12ms
  2025-12-24 15:11:24 /build/assets/AssignClasses-BpmGkGfR.css ..... ~ 0.10ms
  2025-12-24 15:11:24 /build/assets/Index-D9BWGMO1.js .............. ~ 0.08ms
  2025-12-24 15:11:24 /build/assets/Functions-DBdvPDQ4.js .......... ~ 0.10ms
  2025-12-24 15:11:24 /build/assets/MarkAttendance-CSNvoDJV.js ..... ~ 0.10ms
  2025-12-24 15:11:24 /build/assets/Report-DODALejH.js ............. ~ 0.08ms
  2025-12-24 15:11:24 /build/assets/Login-hshwZZnT.js .............. ~ 0.09ms
  2025-12-24 15:11:24 /build/assets/Login-C4dk7bUa.css ............. ~ 0.08ms
  2025-12-24 15:11:24 /build/assets/Index-CTaZpk3R.js .............. ~ 0.11ms
  2025-12-24 15:11:24 /build/assets/Dashboard-B_Yylq2e.js .......... ~ 0.18ms
  2025-12-24 15:11:24 /build/assets/Dashboard-DMZbz74x.css ......... ~ 0.17ms
  2025-12-24 15:11:24 /build/assets/EnterMarks-EBMnxEyH.js ......... ~ 0.28ms
  2025-12-24 15:11:24 /build/assets/EnterMarks-DwL5Vpbu.css ........ ~ 0.16ms
  2025-12-24 15:11:24 /build/assets/SubmittedMarks-DNkLcAF9.js ..... ~ 0.14ms
  2025-12-24 15:11:24 /build/assets/SubmittedMarks-CTHh4nKk.css .... ~ 0.18ms
  2025-12-24 15:11:24 /build/assets/Index-OlRwcp-i.js .............. ~ 0.09ms
  2025-12-24 15:11:24 /build/assets/Index-bfWcpLwP.css ............. ~ 0.14ms
  2025-12-24 15:11:24 /build/assets/EmergencyContacts-BHWbkMxo.js .. ~ 0.18ms
  2025-12-24 15:11:24 /build/assets/EmployeeDetails-CJTRPFot.js .... ~ 0.11ms
  2025-12-24 15:11:24 /build/assets/Qualifications-L_VVnMKR.js ..... ~ 0.11ms
  2025-12-24 15:11:24 /build/assets/UpdatePassword-CZcquiMT.js ..... ~ 0.55ms
  2025-12-24 15:11:24 /build/assets/UpdatePassword-BJM0g8p3.css .... ~ 0.10ms
  2025-12-24 15:11:24 /build/assets/WorkHistories-Bp-a5VMj.js ...... ~ 0.12ms
  2025-12-24 15:11:24 /build/assets/Index-C0JNbF_b.js .............. ~ 0.11ms
  2025-12-24 15:11:24 /build/assets/Index-C2y-pRbf.css ............. ~ 0.09ms
  2025-12-24 15:11:24 /build/assets/Index-DjgTHLcu.js .............. ~ 0.09ms
  2025-12-24 15:11:24 /build/assets/Index-LldVXW7t.js .............. ~ 0.09ms
  2025-12-24 15:11:24 /build/assets/ApprovalQueue-Dr0bu86n.js ...... ~ 0.09ms
  2025-12-24 15:11:24 /build/assets/ApprovalQueue-D2DnOygN.css ..... ~ 0.12ms
  2025-12-24 15:11:24 /build/assets/Index-C5xn3J28.js .............. ~ 0.14ms
  2025-12-24 15:11:24 /build/assets/Index-B-cZF5iC.js .............. ~ 0.08ms
  2025-12-24 15:11:24 /build/assets/PayrollAdjustment-CB0baP92.js .. ~ 0.09ms
  2025-12-24 15:11:24 /build/assets/iziToast-BN3qRX6j.js ........... ~ 0.12ms
  2025-12-24 15:11:24 /build/assets/PayrollAdjustmentAllowance-BBwTrJdH.js  ~ 0.19ms
  2025-12-24 15:11:24 /build/assets/PayrollAdjustmentDeduction-BWH5fK-I.js  ~ 0.14ms
  2025-12-24 15:11:24 /build/assets/PayrollDetails-DVaPRXEa.js ..... ~ 0.15ms
  2025-12-24 15:11:24 /build/assets/PayrollRun-U9ApitZa.js ......... ~ 0.15ms
  2025-12-24 15:11:24 /build/assets/Edit-BuQCLMEA.js ............... ~ 0.14ms
  2025-12-24 15:11:24 /build/assets/SecondaryButton-DzqszHpk.js .... ~ 0.18ms
  2025-12-24 15:11:24 /build/assets/Index-BrCL6Dwp.js .............. ~ 0.13ms
  2025-12-24 15:11:24 /build/assets/DeleteUserForm-DWBAN59_.js ..... ~ 0.10ms
  2025-12-24 15:11:24 /build/assets/UpdatePasswordForm-D2Xlh9dh.js . ~ 0.08ms
  2025-12-24 15:11:24 /build/assets/UpdateProfileInformationForm-DNTRh6_o.js  ~ 0.12ms
  2025-12-24 15:11:24 /build/assets/Index-ByvE5AZB.js .............. ~ 0.12ms
  2025-12-24 15:11:24 /build/assets/Index-Bdx268IB.css ............. ~ 0.10ms
  2025-12-24 15:11:24 /build/assets/Success-DFOTj1Nr.js ............ ~ 0.60ms
  2025-12-24 15:11:24 /build/assets/Success-r-hqeCiF.css ........... ~ 0.13ms
  2025-12-24 15:11:24 /build/assets/Track-DSXvlsSd.js .............. ~ 0.09ms
  2025-12-24 15:11:24 /build/assets/Track-L7omozRj.css ............. ~ 0.09ms
  2025-12-24 15:11:24 /build/assets/TrackingForm-DmvuxU0T.js ....... ~ 0.12ms
  2025-12-24 15:11:24 /build/assets/TrackingForm-BbDMoIBK.css ...... ~ 0.12ms
  2025-12-24 15:11:24 /build/assets/Index-T6yLEVUP.js .............. ~ 0.07ms
  2025-12-24 15:11:24 /build/assets/StudentLayout-CIcrTtsS.js ...... ~ 0.09ms
  2025-12-24 15:11:24 /build/assets/StudentLayout-OSj59oVD.css ..... ~ 0.08ms
  2025-12-24 15:11:24 /build/assets/ChangePassword-DysDV7-O.js ..... ~ 0.09ms
  2025-12-24 15:11:24 /build/assets/Index-CCnMV8hp.js .............. ~ 0.09ms
  2025-12-24 15:11:24 /build/assets/Dashboard-kQwy5DyQ.js .......... ~ 0.09ms
  2025-12-24 15:11:24 /build/assets/Dashboard-XybeFVte.css ......... ~ 0.11ms
  2025-12-24 15:11:24 /build/assets/Index-DZlulPtx.js .............. ~ 0.09ms
  2025-12-24 15:11:24 /build/assets/Assignments-38SLAYzi.js ........ ~ 0.08ms
  2025-12-24 15:11:24 /build/assets/Assignments-BdxcnUAt.css ....... ~ 0.06ms
  2025-12-24 15:11:24 /build/assets/Classes-DOQWWqW1.js ............ ~ 0.06ms
  2025-12-24 15:11:24 /build/assets/Classes-CYXZVLji.css ........... ~ 0.10ms
  2025-12-24 15:11:24 /build/assets/Dashboard-CIvSPt8x.js .......... ~ 0.13ms
  2025-12-24 15:11:24 /build/assets/Dashboard-Df8LdpHi.css ......... ~ 0.08ms
  2025-12-24 15:11:24 /build/assets/Materials-CmHRVLJ6.js .......... ~ 0.08ms
  2025-12-24 15:11:24 /build/assets/Materials-D_KfWPSc.css ......... ~ 0.07ms
  2025-12-24 15:11:24 /build/assets/Index-CRSKaki_.js .............. ~ 0.07ms
  2025-12-24 15:11:24 /build/assets/Edit-BebAIhWb.js ............... ~ 0.07ms
  2025-12-24 15:11:24 /build/assets/Edit-C4P7t_N1.css .............. ~ 0.07ms
  2025-12-24 15:11:24 /build/assets/Index-Ci4uzlpU.js .............. ~ 0.08ms
  2025-12-24 15:11:24 /build/assets/Show-_e_d-J-X.js ............... ~ 0.07ms
  2025-12-24 15:11:24 /build/assets/MyTimetable-C1ImwBcA.js ........ ~ 0.08ms
  2025-12-24 15:11:24 /build/assets/MyTimetable-DCklv2Sq.css ....... ~ 0.08ms
  2025-12-24 15:11:24 /build/assets/Generate-CYZWS78q.js ........... ~ 0.07ms
  2025-12-24 15:11:24 /build/assets/Constraints-CWDRW4h5.js ........ ~ 0.07ms
  2025-12-24 15:11:24 /build/assets/Constraints-BZS0SRTT.css ....... ~ 0.08ms
  2025-12-24 15:11:24 /build/assets/Periods-FpBowtE5.js ............ ~ 0.10ms
  2025-12-24 15:11:24 /build/assets/SubjectAllocation-BacN5-vx.js .. ~ 0.12ms
  2025-12-24 15:11:24 /build/assets/SubjectAllocation-LlDamDcb.css . ~ 0.37ms
  2025-12-24 15:11:24 /build/assets/ClassTimetable-DYinRIOS.js ..... ~ 0.07ms
  2025-12-24 15:11:24 /build/assets/ClassTimetable-DKnYbDuK.css .... ~ 0.08ms
  2025-12-24 15:11:24 /build/assets/TeacherTimetable-BvKciz90.js ... ~ 0.43ms
  2025-12-24 15:11:24 /build/assets/Welcome-CBbpBFmg.js ............ ~ 0.08ms
  2025-12-24 15:11:24 /build/assets/DefaultLayout-CXKV4vsZ.js ...... ~ 0.07ms
  2025-12-24 15:11:24 /build/assets/DefaultLayout-UfeXBpZ5.css ..... ~ 0.08ms
  2025-12-24 15:11:24 /build/assets/Pagination-wBvPNZiK.js ......... ~ 0.07ms
  2025-12-24 15:11:24 /build/assets/Pagination-BbeKvaSo.css ........ ~ 0.07ms
  2025-12-24 15:11:24 /build/assets/lodash-DW0UIlOd.js ............. ~ 0.06ms
  2025-12-24 15:11:24 /build/assets/Footer-B6OMXvBk.js ............. ~ 0.10ms
  2025-12-24 15:11:24 /build/assets/Footer-Dp49msI0.css ............ ~ 0.12ms
  2025-12-24 15:11:55 /timetable/setup/periods ......................... ~ 1s
  2025-12-24 15:11:56 /build/assets/Periods-FpBowtE5.js ............ ~ 0.14ms
  2025-12-24 15:11:56 /build/assets/Modal-CB5wicyN.js .............. ~ 0.15ms
  2025-12-24 15:11:56 /build/assets/InputLabel-D1cZ9ij6.js ......... ~ 0.17ms
  2025-12-24 15:11:56 /build/assets/TextInput-Dg0IQg4s.js .......... ~ 0.14ms
  2025-12-24 15:11:56 /build/assets/PrimaryButton-DWmHr6s-.js ...... ~ 0.89ms
  2025-12-24 15:11:56 /build/assets/SecondaryButton-DzqszHpk.js .... ~ 1.52ms
  2025-12-24 15:11:56 /build/assets/Checkbox-IGla8X5X.js ........... ~ 1.70ms
  2025-12-24 15:11:56 /build/assets/PublicSans-Italic-CJ7-AYW_.ttf . ~ 0.48ms
  2025-12-24 15:11:56 /build/assets/PublicSans-Light-buuawPJO.ttf .. ~ 1.31ms
  2025-12-24 15:11:58 .................................................. ~ 5s
  2025-12-24 15:12:06 /admin/settings .............................. ~ 0.35ms
  2025-12-24 15:12:06 /build/assets/Index-B5V_IBWW.js .............. ~ 0.36ms
  2025-12-24 15:12:06 /build/assets/Divisions-CSX49o2k.js .......... ~ 0.47ms
  2025-12-24 15:12:06 /build/assets/debounce-D1lEgLGw.js ........... ~ 0.35ms
  2025-12-24 15:12:06 /build/assets/Streams-DAAjEnQg.js ............ ~ 0.31ms
  2025-12-24 15:12:06 /build/assets/Subjects-CqHmmHjS.js ........... ~ 1.82ms
  2025-12-24 15:12:06 /build/assets/Religions-HCg7zTx1.js .......... ~ 2.59ms
  2025-12-24 15:12:06 /build/assets/Relationships-D7X35IsB.js ...... ~ 0.18ms
  2025-12-24 15:12:06 /build/assets/Honorifics-C97FEyRV.js ......... ~ 0.36ms
  2025-12-24 15:12:06 /build/assets/JobTitles-DZBTSi1D.js .......... ~ 1.33ms
  2025-12-24 15:12:06 /build/assets/EmploymentTypes-BsDuR56C.js .... ~ 2.82ms
  2025-12-24 15:12:06 /build/assets/EmploymentStatuses--Sz9tJa9.js . ~ 1.32ms
  2025-12-24 15:12:06 /build/assets/SalaryScale-CqMfh3Oj.js ........ ~ 2.23ms
  2025-12-24 15:12:06 /build/assets/SalaryGrade-COEMufMX.js ........ ~ 3.57ms
  2025-12-24 15:12:06 /build/assets/QualificationTypes-C-GRDMC6.js . ~ 4.43ms
  2025-12-24 15:12:06 /build/assets/BlogCategories-DJkxS5uu.js ..... ~ 4.96ms
  2025-12-24 15:12:06 /build/assets/Allowance-CThScz5J.js .......... ~ 4.39ms
  2025-12-24 15:12:06 /build/assets/Deduction-BQ5x_lfg.js .......... ~ 0.24ms
  2025-12-24 15:12:06 /build/assets/Income-DCJywvpN.js ............. ~ 1.71ms
  2025-12-24 15:12:06 /build/assets/AcademicYears-yy3Mli39.js ...... ~ 3.05ms
  2025-12-24 15:12:06 /build/assets/Index-hOtiuyDQ.css ............. ~ 3.53ms
  2025-12-24 15:12:06 /datatable/academic-years .................... ~ 0.21ms
  2025-12-24 15:12:09 /datatable/divisions ......................... ~ 0.15ms
  2025-12-24 15:12:11 /datatable/streams ........................... ~ 0.26ms
  2025-12-24 15:12:14 /datatable/subjects ........................ ~ 500.76ms
  2025-12-24 15:15:06 /admin/employees ................................. ~ 2s
  2025-12-24 15:15:08 /build/assets/Index-xmWDdsOO.js .............. ~ 0.21ms
  2025-12-24 15:15:08 /build/assets/lodash-DW0UIlOd.js ............. ~ 0.20ms
  2025-12-24 15:15:08 /build/assets/Dropdown-DgjNX4Ov.js ........... ~ 0.92ms
  2025-12-24 15:15:08 /build/assets/Index-CCa_qaaw.css ............. ~ 0.08ms
  2025-12-24 15:15:23 /admin/calendar ............................ ~ 501.13ms
  2025-12-24 15:15:23 /build/assets/Index-mL_ANqSV.js .............. ~ 0.15ms
  2025-12-24 15:15:23 /build/assets/SchoolCalendar-qEf1aTuN.css .... ~ 1.36ms
  2025-12-24 15:15:23 /build/assets/SchoolCalendar-DzG1W2pq.js ..... ~ 2.06ms
  2025-12-24 15:15:23 /admin/calendar/events/fetch ................. ~ 0.15ms
  2025-12-24 15:43:44 /admin/calendar .............................. ~ 0.14ms
  2025-12-24 15:43:44 /build/assets/app-CIwfdflE.css ............... ~ 0.09ms
  2025-12-24 15:43:44 /build/assets/app-BuAiy87a.css ............... ~ 0.77ms
  2025-12-24 15:43:44 /build/assets/app-CSBpmCGc.js ................ ~ 0.06ms
  2025-12-24 15:43:50 /build/assets/Index-mL_ANqSV.js .............. ~ 0.64ms
  2025-12-24 15:43:50 /build/assets/SchoolCalendar-DzG1W2pq.js ..... ~ 0.46ms
  2025-12-24 15:43:50 /build/assets/SchoolCalendar-qEf1aTuN.css .... ~ 0.26ms
  2025-12-24 15:43:50 /build/assets/DefaultLayout-CXKV4vsZ.js ...... ~ 0.25ms
  2025-12-24 15:43:50 /build/assets/Footer-B6OMXvBk.js ............. ~ 0.19ms
  2025-12-24 15:43:50 /build/assets/Footer-Dp49msI0.css ............ ~ 0.26ms
  2025-12-24 15:43:50 /build/assets/DefaultLayout-UfeXBpZ5.css ..... ~ 0.15ms
  2025-12-24 15:43:50 /favicon.ico ................................. ~ 0.12ms
  2025-12-24 15:43:50 /admin/calendar/events/fetch ................. ~ 0.22ms
  2025-12-24 15:43:50 /build/assets/boxicons-CeGEncwm.woff2 ........ ~ 0.51ms
  2025-12-24 15:43:50 /build/assets/PublicSans-Medium-DOt0zBLs.ttf . ~ 1.73ms
  2025-12-24 15:43:50 /build/assets/PublicSans-Regular-CcK-bgQZ.ttf  ~ 2.29ms
  2025-12-24 15:43:50 /assets/images/branding/skaas-schools-logo.png  ~ 0.30ms
  2025-12-24 15:43:50 /build/assets/OnlineApplications-EZ25BZS2.js . ~ 0.25ms
  2025-12-24 15:43:50 /build/assets/OnlineApplications-CZwoTwJe.css  ~ 0.98ms
  2025-12-24 15:43:50 /build/assets/Index-CxFM9JTT.js .............. ~ 0.62ms
  2025-12-24 15:43:50 /build/assets/Report-BtRrCpG9.js ........... ~ 500.93ms
  2025-12-24 15:43:50 /build/assets/debounce-D1lEgLGw.js ........... ~ 2.36ms
  2025-12-24 15:43:50 /build/assets/ConfirmPassword-ZNhMKOf0.js ... ~ 12.11ms
  2025-12-24 15:43:50 /build/assets/GuestLayout-BsIZhzc6.js ........ ~ 0.14ms
  2025-12-24 15:43:50 /build/assets/GuestLayout-D0pWnSgT.css ....... ~ 0.14ms
  2025-12-24 15:43:50 /build/assets/InputError-DOPETnHN.js ......... ~ 8.02ms
  2025-12-24 15:43:50 /build/assets/InputLabel-D1cZ9ij6.js ......... ~ 1.25ms
  2025-12-24 15:43:50 /build/assets/PrimaryButton-DWmHr6s-.js ...... ~ 1.68ms
  2025-12-24 15:43:50 /build/assets/TextInput-Dg0IQg4s.js .......... ~ 7.63ms
  2025-12-24 15:43:50 /build/assets/ForgotPassword-iag1BjgP.js ..... ~ 0.16ms
  2025-12-24 15:43:50 /build/assets/Login-D-3JiQmb.js .............. ~ 1.06ms
  2025-12-24 15:43:50 /build/assets/Checkbox-IGla8X5X.js ........... ~ 0.25ms
  2025-12-24 15:43:50 /build/assets/Register-DpWkHL5b.js ........... ~ 0.46ms
  2025-12-24 15:43:50 /build/assets/ResetPassword-CJxKvom6.js ...... ~ 4.42ms
  2025-12-24 15:43:50 /build/assets/VerifyEmail-D_G5JM_t.js ........ ~ 0.23ms
  2025-12-24 15:43:51 /build/assets/Index-mL_ANqSV.js .............. ~ 0.63ms
  2025-12-24 15:43:51 /build/assets/SchoolCalendar-DzG1W2pq.js ..... ~ 0.56ms
  2025-12-24 15:43:51 /build/assets/SchoolCalendar-qEf1aTuN.css .... ~ 0.31ms
  2025-12-24 15:43:51 /build/assets/Index-DA1509o7.js .............. ~ 0.44ms
  2025-12-24 15:43:51 /build/assets/index-B1Xc1NAt.js .............. ~ 0.43ms
  2025-12-24 15:43:51 /build/assets/Show-ClEsJVfp.js ............... ~ 0.24ms
  2025-12-24 15:43:51 /build/assets/Show-BI6oj0NI.css .............. ~ 0.28ms
  2025-12-24 15:43:51 /build/assets/Allowance-CThScz5J.js .......... ~ 0.35ms
  2025-12-24 15:43:51 /build/assets/BlogCategories-DJkxS5uu.js ..... ~ 0.43ms
  2025-12-24 15:43:51 /build/assets/Deduction-BQ5x_lfg.js .......... ~ 0.57ms
  2025-12-24 15:43:51 /build/assets/Divisions-CSX49o2k.js .......... ~ 2.33ms
  2025-12-24 15:43:51 /build/assets/EmploymentStatuses--Sz9tJa9.js . ~ 0.56ms
  2025-12-24 15:43:51 /build/assets/EmploymentTypes-BsDuR56C.js .... ~ 0.42ms
  2025-12-24 15:43:51 /build/assets/Genders-D9wKeilE.js ............ ~ 1.17ms
  2025-12-24 15:43:51 /build/assets/Honorifics-C97FEyRV.js ......... ~ 0.55ms
  2025-12-24 15:43:51 /build/assets/Income-DCJywvpN.js ............. ~ 0.23ms
  2025-12-24 15:43:51 /build/assets/Index-B5V_IBWW.js .............. ~ 0.35ms
  2025-12-24 15:43:51 /build/assets/Index-hOtiuyDQ.css ............. ~ 0.48ms
  2025-12-24 15:43:51 /build/assets/JobTitles-DZBTSi1D.js .......... ~ 0.24ms
  2025-12-24 15:43:51 /build/assets/QualificationTypes-C-GRDMC6.js . ~ 2.00ms
  2025-12-24 15:43:51 /build/assets/Relationships-D7X35IsB.js ...... ~ 0.29ms
  2025-12-24 15:43:51 /build/assets/Religions-HCg7zTx1.js .......... ~ 1.78ms
  2025-12-24 15:43:51 /build/assets/SalaryGrade-COEMufMX.js ........ ~ 2.99ms
  2025-12-24 15:43:51 /build/assets/SalaryScale-CqMfh3Oj.js ........ ~ 0.53ms
  2025-12-24 15:43:51 /build/assets/Streams-DAAjEnQg.js ............ ~ 1.82ms
  2025-12-24 15:43:51 /build/assets/Subjects-CqHmmHjS.js ........... ~ 2.03ms
  2025-12-24 15:43:51 /build/assets/TeacherTitles-C5JJc1wb.js ...... ~ 0.20ms
  2025-12-24 15:43:51 /build/assets/Dashboard-jLCoAhYe.js .......... ~ 0.42ms
  2025-12-24 15:43:51 /build/assets/GreetingCard-Ctn7R9Gz.js ....... ~ 0.23ms
  2025-12-24 15:43:51 /build/assets/GreetingCard-d-HuJ_xn.css ...... ~ 0.20ms
  2025-12-24 15:43:51 /build/assets/AssignClasses-jMbQbJbs.js ...... ~ 0.21ms
  2025-12-24 15:43:51 /build/assets/index-BgNMn4CH.js .............. ~ 0.19ms
  2025-12-24 15:43:51 /build/assets/AssignClasses-DNa1Zu07.css ..... ~ 0.21ms
  2025-12-24 15:43:51 /build/assets/AssignSubjects-BSplP8Kg.js ..... ~ 0.14ms
  2025-12-24 15:43:51 /build/assets/Edit-D6PeLUWl.js ............... ~ 0.16ms
  2025-12-24 15:43:51 /build/assets/Edit-BY4eCtR7.css .............. ~ 0.43ms
  2025-12-24 15:43:51 /build/assets/EmergencyContactAccordion-D6E0d5TM.js  ~ 0.18ms
  2025-12-24 15:43:51 /build/assets/EmployeeDataAccordion-BsJIW0Wv.js  ~ 0.15ms
  2025-12-24 15:43:51 /build/assets/Index-xmWDdsOO.js .............. ~ 0.16ms
  2025-12-24 15:43:51 /build/assets/Modal-CB5wicyN.js .............. ~ 0.34ms
  2025-12-24 15:43:51 /build/assets/Dropdown-DgjNX4Ov.js ........... ~ 0.15ms
  2025-12-24 15:43:51 /build/assets/Index-CCa_qaaw.css ............. ~ 0.20ms
  2025-12-24 15:43:51 /build/assets/Index-lKa1Z7ZW.js .............. ~ 0.13ms
  2025-12-24 15:43:51 /build/assets/Index-gehn0z9Y.css ............. ~ 0.47ms
  2025-12-24 15:43:51 /build/assets/QualificationDetailAccordion-KRC7kjnl.js  ~ 0.39ms
  2025-12-24 15:43:51 /build/assets/Show-CrrBntRY.js ............... ~ 0.35ms
  2025-12-24 15:43:51 /build/assets/Create-bLImPQ0J.js ............. ~ 0.30ms
  2025-12-24 15:43:51 /build/assets/Create-Kc1s9BP_.css ............ ~ 0.45ms
  2025-12-24 15:43:51 /build/assets/Edit-DC_LQdSo.js ............... ~ 0.29ms
  2025-12-24 15:43:51 /build/assets/Edit-BXvpM3JB.css .............. ~ 0.16ms
  2025-12-24 15:43:51 /build/assets/Index-C-fQuKgc.js .............. ~ 0.22ms
  2025-12-24 15:43:51 /build/assets/Show-C27JPG4O.js ............... ~ 0.18ms
  2025-12-24 15:43:51 /build/assets/Show-BcbfK-aJ.css .............. ~ 0.47ms
  2025-12-24 15:43:51 /build/assets/WorkHistoryAccordion-DCoq3D9v.js  ~ 0.19ms
  2025-12-24 15:43:51 /build/assets/FeeBalance-BtNuhCCi.js ......... ~ 0.16ms
  2025-12-24 15:43:51 /build/assets/FeeBalance-VxAQu3JP.css ........ ~ 0.15ms
  2025-12-24 15:43:51 /build/assets/FeeReport-BtHP283d.js .......... ~ 0.53ms
  2025-12-24 15:43:51 /build/assets/FeeReport-8VCRTbjL.css ......... ~ 1.92ms
  2025-12-24 15:43:51 /build/assets/Create-C_89WT3_.js ............. ~ 1.43ms
  2025-12-24 15:43:51 /build/assets/Create-v8Xhr7wC.css .......... ~ 500.64ms
  2025-12-24 15:43:51 /build/assets/Edit-Cuv4n9Uz.js ............... ~ 0.12ms
  2025-12-24 15:43:51 /build/assets/Edit-BHrrC4kE.css .............. ~ 1.01ms
  2025-12-24 15:43:51 /build/assets/Index-BudMiaA9.js .............. ~ 0.25ms
  2025-12-24 15:43:51 /build/assets/Index-B3zSWBtC.css ............. ~ 0.25ms
  2025-12-24 15:43:51 /build/assets/Index-BqDe7jeM.js .............. ~ 0.14ms
  2025-12-24 15:43:51 /build/assets/Index-Doodeb1f.css ............. ~ 0.12ms
  2025-12-24 15:43:51 /build/assets/PaymentHistory-BOWtC3qD.js ..... ~ 1.11ms
  2025-12-24 15:43:51 /build/assets/PaymentHistory-BJycJNMh.css .... ~ 0.14ms
  2025-12-24 15:43:51 /build/assets/Reports-DKI0r-t_.js ............ ~ 0.14ms
  2025-12-24 15:43:51 /build/assets/chart-BR_H7_9u.js .............. ~ 0.25ms
  2025-12-24 15:43:51 /build/assets/CollectionReport-aqimTB0d.js ... ~ 1.17ms
  2025-12-24 15:43:51 /build/assets/CollectionReport-DYb6BmdP.css .. ~ 0.17ms
  2025-12-24 15:43:51 /build/assets/Overview-8mNZbNc6.js ........... ~ 0.12ms
  2025-12-24 15:43:51 /build/assets/TransferFunds-DItx7sxa.js ...... ~ 1.01ms
  2025-12-24 15:43:51 /build/assets/TransferFunds-CH4O_5Wh.css ..... ~ 0.13ms
  2025-12-24 15:43:51 /build/assets/TransferHistory-DQ5HgsGY.js .... ~ 0.18ms
  2025-12-24 15:43:51 /build/assets/TransferHistory-Cpner_fp.css ... ~ 0.10ms
  2025-12-24 15:43:51 /build/assets/VerifyPayment-C-IvUW5x.js ...... ~ 0.11ms
  2025-12-24 15:43:51 /build/assets/VerifyPayment-DoPr7nd5.css ..... ~ 0.12ms
  2025-12-24 15:43:51 /build/assets/Index-lBQtjdzT.js .............. ~ 0.49ms
  2025-12-24 15:43:51 /build/assets/Create-cwXwBGb6.js ............. ~ 0.12ms
  2025-12-24 15:43:51 /build/assets/Index-kvFPc0Yc.js .............. ~ 0.09ms
  2025-12-24 15:43:51 /build/assets/Index-D-iiN27u.js .............. ~ 0.11ms
  2025-12-24 15:43:51 /build/assets/Assignments-Bs9JrJ6a.js ........ ~ 0.16ms
  2025-12-24 15:43:51 /build/assets/Assignments-E-S82EKF.css ....... ~ 0.22ms
  2025-12-24 15:43:51 /build/assets/Classes-Cj3ZnMoc.js ............ ~ 0.13ms
  2025-12-24 15:43:51 /build/assets/Classes-fTwbkkVc.css ........... ~ 0.11ms
  2025-12-24 15:43:51 /build/assets/Materials-BQkuXcS8.js .......... ~ 0.22ms
  2025-12-24 15:43:51 /build/assets/Materials-C0tM08BT.css ......... ~ 0.79ms
  2025-12-24 15:43:51 /build/assets/Submissions-Clmt5kMI.js ........ ~ 1.43ms
  2025-12-24 15:43:51 /build/assets/Submissions-tVJZ77wn.css ....... ~ 0.10ms
  2025-12-24 15:43:51 /build/assets/Index-B_IbHHtF.js .............. ~ 0.12ms
  2025-12-24 15:43:51 /build/assets/AllStaff-BYLziGFY.js ........... ~ 0.14ms
  2025-12-24 15:43:51 /build/assets/AllStudents-BMVaw1Ix.js ........ ~ 0.19ms
  2025-12-24 15:43:51 /build/assets/Index-IABnlDrw.js .............. ~ 0.08ms
  2025-12-24 15:43:51 /build/assets/index-DHXAGmwn.css ............. ~ 0.09ms
  2025-12-24 15:43:51 /build/assets/StaffAttendance-B-muC-0q.js .... ~ 0.07ms
  2025-12-24 15:43:51 /build/assets/Index-CsP6i-eu.js .............. ~ 0.07ms
  2025-12-24 15:43:51 /build/assets/AcademicYears-yy3Mli39.js ...... ~ 0.09ms
  2025-12-24 15:43:51 /build/assets/Create-DdbceTEA.js ............. ~ 0.17ms
  2025-12-24 15:43:51 /build/assets/Create-DCBl5WcC.css ............ ~ 0.87ms
  2025-12-24 15:43:51 /build/assets/Index-Ch7RStv3.js .............. ~ 0.07ms
  2025-12-24 15:43:51 /build/assets/Create-CqI_WUHa.js ............. ~ 0.07ms
  2025-12-24 15:43:51 /build/assets/Create-C8kjwkFB.css ............ ~ 0.06ms
  2025-12-24 15:43:51 /build/assets/Edit-DhJrkuqc.js ............... ~ 0.06ms
  2025-12-24 15:43:51 /build/assets/Edit-ujsFgBVD.css .............. ~ 0.06ms
  2025-12-24 15:43:51 /build/assets/Index-Bc700BrQ.js .............. ~ 0.06ms
  2025-12-24 15:43:51 /build/assets/Index-CyoEYGUx.css ............. ~ 0.06ms
  2025-12-24 15:43:51 /build/assets/Show-QK-oOTh1.js ............... ~ 0.06ms
  2025-12-24 15:43:51 /build/assets/Show-Bq3C96w7.css .............. ~ 0.11ms
  2025-12-24 15:43:51 /build/assets/Index-DpeNPPGM.js .............. ~ 0.67ms
  2025-12-24 15:43:51 /build/assets/Index-Ds5Tt_qB.js .............. ~ 0.11ms
  2025-12-24 15:43:51 /build/assets/Index-CRTBOkNs.js .............. ~ 0.09ms
  2025-12-24 15:43:51 /build/assets/Blogs-DQvkMZGr.js .............. ~ 0.59ms
  2025-12-24 15:43:51 /build/assets/Editor-CeeUBjVA.js ............. ~ 0.06ms
  2025-12-24 15:43:51 /build/assets/Editor-DCiBGPfP.css ............ ~ 0.08ms
  2025-12-24 15:43:51 /build/assets/Careers-C2DhVRpO.js ............ ~ 0.06ms
  2025-12-24 15:43:51 /build/assets/Index-CXju1e0p.js .............. ~ 0.06ms
  2025-12-24 15:43:51 /build/assets/Index-DJ9xZC-1.css ............. ~ 0.07ms
  2025-12-24 15:43:51 /build/assets/Buttons-D0hYxG7j.js ............ ~ 0.08ms
  2025-12-24 15:43:51 /build/assets/Buttons-DHNf4XXu.css ........... ~ 0.65ms
  2025-12-24 15:43:51 /build/assets/Colors-Bcodq74Y.js ............. ~ 0.07ms
  2025-12-24 15:43:51 /build/assets/Index-hdVY4IdX.js .............. ~ 0.06ms
  2025-12-24 15:43:51 /build/assets/Index-CEPBEXi6.css ............. ~ 0.07ms
  2025-12-24 15:43:51 /build/assets/Index-DiwNypAR.js .............. ~ 0.09ms
  2025-12-24 15:43:51 /build/assets/Index-Cars8RPa.js .............. ~ 0.07ms
  2025-12-24 15:43:51 /build/assets/Create-DDuimn-A.js ............. ~ 0.08ms
  2025-12-24 15:43:51 /build/assets/Create-Co4pdLcW.css ............ ~ 0.07ms
  2025-12-24 15:43:51 /build/assets/Edit-Dbm4gek5.js ............... ~ 0.07ms
  2025-12-24 15:43:51 /build/assets/Edit-CQCm6wpr.css .............. ~ 0.06ms
  2025-12-24 15:43:51 /build/assets/Index-DtpUN0Iz.js .............. ~ 0.06ms
  2025-12-24 15:43:51 /build/assets/ManagePageSections-DpKpiS4H.js . ~ 0.06ms
  2025-12-24 15:43:51 /build/assets/ManagePageSections-Bn7DDJFs.css  ~ 0.06ms
  2025-12-24 15:43:51 /build/assets/Index-D3E7xI19.js .............. ~ 0.06ms
  2025-12-24 15:43:51 /build/assets/Login-BFRF5ADy.js .............. ~ 0.05ms
  2025-12-24 15:43:51 /build/assets/Dashboard-BNDtFTno.js .......... ~ 0.07ms
  2025-12-24 15:43:51 /build/assets/AssignClasses-BpJmquLl.js ...... ~ 0.06ms
  2025-12-24 15:43:51 /build/assets/AssignClasses-BpmGkGfR.css ..... ~ 0.06ms
  2025-12-24 15:43:51 /build/assets/Index-D9BWGMO1.js .............. ~ 0.06ms
  2025-12-24 15:43:51 /build/assets/Functions-DBdvPDQ4.js .......... ~ 0.06ms
  2025-12-24 15:43:51 /build/assets/MarkAttendance-CSNvoDJV.js ..... ~ 0.07ms
  2025-12-24 15:43:51 /build/assets/Report-DODALejH.js ............. ~ 0.08ms
  2025-12-24 15:43:51 /build/assets/Login-hshwZZnT.js .............. ~ 0.07ms
  2025-12-24 15:43:51 /build/assets/Login-C4dk7bUa.css ............. ~ 0.08ms
  2025-12-24 15:43:51 /build/assets/Index-CTaZpk3R.js .............. ~ 0.07ms
  2025-12-24 15:43:51 /build/assets/Dashboard-B_Yylq2e.js .......... ~ 0.07ms
  2025-12-24 15:43:51 /build/assets/Dashboard-DMZbz74x.css ......... ~ 0.08ms
  2025-12-24 15:43:51 /build/assets/EnterMarks-EBMnxEyH.js ......... ~ 0.06ms
  2025-12-24 15:43:51 /build/assets/EnterMarks-DwL5Vpbu.css ........ ~ 0.08ms
  2025-12-24 15:43:51 /build/assets/SubmittedMarks-DNkLcAF9.js ..... ~ 0.05ms
  2025-12-24 15:43:51 /build/assets/SubmittedMarks-CTHh4nKk.css .... ~ 0.06ms
  2025-12-24 15:43:51 /build/assets/Index-OlRwcp-i.js .............. ~ 0.05ms
  2025-12-24 15:43:51 /build/assets/Index-bfWcpLwP.css ............. ~ 0.06ms
  2025-12-24 15:43:51 /build/assets/EmergencyContacts-BHWbkMxo.js .. ~ 0.49ms
  2025-12-24 15:43:51 /build/assets/EmployeeDetails-CJTRPFot.js .... ~ 0.05ms
  2025-12-24 15:43:51 /build/assets/Qualifications-L_VVnMKR.js ..... ~ 0.05ms
  2025-12-24 15:43:51 /build/assets/UpdatePassword-CZcquiMT.js ..... ~ 0.05ms
  2025-12-24 15:43:51 /build/assets/UpdatePassword-BJM0g8p3.css .... ~ 0.05ms
  2025-12-24 15:43:51 /build/assets/WorkHistories-Bp-a5VMj.js ...... ~ 0.05ms
  2025-12-24 15:43:51 /build/assets/Index-C0JNbF_b.js .............. ~ 0.09ms
  2025-12-24 15:43:51 /build/assets/Index-C2y-pRbf.css ............. ~ 0.06ms
  2025-12-24 15:43:51 /build/assets/Index-DjgTHLcu.js .............. ~ 0.06ms
  2025-12-24 15:43:51 /build/assets/Index-LldVXW7t.js .............. ~ 0.07ms
  2025-12-24 15:43:51 /build/assets/ApprovalQueue-Dr0bu86n.js ...... ~ 0.57ms
  2025-12-24 15:43:51 /build/assets/ApprovalQueue-D2DnOygN.css ..... ~ 0.07ms
  2025-12-24 15:43:51 /build/assets/Index-C5xn3J28.js .............. ~ 0.07ms
  2025-12-24 15:43:51 /build/assets/Index-B-cZF5iC.js .............. ~ 0.05ms
  2025-12-24 15:43:51 /build/assets/PayrollAdjustment-CB0baP92.js .. ~ 0.05ms
  2025-12-24 15:43:51 /build/assets/iziToast-BN3qRX6j.js ........... ~ 0.05ms
  2025-12-24 15:43:51 /build/assets/PayrollAdjustmentAllowance-BBwTrJdH.js  ~ 0.05ms
  2025-12-24 15:43:51 /build/assets/PayrollAdjustmentDeduction-BWH5fK-I.js  ~ 0.05ms
  2025-12-24 15:43:51 /build/assets/PayrollDetails-DVaPRXEa.js ..... ~ 0.05ms
  2025-12-24 15:43:51 /build/assets/PayrollRun-U9ApitZa.js ......... ~ 0.05ms
  2025-12-24 15:43:51 /build/assets/Edit-BuQCLMEA.js ............... ~ 0.05ms
  2025-12-24 15:43:51 /build/assets/SecondaryButton-DzqszHpk.js .... ~ 0.06ms
  2025-12-24 15:43:51 /build/assets/Index-BrCL6Dwp.js .............. ~ 0.24ms
  2025-12-24 15:43:51 /build/assets/DeleteUserForm-DWBAN59_.js ..... ~ 0.05ms
  2025-12-24 15:43:51 /build/assets/UpdatePasswordForm-D2Xlh9dh.js . ~ 0.05ms
  2025-12-24 15:43:51 /build/assets/UpdateProfileInformationForm-DNTRh6_o.js  ~ 0.05ms
  2025-12-24 15:43:51 /build/assets/Index-ByvE5AZB.js .............. ~ 0.06ms
  2025-12-24 15:43:51 /build/assets/Index-Bdx268IB.css ............. ~ 0.05ms
  2025-12-24 15:43:51 /build/assets/Success-DFOTj1Nr.js ............ ~ 0.05ms
  2025-12-24 15:43:52 /build/assets/Success-r-hqeCiF.css ........... ~ 0.05ms
  2025-12-24 15:43:52 /build/assets/Track-DSXvlsSd.js .............. ~ 0.05ms
  2025-12-24 15:43:52 /build/assets/Track-L7omozRj.css ............. ~ 0.06ms
  2025-12-24 15:43:52 /build/assets/TrackingForm-DmvuxU0T.js ....... ~ 0.04ms
  2025-12-24 15:43:52 /build/assets/TrackingForm-BbDMoIBK.css ...... ~ 0.04ms
  2025-12-24 15:43:52 /build/assets/Index-T6yLEVUP.js .............. ~ 0.05ms
  2025-12-24 15:43:52 /build/assets/StudentLayout-CIcrTtsS.js ...... ~ 0.05ms
  2025-12-24 15:43:52 /build/assets/StudentLayout-OSj59oVD.css ..... ~ 0.06ms
  2025-12-24 15:43:52 /build/assets/ChangePassword-DysDV7-O.js ..... ~ 0.09ms
  2025-12-24 15:43:52 /build/assets/Index-CCnMV8hp.js .............. ~ 0.05ms
  2025-12-24 15:43:52 /build/assets/Dashboard-kQwy5DyQ.js .......... ~ 0.07ms
  2025-12-24 15:43:52 /build/assets/Dashboard-XybeFVte.css ......... ~ 0.06ms
  2025-12-24 15:43:52 /build/assets/Index-DZlulPtx.js .............. ~ 0.32ms
  2025-12-24 15:43:52 /build/assets/Assignments-38SLAYzi.js ........ ~ 0.05ms
  2025-12-24 15:43:52 /build/assets/Assignments-BdxcnUAt.css ....... ~ 0.05ms
  2025-12-24 15:43:52 /build/assets/Classes-DOQWWqW1.js ............ ~ 0.04ms
  2025-12-24 15:43:52 /build/assets/Classes-CYXZVLji.css ........... ~ 0.04ms
  2025-12-24 15:43:52 /build/assets/Dashboard-CIvSPt8x.js .......... ~ 0.07ms
  2025-12-24 15:43:52 /build/assets/Dashboard-Df8LdpHi.css ......... ~ 0.05ms
  2025-12-24 15:43:52 /build/assets/Materials-CmHRVLJ6.js .......... ~ 0.05ms
  2025-12-24 15:43:52 /build/assets/Materials-D_KfWPSc.css ......... ~ 0.05ms
  2025-12-24 15:43:52 /build/assets/Index-CRSKaki_.js .............. ~ 0.05ms
  2025-12-24 15:43:52 /build/assets/Edit-BebAIhWb.js ............... ~ 0.05ms
  2025-12-24 15:43:52 /build/assets/Edit-C4P7t_N1.css .............. ~ 0.05ms
  2025-12-24 15:43:52 /build/assets/Index-Ci4uzlpU.js .............. ~ 0.44ms
  2025-12-24 15:43:52 /build/assets/Show-_e_d-J-X.js ............... ~ 0.05ms
  2025-12-24 15:43:52 /build/assets/MyTimetable-C1ImwBcA.js ........ ~ 0.05ms
  2025-12-24 15:43:52 /build/assets/MyTimetable-DCklv2Sq.css ....... ~ 0.06ms
  2025-12-24 15:43:52 /build/assets/Generate-CYZWS78q.js ........... ~ 0.31ms
  2025-12-24 15:43:52 /build/assets/Constraints-CWDRW4h5.js ........ ~ 0.05ms
  2025-12-24 15:43:52 /build/assets/Constraints-BZS0SRTT.css ....... ~ 0.05ms
  2025-12-24 15:43:52 /build/assets/Periods-FpBowtE5.js ............ ~ 0.04ms
  2025-12-24 15:43:52 /build/assets/SubjectAllocation-BacN5-vx.js .. ~ 0.05ms
  2025-12-24 15:43:52 /build/assets/SubjectAllocation-LlDamDcb.css . ~ 0.04ms
  2025-12-24 15:43:52 /build/assets/ClassTimetable-DYinRIOS.js ..... ~ 0.04ms
  2025-12-24 15:43:52 /build/assets/ClassTimetable-DKnYbDuK.css .... ~ 0.04ms
  2025-12-24 15:43:52 /build/assets/TeacherTimetable-BvKciz90.js . ~ 500.90ms
  2025-12-24 15:43:52 /build/assets/Welcome-CBbpBFmg.js ............ ~ 1.25ms
  2025-12-24 15:43:52 /build/assets/DefaultLayout-CXKV4vsZ.js ...... ~ 0.25ms
  2025-12-24 15:43:52 /build/assets/DefaultLayout-UfeXBpZ5.css ..... ~ 0.25ms
  2025-12-24 15:43:52 /build/assets/Pagination-wBvPNZiK.js ......... ~ 0.27ms
  2025-12-24 15:43:52 /build/assets/Pagination-BbeKvaSo.css ........ ~ 0.32ms
  2025-12-24 15:43:52 /build/assets/lodash-DW0UIlOd.js ............. ~ 0.31ms
  2025-12-24 15:43:52 /build/assets/Footer-B6OMXvBk.js ............. ~ 0.28ms
  2025-12-24 15:43:52 /build/assets/Footer-Dp49msI0.css ............ ~ 0.29ms
  2025-12-24 15:45:04 /admin/employees ................................. ~ 3s
  2025-12-24 15:45:07 /build/assets/Index-xmWDdsOO.js .............. ~ 0.20ms
  2025-12-24 15:45:07 /build/assets/lodash-DW0UIlOd.js ............. ~ 0.17ms
  2025-12-24 15:45:07 /build/assets/Modal-CB5wicyN.js .............. ~ 0.49ms
  2025-12-24 15:45:07 /build/assets/Dropdown-DgjNX4Ov.js ........... ~ 0.17ms
  2025-12-24 15:45:07 /build/assets/Index-CCa_qaaw.css ............. ~ 0.26ms
  2025-12-24 15:45:07 /build/assets/PublicSans-Bold-DEFlLvwJ.ttf ... ~ 0.26ms
  2025-12-24 15:45:07 /build/assets/PublicSans-SemiBold-C3mio3B6.ttf  ~ 0.81ms
  2025-12-24 15:45:15 /admin/employees ................................. ~ 1s
  2025-12-24 15:45:21 /timetable/setup/periods ......................... ~ 2s
  2025-12-24 15:45:23 /build/assets/Periods-FpBowtE5.js ............ ~ 0.17ms
  2025-12-24 15:45:23 /build/assets/InputLabel-D1cZ9ij6.js ......... ~ 0.19ms
  2025-12-24 15:45:23 /build/assets/PrimaryButton-DWmHr6s-.js ...... ~ 0.93ms
  2025-12-24 15:45:23 /build/assets/TextInput-Dg0IQg4s.js .......... ~ 1.50ms
  2025-12-24 15:45:23 /build/assets/SecondaryButton-DzqszHpk.js .... ~ 0.13ms
  2025-12-24 15:45:23 /build/assets/Checkbox-IGla8X5X.js ........... ~ 0.30ms
  2025-12-24 15:45:23 /build/assets/PublicSans-Light-buuawPJO.ttf .. ~ 0.14ms
  2025-12-24 15:45:23 /build/assets/PublicSans-Italic-CJ7-AYW_.ttf . ~ 0.49ms
  2025-12-24 15:45:28 /timetable/setup/allocations ..................... ~ 1s
  2025-12-24 15:45:30 /build/assets/SubjectAllocation-BacN5-vx.js .. ~ 0.16ms
  2025-12-24 15:45:30 /build/assets/SubjectAllocation-LlDamDcb.css . ~ 0.17ms
  2025-12-24 15:45:34 /build/assets/PublicSans-MediumItalic-DuodZiUi.ttf  ~ 0.81ms
  2025-12-24 15:46:07 /timetable/generate ........................ ~ 500.89ms
  2025-12-24 15:46:07 /build/assets/Generate-CYZWS78q.js ........... ~ 0.94ms
  2025-12-24 15:46:07 /build/assets/InputError-DOPETnHN.js ......... ~ 4.52ms
  2025-12-24 15:46:10 /timetable/setup/constraints ............... ~ 501.41ms
  2025-12-24 15:46:11 /build/assets/Constraints-CWDRW4h5.js ........ ~ 0.17ms
  2025-12-24 15:46:11 /build/assets/Constraints-BZS0SRTT.css ....... ~ 0.90ms
  2025-12-24 15:46:14 /timetable/generate ........................ ~ 500.41ms
  2025-12-24 15:46:16 /timetable/generate/validate ................. ~ 0.39ms
  2025-12-24 15:46:49 .................................................. ~ 5s
  2025-12-24 15:46:56 /admin/exams/approval-queue ...................... ~ 2s
  2025-12-24 15:46:58 /build/assets/ApprovalQueue-Dr0bu86n.js ...... ~ 0.29ms
  2025-12-24 15:46:58 /build/assets/ApprovalQueue-D2DnOygN.css ..... ~ 1.43ms
  2025-12-24 15:46:58 /admin/exams/approval-queue/pending-submissions  ~ 0.40ms
  2025-12-24 15:46:58 /admin/exams/approval-queue/stats .......... ~ 500.65ms
  2025-12-24 15:49:18 /admin/exams/exam-students ................. ~ 500.41ms
  2025-12-24 15:49:18 /build/assets/Index-DjgTHLcu.js .............. ~ 0.09ms
  2025-12-24 15:49:18 /build/assets/index-BgNMn4CH.js .............. ~ 0.84ms
  2025-12-24 15:49:18 /build/assets/index-DHXAGmwn.css ............. ~ 0.09ms
  2025-12-24 15:49:18 /datatable/exams ........................... ~ 500.53ms
  2025-12-24 15:49:18 /datatable/ranks ............................. ~ 0.16ms
  2025-12-24 15:49:26 /datatable/students ........................ ~ 500.91ms
  2025-12-24 15:49:26 /datatable/enrolled-students ................. ~ 0.24ms
  2025-12-24 15:50:08 /admin/exams/approval-queue ................ ~ 501.43ms
  2025-12-24 15:50:08 /admin/exams/approval-queue/pending-submissions  ~ 500.47ms
  2025-12-24 15:50:08 /admin/exams/approval-queue/stats ............ ~ 0.09ms
  2025-12-24 15:50:25 /admin/exams/approval-queue/virtual_5_2_6_5/details  ~ 0.57ms
  2025-12-24 15:50:50 /admin/exams/approval-queue/approved-submissions  ~ 500.88ms
  2025-12-24 15:50:57 /admin/exams/approval-queue/approved-submissions  ~ 0.26ms
  2025-12-24 15:51:00 /admin/exams/approval-queue/virtual_approved_5_6_5_6/details  ~ 500.84ms
  2025-12-24 15:52:02 /admin/exams/approval-queue/pending-submissions  ~ 0.21ms
  2025-12-24 15:52:07 /admin/exams/approval-queue .................. ~ 0.22ms
  2025-12-24 15:52:07 /build/assets/app-BuAiy87a.css ............... ~ 0.15ms
  2025-12-24 15:52:07 /build/assets/app-CIwfdflE.css ............... ~ 0.85ms
  2025-12-24 15:52:07 /build/assets/app-CSBpmCGc.js ................ ~ 0.10ms
  2025-12-24 15:52:08 /build/assets/ApprovalQueue-Dr0bu86n.js ...... ~ 0.49ms
  2025-12-24 15:52:08 /build/assets/DefaultLayout-CXKV4vsZ.js ...... ~ 0.12ms
  2025-12-24 15:52:08 /build/assets/Footer-B6OMXvBk.js ............. ~ 0.10ms
  2025-12-24 15:52:08 /build/assets/Footer-Dp49msI0.css ............ ~ 0.16ms
  2025-12-24 15:52:08 /build/assets/DefaultLayout-UfeXBpZ5.css ..... ~ 0.11ms
  2025-12-24 15:52:08 /build/assets/ApprovalQueue-D2DnOygN.css ..... ~ 0.07ms
  2025-12-24 15:52:08 /favicon.ico ................................. ~ 0.08ms
  2025-12-24 15:52:08 /admin/exams/approval-queue/pending-submissions  ~ 500.98ms
  2025-12-24 15:52:09 /admin/exams/approval-queue/stats ............ ~ 0.10ms
  2025-12-24 15:52:09 /assets/images/branding/skaas-schools-logo.png  ~ 0.81ms
  2025-12-24 15:52:09 /build/assets/boxicons-CeGEncwm.woff2 ........ ~ 0.43ms
  2025-12-24 15:52:09 /build/assets/PublicSans-Medium-DOt0zBLs.ttf . ~ 0.87ms
  2025-12-24 15:52:09 /build/assets/PublicSans-Regular-CcK-bgQZ.ttf  ~ 1.11ms
  2025-12-24 15:52:09 /build/assets/PublicSans-Bold-DEFlLvwJ.ttf ... ~ 1.35ms
  2025-12-24 15:52:09 /build/assets/PublicSans-SemiBold-C3mio3B6.ttf  ~ 0.10ms
  2025-12-24 15:52:09 /build/assets/OnlineApplications-EZ25BZS2.js . ~ 0.32ms
  2025-12-24 15:52:09 /build/assets/OnlineApplications-CZwoTwJe.css  ~ 0.27ms
  2025-12-24 15:52:09 /build/assets/Index-CxFM9JTT.js .............. ~ 0.55ms
  2025-12-24 15:52:09 /build/assets/Report-BtRrCpG9.js ............. ~ 0.17ms
  2025-12-24 15:52:09 /build/assets/debounce-D1lEgLGw.js ........... ~ 0.14ms
  2025-12-24 15:52:09 /build/assets/ConfirmPassword-ZNhMKOf0.js .... ~ 0.15ms
  2025-12-24 15:52:09 /build/assets/GuestLayout-BsIZhzc6.js ........ ~ 0.18ms
  2025-12-24 15:52:09 /build/assets/GuestLayout-D0pWnSgT.css ....... ~ 0.14ms
  2025-12-24 15:52:09 /build/assets/InputError-DOPETnHN.js ......... ~ 0.14ms
  2025-12-24 15:52:09 /build/assets/InputLabel-D1cZ9ij6.js ......... ~ 0.16ms
  2025-12-24 15:52:09 /build/assets/PrimaryButton-DWmHr6s-.js ...... ~ 0.14ms
  2025-12-24 15:52:09 /build/assets/TextInput-Dg0IQg4s.js .......... ~ 0.11ms
  2025-12-24 15:52:09 /build/assets/ForgotPassword-iag1BjgP.js ..... ~ 0.20ms
  2025-12-24 15:52:09 /build/assets/Login-D-3JiQmb.js .............. ~ 0.13ms
  2025-12-24 15:52:09 /build/assets/Checkbox-IGla8X5X.js ........... ~ 0.14ms
  2025-12-24 15:52:09 /build/assets/Register-DpWkHL5b.js ........... ~ 0.17ms
  2025-12-24 15:52:09 /build/assets/ResetPassword-CJxKvom6.js ...... ~ 0.15ms
  2025-12-24 15:52:09 /build/assets/VerifyEmail-D_G5JM_t.js ........ ~ 0.37ms
  2025-12-24 15:52:09 /build/assets/Index-mL_ANqSV.js .............. ~ 0.18ms
  2025-12-24 15:52:09 /build/assets/SchoolCalendar-DzG1W2pq.js ..... ~ 0.24ms
  2025-12-24 15:52:09 /build/assets/SchoolCalendar-qEf1aTuN.css .... ~ 0.77ms
  2025-12-24 15:52:09 /build/assets/Index-DA1509o7.js .............. ~ 0.08ms
  2025-12-24 15:52:09 /build/assets/index-B1Xc1NAt.js .............. ~ 0.18ms
  2025-12-24 15:52:09 /build/assets/Show-ClEsJVfp.js ............... ~ 0.13ms
  2025-12-24 15:52:09 /build/assets/Show-BI6oj0NI.css .............. ~ 1.03ms
  2025-12-24 15:52:09 /build/assets/Allowance-CThScz5J.js .......... ~ 0.13ms
  2025-12-24 15:52:09 /build/assets/BlogCategories-DJkxS5uu.js ..... ~ 0.12ms
  2025-12-24 15:52:09 /build/assets/Deduction-BQ5x_lfg.js .......... ~ 0.13ms
  2025-12-24 15:52:09 /build/assets/Divisions-CSX49o2k.js .......... ~ 0.17ms
  2025-12-24 15:52:09 /build/assets/EmploymentStatuses--Sz9tJa9.js . ~ 0.13ms
  2025-12-24 15:52:09 /build/assets/EmploymentTypes-BsDuR56C.js .... ~ 0.11ms
  2025-12-24 15:52:09 /build/assets/Genders-D9wKeilE.js ............ ~ 0.22ms
  2025-12-24 15:52:09 /build/assets/Honorifics-C97FEyRV.js ......... ~ 0.32ms
  2025-12-24 15:52:09 /build/assets/Income-DCJywvpN.js ............. ~ 1.75ms
  2025-12-24 15:52:09 /build/assets/Index-B5V_IBWW.js .............. ~ 0.14ms
  2025-12-24 15:52:09 /build/assets/Index-hOtiuyDQ.css ............. ~ 0.16ms
  2025-12-24 15:52:09 /build/assets/JobTitles-DZBTSi1D.js .......... ~ 0.15ms
  2025-12-24 15:52:09 /build/assets/QualificationTypes-C-GRDMC6.js . ~ 0.19ms
  2025-12-24 15:52:09 /build/assets/Relationships-D7X35IsB.js ...... ~ 0.87ms
  2025-12-24 15:52:09 /build/assets/Religions-HCg7zTx1.js .......... ~ 0.19ms
  2025-12-24 15:52:09 /build/assets/SalaryGrade-COEMufMX.js ........ ~ 0.20ms
  2025-12-24 15:52:09 /build/assets/SalaryScale-CqMfh3Oj.js ........ ~ 0.47ms
  2025-12-24 15:52:09 /build/assets/Streams-DAAjEnQg.js ............ ~ 0.14ms
  2025-12-24 15:52:09 /build/assets/Subjects-CqHmmHjS.js ........... ~ 0.11ms
  2025-12-24 15:52:09 /build/assets/TeacherTitles-C5JJc1wb.js ...... ~ 0.48ms
  2025-12-24 15:52:09 /build/assets/Dashboard-jLCoAhYe.js .......... ~ 1.90ms
  2025-12-24 15:52:09 /build/assets/GreetingCard-Ctn7R9Gz.js ....... ~ 0.14ms
  2025-12-24 15:52:09 /build/assets/GreetingCard-d-HuJ_xn.css ...... ~ 0.17ms
  2025-12-24 15:52:09 /build/assets/AssignClasses-jMbQbJbs.js ...... ~ 0.75ms
  2025-12-24 15:52:09 /build/assets/index-BgNMn4CH.js .............. ~ 0.16ms
  2025-12-24 15:52:09 /build/assets/AssignClasses-DNa1Zu07.css ..... ~ 0.20ms
  2025-12-24 15:52:09 /build/assets/AssignSubjects-BSplP8Kg.js ..... ~ 0.23ms
  2025-12-24 15:52:09 /build/assets/Edit-D6PeLUWl.js ............... ~ 0.15ms
  2025-12-24 15:52:09 /build/assets/Edit-BY4eCtR7.css .............. ~ 0.39ms
  2025-12-24 15:52:09 /build/assets/EmergencyContactAccordion-D6E0d5TM.js  ~ 0.15ms
  2025-12-24 15:52:09 /build/assets/EmployeeDataAccordion-BsJIW0Wv.js  ~ 0.19ms
  2025-12-24 15:52:09 /build/assets/Index-xmWDdsOO.js .............. ~ 0.12ms
  2025-12-24 15:52:09 /build/assets/Modal-CB5wicyN.js .............. ~ 0.25ms
  2025-12-24 15:52:09 /build/assets/Dropdown-DgjNX4Ov.js ........... ~ 0.38ms
  2025-12-24 15:52:09 /build/assets/Index-CCa_qaaw.css ............. ~ 0.24ms
  2025-12-24 15:52:09 /build/assets/Index-lKa1Z7ZW.js .............. ~ 0.17ms
  2025-12-24 15:52:09 /build/assets/Index-gehn0z9Y.css ............. ~ 0.16ms
  2025-12-24 15:52:09 /build/assets/QualificationDetailAccordion-KRC7kjnl.js  ~ 1.22ms
  2025-12-24 15:52:09 /build/assets/Show-CrrBntRY.js ............... ~ 0.13ms
  2025-12-24 15:52:09 /build/assets/Create-bLImPQ0J.js ............. ~ 0.21ms
  2025-12-24 15:52:09 /build/assets/Create-Kc1s9BP_.css ............ ~ 1.78ms
  2025-12-24 15:52:09 /build/assets/Edit-DC_LQdSo.js ............... ~ 0.26ms
  2025-12-24 15:52:09 /build/assets/Edit-BXvpM3JB.css .............. ~ 0.33ms
  2025-12-24 15:52:09 /build/assets/Index-C-fQuKgc.js .............. ~ 0.18ms
  2025-12-24 15:52:09 /build/assets/Show-C27JPG4O.js ............... ~ 0.18ms
  2025-12-24 15:52:09 /build/assets/Show-BcbfK-aJ.css .............. ~ 0.27ms
  2025-12-24 15:52:09 /build/assets/WorkHistoryAccordion-DCoq3D9v.js  ~ 0.26ms
  2025-12-24 15:52:09 /build/assets/FeeBalance-BtNuhCCi.js ......... ~ 0.25ms
  2025-12-24 15:52:09 /build/assets/FeeBalance-VxAQu3JP.css ........ ~ 0.17ms
  2025-12-24 15:52:09 /build/assets/FeeReport-BtHP283d.js .......... ~ 0.21ms
  2025-12-24 15:52:09 /build/assets/FeeReport-8VCRTbjL.css ......... ~ 0.24ms
  2025-12-24 15:52:09 /build/assets/Create-C_89WT3_.js ............. ~ 0.43ms
  2025-12-24 15:52:09 /build/assets/Create-v8Xhr7wC.css ............ ~ 0.31ms
  2025-12-24 15:52:09 /build/assets/Edit-Cuv4n9Uz.js ............... ~ 1.60ms
  2025-12-24 15:52:09 /build/assets/Edit-BHrrC4kE.css .............. ~ 0.20ms
  2025-12-24 15:52:09 /build/assets/Index-BudMiaA9.js .............. ~ 0.49ms
  2025-12-24 15:52:09 /build/assets/Index-B3zSWBtC.css ............. ~ 1.73ms
  2025-12-24 15:52:09 /build/assets/Index-BqDe7jeM.js .............. ~ 0.13ms
  2025-12-24 15:52:09 /build/assets/Index-Doodeb1f.css ............. ~ 0.12ms
  2025-12-24 15:52:09 /build/assets/PaymentHistory-BOWtC3qD.js ..... ~ 0.24ms
  2025-12-24 15:52:09 /build/assets/PaymentHistory-BJycJNMh.css .... ~ 0.85ms
  2025-12-24 15:52:09 /build/assets/Reports-DKI0r-t_.js ............ ~ 0.20ms
  2025-12-24 15:52:10 /build/assets/chart-BR_H7_9u.js .............. ~ 0.15ms
  2025-12-24 15:52:10 /build/assets/CollectionReport-aqimTB0d.js ... ~ 0.31ms
  2025-12-24 15:52:10 /build/assets/CollectionReport-DYb6BmdP.css .. ~ 0.19ms
  2025-12-24 15:52:10 /build/assets/Overview-8mNZbNc6.js ........... ~ 0.23ms
  2025-12-24 15:52:10 /build/assets/TransferFunds-DItx7sxa.js ...... ~ 0.11ms
  2025-12-24 15:52:10 /build/assets/TransferFunds-CH4O_5Wh.css ..... ~ 0.19ms
  2025-12-24 15:52:10 /build/assets/TransferHistory-DQ5HgsGY.js .... ~ 0.70ms
  2025-12-24 15:52:10 /build/assets/TransferHistory-Cpner_fp.css ... ~ 0.27ms
  2025-12-24 15:52:10 /build/assets/VerifyPayment-C-IvUW5x.js ...... ~ 0.23ms
  2025-12-24 15:52:10 /build/assets/VerifyPayment-DoPr7nd5.css ..... ~ 0.74ms
  2025-12-24 15:52:10 /build/assets/Index-lBQtjdzT.js .............. ~ 0.08ms
  2025-12-24 15:52:10 /build/assets/Create-cwXwBGb6.js ............. ~ 0.09ms
  2025-12-24 15:52:10 /build/assets/Index-kvFPc0Yc.js ............ ~ 500.82ms
  2025-12-24 15:52:10 /build/assets/Index-D-iiN27u.js .............. ~ 1.30ms
  2025-12-24 15:52:10 /build/assets/Assignments-Bs9JrJ6a.js ........ ~ 0.16ms
  2025-12-24 15:52:10 /build/assets/Assignments-E-S82EKF.css ....... ~ 0.26ms
  2025-12-24 15:52:10 /build/assets/Classes-Cj3ZnMoc.js ............ ~ 0.41ms
  2025-12-24 15:52:10 /build/assets/Classes-fTwbkkVc.css ........... ~ 0.50ms
  2025-12-24 15:52:10 /build/assets/Materials-BQkuXcS8.js .......... ~ 0.24ms
  2025-12-24 15:52:10 /build/assets/Materials-C0tM08BT.css ......... ~ 2.95ms
  2025-12-24 15:52:10 /build/assets/Submissions-Clmt5kMI.js ........ ~ 0.17ms
  2025-12-24 15:52:10 /build/assets/Submissions-tVJZ77wn.css ....... ~ 0.35ms
  2025-12-24 15:52:10 /build/assets/Index-B_IbHHtF.js .............. ~ 0.16ms
  2025-12-24 15:52:10 /build/assets/AllStaff-BYLziGFY.js ........... ~ 0.13ms
  2025-12-24 15:52:10 /build/assets/AllStudents-BMVaw1Ix.js ........ ~ 2.13ms
  2025-12-24 15:52:10 /build/assets/Index-IABnlDrw.js .............. ~ 2.17ms
  2025-12-24 15:52:10 /build/assets/index-DHXAGmwn.css ............. ~ 0.26ms
  2025-12-24 15:52:10 /build/assets/StaffAttendance-B-muC-0q.js .... ~ 1.07ms
  2025-12-24 15:52:10 /build/assets/Index-CsP6i-eu.js .............. ~ 2.36ms
  2025-12-24 15:52:10 /build/assets/AcademicYears-yy3Mli39.js ...... ~ 0.19ms
  2025-12-24 15:52:10 /build/assets/Create-DdbceTEA.js ............. ~ 0.33ms
  2025-12-24 15:52:10 /build/assets/Create-DCBl5WcC.css ............ ~ 0.68ms
  2025-12-24 15:52:10 /build/assets/Index-Ch7RStv3.js .............. ~ 0.16ms
  2025-12-24 15:52:10 /build/assets/Create-CqI_WUHa.js ............. ~ 0.20ms
  2025-12-24 15:52:10 /build/assets/Create-C8kjwkFB.css ............ ~ 0.53ms
  2025-12-24 15:52:10 /build/assets/Edit-DhJrkuqc.js ............... ~ 0.72ms
  2025-12-24 15:52:10 /build/assets/Edit-ujsFgBVD.css .............. ~ 0.94ms
  2025-12-24 15:52:10 /build/assets/Index-Bc700BrQ.js .............. ~ 0.23ms
  2025-12-24 15:52:10 /build/assets/Index-CyoEYGUx.css ............. ~ 0.15ms
  2025-12-24 15:52:10 /build/assets/Show-QK-oOTh1.js ............... ~ 0.23ms
  2025-12-24 15:52:10 /build/assets/Show-Bq3C96w7.css .............. ~ 0.26ms
  2025-12-24 15:52:10 /build/assets/Index-DpeNPPGM.js .............. ~ 0.20ms
  2025-12-24 15:52:10 /build/assets/Index-Ds5Tt_qB.js .............. ~ 0.35ms
  2025-12-24 15:52:10 /build/assets/Index-CRTBOkNs.js .............. ~ 2.80ms
  2025-12-24 15:52:10 /build/assets/Blogs-DQvkMZGr.js .............. ~ 0.32ms
  2025-12-24 15:52:10 /build/assets/Editor-CeeUBjVA.js ............. ~ 0.26ms
  2025-12-24 15:52:10 /build/assets/Editor-DCiBGPfP.css ............ ~ 0.32ms
  2025-12-24 15:52:10 /build/assets/Careers-C2DhVRpO.js ............ ~ 0.16ms
  2025-12-24 15:52:10 /build/assets/Index-CXju1e0p.js .............. ~ 0.31ms
  2025-12-24 15:52:10 /build/assets/Index-DJ9xZC-1.css ............. ~ 0.45ms
  2025-12-24 15:52:10 /build/assets/Buttons-D0hYxG7j.js ............ ~ 2.85ms
  2025-12-24 15:52:10 /build/assets/Buttons-DHNf4XXu.css ........... ~ 0.23ms
  2025-12-24 15:52:10 /build/assets/Colors-Bcodq74Y.js ............. ~ 0.30ms
  2025-12-24 15:52:10 /build/assets/Index-hdVY4IdX.js .............. ~ 0.17ms
  2025-12-24 15:52:10 /build/assets/Index-CEPBEXi6.css ............. ~ 0.29ms
  2025-12-24 15:52:10 /build/assets/Index-DiwNypAR.js .............. ~ 0.22ms
  2025-12-24 15:52:10 /build/assets/Index-Cars8RPa.js .............. ~ 0.20ms
  2025-12-24 15:52:10 /build/assets/Create-DDuimn-A.js ............. ~ 0.23ms
  2025-12-24 15:52:10 /build/assets/Create-Co4pdLcW.css ............ ~ 0.20ms
  2025-12-24 15:52:10 /build/assets/Edit-Dbm4gek5.js ............... ~ 0.19ms
  2025-12-24 15:52:10 /build/assets/Edit-CQCm6wpr.css .............. ~ 0.32ms
  2025-12-24 15:52:10 /build/assets/Index-DtpUN0Iz.js .............. ~ 0.33ms
  2025-12-24 15:52:10 /build/assets/ManagePageSections-DpKpiS4H.js . ~ 0.29ms
  2025-12-24 15:52:10 /build/assets/ManagePageSections-Bn7DDJFs.css  ~ 0.21ms
  2025-12-24 15:52:10 /build/assets/Login-BFRF5ADy.js .............. ~ 0.53ms
  2025-12-24 15:52:10 /build/assets/Index-D3E7xI19.js .............. ~ 1.72ms
  2025-12-24 15:52:10 /build/assets/Dashboard-BNDtFTno.js .......... ~ 0.14ms
  2025-12-24 15:52:10 /build/assets/AssignClasses-BpJmquLl.js ...... ~ 0.10ms
  2025-12-24 15:52:10 /build/assets/AssignClasses-BpmGkGfR.css ..... ~ 0.15ms
  2025-12-24 15:52:10 /build/assets/Index-D9BWGMO1.js .............. ~ 0.08ms
  2025-12-24 15:52:10 /build/assets/Functions-DBdvPDQ4.js .......... ~ 0.19ms
  2025-12-24 15:52:10 /build/assets/MarkAttendance-CSNvoDJV.js ..... ~ 0.09ms
  2025-12-24 15:52:10 /build/assets/Report-DODALejH.js ............. ~ 0.13ms
  2025-12-24 15:52:10 /build/assets/Login-hshwZZnT.js .............. ~ 1.25ms
  2025-12-24 15:52:10 /build/assets/Login-C4dk7bUa.css ............. ~ 0.33ms
  2025-12-24 15:52:10 /build/assets/Index-CTaZpk3R.js .............. ~ 0.20ms
  2025-12-24 15:52:10 /build/assets/Dashboard-B_Yylq2e.js .......... ~ 0.56ms
  2025-12-24 15:52:10 /build/assets/Dashboard-DMZbz74x.css ......... ~ 1.98ms
  2025-12-24 15:52:10 /build/assets/EnterMarks-EBMnxEyH.js ......... ~ 0.21ms
  2025-12-24 15:52:10 /build/assets/EnterMarks-DwL5Vpbu.css ........ ~ 0.45ms
  2025-12-24 15:52:10 /build/assets/SubmittedMarks-DNkLcAF9.js ..... ~ 1.90ms
  2025-12-24 15:52:10 /build/assets/SubmittedMarks-CTHh4nKk.css .... ~ 0.25ms
  2025-12-24 15:52:10 /build/assets/Index-OlRwcp-i.js .............. ~ 0.23ms
  2025-12-24 15:52:10 /build/assets/Index-bfWcpLwP.css ............. ~ 1.76ms
  2025-12-24 15:52:10 /build/assets/EmergencyContacts-BHWbkMxo.js .. ~ 0.16ms
  2025-12-24 15:52:10 /build/assets/EmployeeDetails-CJTRPFot.js .... ~ 0.19ms
  2025-12-24 15:52:10 /build/assets/Qualifications-L_VVnMKR.js ..... ~ 0.16ms
  2025-12-24 15:52:10 /build/assets/UpdatePassword-CZcquiMT.js ..... ~ 0.19ms
  2025-12-24 15:52:10 /build/assets/UpdatePassword-BJM0g8p3.css .... ~ 0.85ms
  2025-12-24 15:52:10 /build/assets/WorkHistories-Bp-a5VMj.js ...... ~ 0.29ms
  2025-12-24 15:52:10 /build/assets/Index-DjgTHLcu.js .............. ~ 0.34ms
  2025-12-24 15:52:10 /build/assets/Index-C0JNbF_b.js .............. ~ 2.71ms
  2025-12-24 15:52:10 /build/assets/Index-C2y-pRbf.css ............. ~ 2.30ms
  2025-12-24 15:52:10 /build/assets/ApprovalQueue-Dr0bu86n.js ...... ~ 0.32ms
  2025-12-24 15:52:10 /build/assets/ApprovalQueue-D2DnOygN.css ..... ~ 0.35ms
  2025-12-24 15:52:10 /build/assets/Index-LldVXW7t.js .............. ~ 1.08ms
  2025-12-24 15:52:10 /build/assets/Index-C5xn3J28.js .............. ~ 0.16ms
  2025-12-24 15:52:10 /build/assets/Index-B-cZF5iC.js .............. ~ 0.29ms
  2025-12-24 15:52:10 /build/assets/PayrollAdjustment-CB0baP92.js .. ~ 0.13ms
  2025-12-24 15:52:10 /build/assets/iziToast-BN3qRX6j.js ........... ~ 0.13ms
  2025-12-24 15:52:10 /build/assets/PayrollAdjustmentAllowance-BBwTrJdH.js  ~ 1.27ms
  2025-12-24 15:52:10 /build/assets/PayrollAdjustmentDeduction-BWH5fK-I.js  ~ 0.81ms
  2025-12-24 15:52:10 /build/assets/PayrollDetails-DVaPRXEa.js ..... ~ 0.12ms
  2025-12-24 15:52:10 /build/assets/PayrollRun-U9ApitZa.js ......... ~ 0.23ms
  2025-12-24 15:52:10 /build/assets/Edit-BuQCLMEA.js ............... ~ 1.24ms
  2025-12-24 15:52:10 /build/assets/SecondaryButton-DzqszHpk.js .... ~ 0.25ms
  2025-12-24 15:52:10 /build/assets/Index-BrCL6Dwp.js .............. ~ 0.35ms
  2025-12-24 15:52:10 /build/assets/DeleteUserForm-DWBAN59_.js ..... ~ 2.92ms
  2025-12-24 15:52:10 /build/assets/UpdatePasswordForm-D2Xlh9dh.js . ~ 0.37ms
  2025-12-24 15:52:10 /build/assets/UpdateProfileInformationForm-DNTRh6_o.js  ~ 0.14ms
  2025-12-24 15:52:10 /build/assets/Index-ByvE5AZB.js .............. ~ 0.14ms
  2025-12-24 15:52:10 /build/assets/Index-Bdx268IB.css ............. ~ 0.29ms
  2025-12-24 15:52:10 /build/assets/Success-DFOTj1Nr.js ............ ~ 0.25ms
  2025-12-24 15:52:10 /build/assets/Success-r-hqeCiF.css ........... ~ 2.32ms
  2025-12-24 15:52:10 /build/assets/Track-DSXvlsSd.js .............. ~ 0.27ms
  2025-12-24 15:52:10 /build/assets/Track-L7omozRj.css ............. ~ 0.22ms
  2025-12-24 15:52:10 /build/assets/TrackingForm-DmvuxU0T.js ....... ~ 1.95ms
  2025-12-24 15:52:10 /build/assets/TrackingForm-BbDMoIBK.css ...... ~ 0.18ms
  2025-12-24 15:52:10 /build/assets/Index-T6yLEVUP.js .............. ~ 0.17ms
  2025-12-24 15:52:10 /build/assets/StudentLayout-CIcrTtsS.js ...... ~ 0.53ms
  2025-12-24 15:52:10 /build/assets/StudentLayout-OSj59oVD.css ..... ~ 1.78ms
  2025-12-24 15:52:10 /build/assets/ChangePassword-DysDV7-O.js ..... ~ 0.33ms
  2025-12-24 15:52:10 /build/assets/Index-CCnMV8hp.js .............. ~ 0.34ms
  2025-12-24 15:52:10 /build/assets/Dashboard-kQwy5DyQ.js .......... ~ 0.46ms
  2025-12-24 15:52:10 /build/assets/Dashboard-XybeFVte.css ......... ~ 0.22ms
  2025-12-24 15:52:10 /build/assets/Index-DZlulPtx.js .............. ~ 0.33ms
  2025-12-24 15:52:10 /build/assets/Assignments-38SLAYzi.js ........ ~ 2.12ms
  2025-12-24 15:52:10 /build/assets/Assignments-BdxcnUAt.css ....... ~ 0.34ms
  2025-12-24 15:52:10 /build/assets/Classes-DOQWWqW1.js ............ ~ 0.48ms
  2025-12-24 15:52:10 /build/assets/Classes-CYXZVLji.css ........... ~ 2.84ms
  2025-12-24 15:52:10 /build/assets/Dashboard-CIvSPt8x.js .......... ~ 0.34ms
  2025-12-24 15:52:10 /build/assets/Dashboard-Df8LdpHi.css ......... ~ 2.95ms
  2025-12-24 15:52:10 /build/assets/Materials-CmHRVLJ6.js .......... ~ 0.34ms
  2025-12-24 15:52:10 /build/assets/Materials-D_KfWPSc.css ......... ~ 0.29ms
  2025-12-24 15:52:10 /build/assets/Index-CRSKaki_.js .............. ~ 0.47ms
  2025-12-24 15:52:10 /build/assets/Edit-BebAIhWb.js ............. ~ 500.70ms
  2025-12-24 15:52:10 /build/assets/Edit-C4P7t_N1.css .............. ~ 0.21ms
  2025-12-24 15:52:10 /build/assets/Index-Ci4uzlpU.js .............. ~ 1.57ms
  2025-12-24 15:52:10 /build/assets/Show-_e_d-J-X.js ............... ~ 0.21ms
  2025-12-24 15:52:10 /build/assets/MyTimetable-C1ImwBcA.js ........ ~ 0.20ms
  2025-12-24 15:52:10 /build/assets/MyTimetable-DCklv2Sq.css ....... ~ 0.14ms
  2025-12-24 15:52:10 /build/assets/Generate-CYZWS78q.js ........... ~ 0.14ms
  2025-12-24 15:52:10 /build/assets/Constraints-CWDRW4h5.js ........ ~ 0.15ms
  2025-12-24 15:52:10 /build/assets/Constraints-BZS0SRTT.css ....... ~ 0.14ms
  2025-12-24 15:52:10 /build/assets/SubjectAllocation-BacN5-vx.js .. ~ 0.13ms
  2025-12-24 15:52:10 /build/assets/Periods-FpBowtE5.js ............ ~ 0.14ms
  2025-12-24 15:52:10 /build/assets/SubjectAllocation-LlDamDcb.css . ~ 0.13ms
  2025-12-24 15:52:10 /build/assets/ClassTimetable-DYinRIOS.js ..... ~ 0.15ms
  2025-12-24 15:52:10 /build/assets/ClassTimetable-DKnYbDuK.css .... ~ 0.73ms
  2025-12-24 15:52:10 /build/assets/TeacherTimetable-BvKciz90.js ... ~ 0.13ms
  2025-12-24 15:52:10 /build/assets/Welcome-CBbpBFmg.js ............ ~ 0.12ms
  2025-12-24 15:52:10 /build/assets/DefaultLayout-CXKV4vsZ.js ...... ~ 0.12ms
  2025-12-24 15:52:10 /build/assets/DefaultLayout-UfeXBpZ5.css ..... ~ 0.07ms
  2025-12-24 15:52:10 /build/assets/Pagination-wBvPNZiK.js ......... ~ 0.09ms
  2025-12-24 15:52:10 /build/assets/Pagination-BbeKvaSo.css ........ ~ 0.54ms
  2025-12-24 15:52:10 /build/assets/lodash-DW0UIlOd.js ............. ~ 0.08ms
  2025-12-24 15:52:10 /build/assets/Footer-B6OMXvBk.js ............. ~ 0.10ms
  2025-12-24 15:52:10 /build/assets/Footer-Dp49msI0.css ............ ~ 0.09ms
  2025-12-24 16:05:41 /admin/exams/approval-queue .................. ~ 0.32ms
  2025-12-24 16:05:57 /favicon.ico ................................. ~ 0.26ms
  2025-12-24 16:05:58 /admin/exams/approval-queue/pending-submissions  ~ 0.33ms
  2025-12-24 16:05:58 /admin/exams/approval-queue/stats .......... ~ 500.53ms
  2025-12-24 16:05:58 /assets/images/branding/skaas-schools-logo.png  ~ 501.37ms
  2025-12-24 16:06:18 /admin/exams/approval-queue/pending-submissions  ~ 0.22ms
  2025-12-24 16:06:25 /admin/exams/approval-queue/pending-submissions  ~ 500.55ms
  2025-12-24 16:06:25 /admin/exams/approval-queue/pending-submissions  ~ 0.63ms
  2025-12-24 16:06:52 /admin/exams/approval-queue/pending-submissions  ~ 0.20ms
  2025-12-24 16:06:54 /admin/exams/approval-queue/pending-submissions  ~ 500.60ms
  2025-12-24 16:07:01 /admin/exams/approval-queue/pending-submissions  ~ 0.68ms
  2025-12-24 16:07:04 /admin/exams/approval-queue/pending-submissions  ~ 0.18ms
  2025-12-24 16:07:07 /admin/exams/approval-queue/pending-submissions  ~ 0.73ms
  2025-12-24 16:07:15 /admin/exams/approval-queue/pending-submissions  ~ 0.23ms
  2025-12-24 16:07:18 /admin/exams/approval-queue/pending-submissions  ~ 0.25ms
  2025-12-24 16:07:19 /admin/exams/approval-queue/pending-submissions  ~ 0.17ms
  2025-12-24 16:07:42 /admin/exams/approval-queue/pending-submissions  ~ 0.21ms
  2025-12-24 16:07:48 /admin/exams/approval-queue/pending-submissions  ~ 0.23ms
  2025-12-24 16:07:51 /admin/exams/approval-queue/pending-submissions  ~ 0.36ms
  2025-12-24 16:08:23 /admin/exams/approval-queue/pending-submissions  ~ 0.99ms
  2025-12-24 16:08:31 /admin/exams/approval-queue/pending-submissions  ~ 0.22ms
  2025-12-24 16:08:41 /admin/exams/approval-queue/pending-submissions  ~ 500.49ms
  2025-12-24 16:08:56 /admin/exams/approval-queue/pending-submissions  ~ 0.28ms
  2025-12-24 16:09:03 /admin/exams/approval-queue/pending-submissions  ~ 0.17ms
  2025-12-24 16:09:14 /admin/exams/approval-queue/approve-marks .. ~ 501.26ms
  2025-12-24 16:09:15 /admin/exams/approval-queue/pending-submissions  ~ 0.48ms
  2025-12-24 16:09:15 /admin/exams/approval-queue/stats ............ ~ 0.37ms
  2025-12-24 16:09:19 /admin/exams/approval-queue/approved-submissions  ~ 0.56ms
  2025-12-24 16:09:23 /admin/exams/approval-queue/approved-submissions  ~ 1.05ms
  2025-12-24 16:09:42 /admin/exams/approval-queue/virtual_approved_4_1_4_20/details  ~ 0.18ms
  2025-12-24 16:10:11 /admin/exams/approval-queue/approved-submissions  ~ 500.59ms
  2025-12-24 16:10:14 /admin/exams/approval-queue/approved-submissions  ~ 0.16ms
  2025-12-24 16:10:14 /admin/exams/approval-queue/approved-submissions  ~ 0.17ms
  2025-12-24 16:10:17 /admin/exams/approval-queue/approved-submissions  ~ 500.74ms
  2025-12-24 16:10:18 /admin/exams/approval-queue/approved-submissions  ~ 0.15ms
  2025-12-24 16:10:28 /admin/exams/approval-queue/approved-submissions  ~ 501.06ms
  2025-12-24 16:12:25 /admin/exams/approval-queue .................. ~ 0.46ms
  2025-12-24 16:12:26 /favicon.ico ................................. ~ 0.25ms
  2025-12-24 16:12:26 /admin/exams/approval-queue/pending-submissions  ~ 501.46ms
  2025-12-24 16:12:27 /admin/exams/approval-queue/stats ............ ~ 0.13ms
  2025-12-24 16:12:27 /assets/images/branding/skaas-schools-logo.png  ~ 1.42ms
  2025-12-24 16:12:29 /admin/exams/approval-queue/approved-submissions  ~ 0.21ms
  2025-12-24 16:12:31 /admin/exams/approval-queue/virtual_approved_4_1_4_20/details  ~ 0.47ms
  2025-12-24 16:12:53 /admin/exams/approval-queue/virtual_approved_6_2_8_24/details  ~ 0.24ms
  2025-12-24 16:15:12 /admin/exams/approval-queue/pending-submissions  ~ 500.59ms
  2025-12-24 16:15:12 /admin/exams/approval-queue/stats ............ ~ 2.57ms
  2025-12-24 16:15:44 /admin/exams/approval-queue .................. ~ 0.91ms
  2025-12-24 16:15:45 /favicon.ico ................................. ~ 0.16ms
  2025-12-24 16:15:46 /admin/exams/approval-queue/pending-submissions  ~ 501.41ms
  2025-12-24 16:15:46 /admin/exams/approval-queue/stats ............ ~ 0.18ms
  2025-12-24 16:15:46 /assets/images/branding/skaas-schools-logo.png  ~ 1.18ms
  2025-12-24 16:15:48 /admin/exams/approval-queue/approved-submissions  ~ 0.26ms
  2025-12-24 16:15:50 /admin/exams/approval-queue/virtual_approved_4_1_4_20/details  ~ 500.98ms
  2025-12-24 16:15:54 /admin/exams/approval-queue ................ ~ 500.77ms
  2025-12-24 16:15:54 /login ....................................... ~ 0.17ms
  2025-12-24 16:15:54 /favicon.ico ................................. ~ 0.58ms
  2025-12-24 16:15:57 /images/ecobiz_logo_new.jpeg ................. ~ 0.59ms
  2025-12-24 16:16:14 /login ........................................... ~ 1s
  2025-12-24 16:16:14 /employee/dashboard .......................... ~ 0.95ms
  2025-12-24 16:16:15 /login ..................................... ~ 503.43ms
  2025-12-24 16:16:15 /dashboard ................................. ~ 503.13ms
  2025-12-24 16:16:15 /admin/dashboard ........................... ~ 502.85ms
  2025-12-24 16:16:17 /assets/images/branding/skaas-schools-logo.png  ~ 0.47ms
  2025-12-24 16:16:17 /favicon.ico ................................. ~ 0.65ms
  2025-12-24 16:16:20 /admin/exams/approval-queue ................ ~ 501.10ms
  2025-12-24 16:16:20 /favicon.ico ............................... ~ 501.36ms
  2025-12-24 16:16:21 /assets/images/branding/skaas-schools-logo.png  ~ 0.32ms
  2025-12-24 16:16:21 /admin/exams/approval-queue/pending-submissions  ~ 0.19ms
  2025-12-24 16:16:22 /admin/exams/approval-queue/stats .......... ~ 503.03ms
  2025-12-24 16:16:27 /admin/exams/approval-queue/update-approved-mark  ~ 0.30ms
  2025-12-24 16:16:31 /admin/exams/approval-queue/approved-submissions  ~ 501.27ms
  2025-12-24 16:16:35 /admin/exams/approval-queue/virtual_approved_4_1_4_20/details  ~ 0.70ms
  2025-12-24 16:16:41 /admin/exams/approval-queue/virtual_approved_4_1_4_20/details  ~ 501.58ms
  2025-12-24 16:17:23 /admin/exams/results ....................... ~ 500.57ms
  2025-12-24 16:17:32 /admin/exams/results ......................... ~ 0.91ms
  2025-12-24 16:17:33 /favicon.ico ................................. ~ 0.23ms
  2025-12-24 16:17:33 /assets/images/branding/skaas-schools-logo.png  ~ 9.30ms
  2025-12-24 16:22:02 /admin/exams/results ....................... ~ 500.69ms
  2025-12-24 16:22:05 /favicon.ico ................................. ~ 0.69ms
  2025-12-24 16:22:06 /assets/images/branding/skaas-schools-logo.png  ~ 3.89ms
  2025-12-24 16:22:13 /admin/exams/approval-queue ................ ~ 501.20ms
  2025-12-24 16:22:17 /admin/exams/approval-queue/approved-submissions  ~ 502.02ms
  2025-12-24 16:21:55 /admin/exams/approval-queue ..................... ~ 24s
  2025-12-24 16:22:19 /favicon.ico ............................... ~ 502.06ms
  2025-12-24 16:22:20 /admin/exams/approval-queue/pending-submissions  ~ 502.22ms
  2025-12-24 16:22:21 /admin/exams/approval-queue/stats .......... ~ 505.43ms
  2025-12-24 16:22:21 /assets/images/branding/skaas-schools-logo.png  ~ 507.15ms
  2025-12-24 16:22:33 /admin/exams/approval-queue/approved-submissions . ~ 1s
  2025-12-24 16:22:44 /admin/exams/approval-queue/virtual_approved_4_1_4_20/details  ~ 501.91ms
  2025-12-24 16:23:04 /admin/exams/approval-queue ................ ~ 506.56ms
  2025-12-24 16:23:07 /favicon.ico ................................. ~ 0.50ms
  2025-12-24 16:23:08 /admin/exams/approval-queue/pending-submissions  ~ 502.86ms
  2025-12-24 16:23:08 /admin/exams/approval-queue/stats .......... ~ 504.49ms
  2025-12-24 16:23:08 /assets/images/branding/skaas-schools-logo.png  ~ 506.57ms
  2025-12-24 16:23:13 /admin/exams/approval-queue/approved-submissions . ~ 1s
  2025-12-24 16:23:46 /admin/exams/approval-queue/virtual_approved_4_1_4_20/details  ~ 500.88ms
  2025-12-24 16:23:53 /admin/exams/approval-queue/approved-submissions  ~ 504.63ms
  2025-12-24 16:23:54 /admin/exams/approval-queue/approved-submissions  ~ 501.42ms
  2025-12-24 16:23:57 /admin/exams/approval-queue/approved-submissions . ~ 1s
  2025-12-24 16:23:58 /admin/exams/approval-queue/approved-submissions  ~ 504.59ms
  2025-12-24 16:24:03 /admin/exams/approval-queue/virtual_approved_4_1_6_24/details  ~ 501.36ms
  2025-12-24 16:24:44 /admin/exams/approval-queue/update-approved-mark . ~ 1s
  2025-12-24 16:27:33 /admin/exams/results ......................... ~ 0.20ms
  2025-12-24 16:29:29 /admin/exams/approval-queue/pending-submissions  ~ 501.35ms
  2025-12-24 16:29:30 /admin/exams/approval-queue/stats .......... ~ 500.59ms
  2025-12-24 16:29:30 /assets/images/branding/skaas-schools-logo.png  ~ 501.21ms
  2025-12-24 16:31:46 /admin/exams/results ......................... ~ 0.12ms
  2025-12-24 16:31:55 /favicon.ico ................................. ~ 0.39ms
  2025-12-24 16:31:56 /assets/images/branding/skaas-schools-logo.png  ~ 0.30ms
  2025-12-24 16:32:00 /admin/exams/approval-queue .................. ~ 0.13ms
  2025-12-24 16:32:05 /admin/exams/approval-queue .................. ~ 0.28ms
  2025-12-24 16:32:06 /favicon.ico ................................. ~ 0.61ms
  2025-12-24 16:32:06 /admin/exams/approval-queue/pending-submissions  ~ 0.42ms
  2025-12-24 16:32:06 /admin/exams/approval-queue/stats ............ ~ 0.77ms
  2025-12-24 16:32:06 /assets/images/branding/skaas-schools-logo.png  ~ 3.89ms
  2025-12-24 16:32:08 /admin/exams/approval-queue/approved-submissions  ~ 0.57ms
  2025-12-24 16:32:38 /admin/exams/approval-queue/virtual_approved_4_1_4_20/details  ~ 0.62ms
  2025-12-24 16:32:58 /admin/exams/approval-queue ................ ~ 502.34ms
  2025-12-24 16:32:58 /favicon.ico ............................... ~ 502.11ms
  2025-12-24 16:32:59 /admin/exams/approval-queue/pending-submissions  ~ 504.56ms
  2025-12-24 16:33:00 /admin/exams/approval-queue/stats ............ ~ 0.24ms
  2025-12-24 16:33:00 /assets/images/branding/skaas-schools-logo.png  ~ 3.96ms
  2025-12-24 16:33:04 /admin/exams/approval-queue/update-approved-mark  ~ 504.31ms
  2025-12-24 16:33:05 /admin/exams/approval-queue/approved-submissions  ~ 505.47ms
  2025-12-24 16:33:06 /admin/exams/approval-queue/stats .......... ~ 501.80ms
  2025-12-24 16:33:13 /admin/exams/approval-queue/virtual_approved_4_1_4_20/details  ~ 502.30ms
  2025-12-24 16:33:27 /admin/exams/approval-queue/approved-submissions . ~ 1s
  2025-12-24 16:33:54 /admin/exams/approval-queue/virtual_approved_4_1_4_20/details  ~ 502.01ms
  2025-12-24 16:36:49 /admin/exams/approval-queue .................. ~ 0.17ms
  2025-12-24 16:36:51 /favicon.ico ................................. ~ 0.24ms
  2025-12-24 16:36:51 /admin/exams/approval-queue/pending-submissions  ~ 0.49ms
  2025-12-24 16:36:51 /admin/exams/approval-queue/stats ............ ~ 0.34ms
  2025-12-24 16:36:51 /assets/images/branding/skaas-schools-logo.png  ~ 8.17ms
  2025-12-24 16:36:57 /admin/exams/approval-queue/approved-submissions  ~ 0.21ms
  2025-12-24 16:36:59 /admin/exams/approval-queue/virtual_approved_4_1_4_20/details  ~ 0.16ms
  2025-12-24 16:37:08 /admin/exams/approval-queue/virtual_approved_4_1_4_20/details  ~ 500.74ms
  2025-12-24 16:44:22 /admin/exams/approval-queue .................. ~ 0.32ms
  2025-12-24 16:44:29 /favicon.ico ................................. ~ 0.14ms
  2025-12-24 16:44:29 /admin/exams/approval-queue/pending-submissions  ~ 500.87ms
  2025-12-24 16:44:29 /admin/exams/approval-queue/stats ............ ~ 0.25ms
  2025-12-24 16:44:29 /assets/images/branding/skaas-schools-logo.png  ~ 2.15ms
  2025-12-24 16:44:41 /admin/exams/approval-queue/approved-submissions  ~ 500.37ms
  2025-12-24 16:44:43 /admin/exams/approval-queue/virtual_approved_4_1_4_20/details  ~ 0.21ms
  2025-12-24 16:45:13 /admin/exams/approval-queue .................. ~ 0.32ms
  2025-12-24 16:45:17 /favicon.ico ................................. ~ 0.78ms
  2025-12-24 16:45:17 /admin/exams/approval-queue/pending-submissions  ~ 0.62ms
  2025-12-24 16:45:17 /admin/exams/approval-queue/stats .......... ~ 500.87ms
  2025-12-24 16:45:17 /assets/images/branding/skaas-schools-logo.png  ~ 504.44ms
  2025-12-24 16:45:19 /admin/exams/approval-queue/approved-submissions  ~ 500.99ms
  2025-12-24 16:45:21 /admin/exams/approval-queue/virtual_approved_4_1_5_6/details  ~ 0.27ms
  2025-12-24 16:48:51 /timetable/generate .............................. ~ 2s
  2025-12-24 16:49:04 /timetable/generate ............................. ~ 13s
  2025-12-24 16:49:17 /timetable/generate .......................... ~ 0.12ms
  2025-12-24 16:49:46 /timetable/versions/1/publish .................... ~ 2s
  2025-12-24 16:49:49 /timetable/generate .......................... ~ 0.17ms
  2025-12-24 16:49:55 .................................................. ~ 5s
  2025-12-24 16:50:00 /timetable/versions/1/export/teacher/10 .... ~ 500.46ms
  2025-12-24 16:50:00 /favicon.ico ................................. ~ 0.13ms
  2025-12-24 16:50:24 /timetable/versions/1/export/class/8 ............. ~ 4s
  2025-12-24 16:50:29 /favicon.ico ................................. ~ 0.10ms
  2025-12-24 16:59:19 /timetable/generate ........................ ~ 500.92ms
  2025-12-24 16:59:30 /favicon.ico ................................. ~ 0.13ms
  2025-12-24 16:59:30 /assets/images/branding/skaas-schools-logo.png  ~ 0.09ms
  2025-12-24 16:59:45 /admin/exams/approval-queue ...................... ~ 2s
  2025-12-24 16:59:47 /admin/exams/approval-queue/pending-submissions  ~ 0.12ms
  2025-12-24 16:59:47 /admin/exams/approval-queue/stats .......... ~ 500.87ms
  2025-12-24 16:59:48 /admin/exams/approval-queue/approved-submissions  ~ 500.61ms
  2025-12-24 16:59:52 /admin/exams/approval-queue/virtual_approved_4_1_4_20/details  ~ 0.37ms
  2025-12-24 17:03:29 /admin/exams/approval-queue .................. ~ 0.24ms
  2025-12-24 17:03:30 /favicon.ico ................................. ~ 0.18ms
  2025-12-24 17:03:30 /admin/exams/approval-queue/pending-submissions  ~ 500.49ms
  2025-12-24 17:03:30 /admin/exams/approval-queue/stats ............ ~ 0.72ms
  2025-12-24 17:03:30 /assets/images/branding/skaas-schools-logo.png  ~ 2.03ms
  2025-12-24 17:03:33 /admin/exams/approval-queue/approved-submissions  ~ 500.87ms
  2025-12-24 17:03:36 /admin/exams/approval-queue/virtual_approved_4_1_4_20/details  ~ 500.95ms
  2025-12-24 17:04:22 /admin/exams/approval-queue .................. ~ 0.25ms
  2025-12-24 17:04:23 /favicon.ico ................................. ~ 0.19ms
  2025-12-24 17:04:23 /admin/exams/approval-queue/pending-submissions  ~ 0.14ms
  2025-12-24 17:04:23 /admin/exams/approval-queue/stats ............ ~ 0.22ms
  2025-12-24 17:04:23 /assets/images/branding/skaas-schools-logo.png  ~ 1.24ms
  2025-12-24 17:04:25 /admin/exams/approval-queue/approved-submissions  ~ 0.23ms
  2025-12-24 17:04:26 /admin/exams/approval-queue/virtual_approved_4_1_5_6/details  ~ 0.32ms
  2025-12-24 17:06:47 /admin/exams/approval-queue/pending-submissions  ~ 500.46ms
  2025-12-24 17:06:47 /admin/exams/approval-queue/stats ............ ~ 0.06ms
  2025-12-24 17:07:51 /admin/exams/approval-queue .................. ~ 0.32ms
  2025-12-24 17:07:54 /favicon.ico ................................. ~ 0.14ms
  2025-12-24 17:07:54 /admin/exams/approval-queue/pending-submissions  ~ 0.11ms
  2025-12-24 17:07:54 /admin/exams/approval-queue/stats .......... ~ 500.46ms
  2025-12-24 17:07:54 /assets/images/branding/skaas-schools-logo.png  ~ 501.19ms
  2025-12-24 17:07:56 /admin/exams/approval-queue/approved-submissions  ~ 0.66ms
  2025-12-24 17:07:58 /admin/exams/approval-queue/virtual_approved_4_1_5_6/details  ~ 0.22ms
  2025-12-24 17:08:22 /admin/exams/approval-queue/update-approved-mark  ~ 0.32ms
  2025-12-24 17:08:22 /admin/exams/approval-queue/approved-submissions  ~ 0.17ms
  2025-12-24 17:08:22 /admin/exams/approval-queue/stats .......... ~ 500.41ms
  2025-12-24 17:08:36 /admin/exams/results ....................... ~ 501.11ms
  2025-12-24 17:12:29 /admin/exams/results ....................... ~ 505.99ms
  2025-12-24 17:12:30 /favicon.ico ................................. ~ 0.27ms
  2025-12-24 17:12:31 /datatable/exams ........................... ~ 500.50ms
  2025-12-24 17:12:31 /datatable/ranks ............................. ~ 0.14ms
  2025-12-24 17:12:31 /datatable/academic-years .................. ~ 503.88ms
  2025-12-24 17:12:31 /assets/images/branding/skaas-schools-logo.png  ~ 501.15ms
  2025-12-24 17:12:39 /datatable/enrolled-students ................. ~ 0.18ms
  2025-12-24 17:12:39 /datatable/exam-subjects ..................... ~ 0.21ms
  2025-12-24 17:12:39 /datatable/exam-marks ............................ ~ 1s
  2025-12-24 17:14:05 /admin/exams/approval-queue ................ ~ 500.52ms
  2025-12-24 17:14:05 /admin/exams/approval-queue/pending-submissions  ~ 0.15ms
  2025-12-24 17:14:06 /admin/exams/approval-queue/stats .......... ~ 500.98ms
  2025-12-24 17:14:17 /admin/exams/approval-queue/pending-submissions  ~ 0.14ms
  2025-12-24 17:14:23 /admin/exams/approval-queue/pending-submissions  ~ 0.14ms
  2025-12-24 17:14:25 /admin/exams/approval-queue/pending-submissions  ~ 0.31ms
  2025-12-24 17:14:28 /admin/exams/approval-queue/pending-submissions  ~ 500.65ms
  2025-12-24 17:14:29 /admin/exams/approval-queue/pending-submissions  ~ 0.40ms
  2025-12-24 17:15:20 /admin/exams/approval-queue/approve-marks .... ~ 0.14ms
  2025-12-24 17:15:20 /admin/exams/approval-queue/pending-submissions  ~ 500.88ms
  2025-12-24 17:15:20 /admin/exams/approval-queue/stats ............ ~ 0.44ms
  2025-12-24 17:15:24 /admin/exams/results ....................... ~ 500.67ms
  2025-12-24 17:15:24 /datatable/exams ............................. ~ 0.27ms
  2025-12-24 17:15:24 /datatable/ranks ............................. ~ 0.23ms
  2025-12-24 17:15:24 /datatable/academic-years .................... ~ 3.67ms
  2025-12-24 17:15:34 /admin/student-admissions ........................ ~ 1s
  2025-12-24 17:15:36 /datatable/student-admissions ................ ~ 0.22ms
  2025-12-24 17:17:31 /admin/exams/approval-queue ...................... ~ 2s
  2025-12-24 17:17:34 /admin/exams/approval-queue/pending-submissions  ~ 500.38ms
  2025-12-24 17:17:34 /admin/exams/approval-queue/stats ............ ~ 0.09ms
  2025-12-24 17:17:36 /admin/exams/approval-queue/approved-submissions  ~ 0.67ms
  2025-12-24 17:17:40 /admin/exams/approval-queue/approved-submissions  ~ 500.35ms
  2025-12-24 17:17:50 /admin/exams/approval-queue/virtual_approved_5_8_3_21/details  ~ 0.23ms
  2025-12-24 17:17:56 /admin/exams/results ......................... ~ 0.35ms
  2025-12-24 17:17:57 /datatable/exams ........................... ~ 500.40ms
  2025-12-24 17:17:57 /datatable/ranks ............................. ~ 0.07ms
  2025-12-24 17:17:57 /datatable/academic-years .................... ~ 0.97ms
  2025-12-24 17:18:01 /admin/exams/approval-queue ................ ~ 501.00ms
  2025-12-24 17:18:01 /admin/exams/approval-queue/pending-submissions  ~ 0.10ms
  2025-12-24 17:18:01 /admin/exams/approval-queue/stats .......... ~ 500.34ms
  2025-12-24 17:18:04 /admin/exams/approval-queue/approved-submissions  ~ 0.17ms
  2025-12-24 17:18:06 /admin/exams/approval-queue/approved-submissions  ~ 0.17ms
  2025-12-24 17:18:11 /admin/exams/approval-queue/virtual_approved_5_8_3_21/details  ~ 0.21ms
  2025-12-24 17:18:28 /admin/exams/results ......................... ~ 0.17ms
  2025-12-24 17:18:29 /datatable/exams ........................... ~ 500.89ms
  2025-12-24 17:18:29 /datatable/ranks ............................. ~ 0.54ms
  2025-12-24 17:18:29 /datatable/academic-years .................... ~ 5.94ms
  2025-12-24 17:18:35 /datatable/enrolled-students ................. ~ 0.10ms
  2025-12-24 17:18:36 /datatable/exam-subjects ..................... ~ 0.05ms
  2025-12-24 17:18:36 /datatable/exam-marks ...................... ~ 500.89ms
  2025-12-24 17:18:47 /datatable/enrolled-students ................. ~ 0.13ms
  2025-12-24 17:18:47 /datatable/exam-subjects ..................... ~ 0.09ms
  2025-12-24 17:18:47 /datatable/exam-marks ...................... ~ 500.43ms
  2025-12-24 17:19:03 /datatable/enrolled-students ................. ~ 0.14ms
  2025-12-24 17:19:03 /datatable/exam-subjects ..................... ~ 0.07ms
  2025-12-24 17:19:03 /datatable/exam-marks ...................... ~ 500.40ms
  2025-12-24 17:19:12 /admin/exams/results ......................... ~ 0.27ms
  2025-12-24 17:19:13 /favicon.ico ................................. ~ 0.21ms
  2025-12-24 17:19:13 /datatable/exams ............................. ~ 0.06ms
  2025-12-24 17:19:13 /datatable/ranks ............................. ~ 0.10ms
  2025-12-24 17:19:13 /datatable/academic-years .................. ~ 501.78ms
  2025-12-24 17:19:13 /assets/images/branding/skaas-schools-logo.png  ~ 501.66ms
  2025-12-24 17:19:22 /datatable/enrolled-students ................. ~ 0.12ms
  2025-12-24 17:19:22 /datatable/exam-subjects ..................... ~ 0.09ms
  2025-12-24 17:19:22 /datatable/exam-marks ...................... ~ 500.60ms
  2025-12-24 17:19:26 /admin/exams/exam-students ................. ~ 500.57ms
  2025-12-24 17:19:27 /datatable/exams ........................... ~ 500.50ms
  2025-12-24 17:19:27 /datatable/ranks ............................. ~ 0.20ms
  2025-12-24 17:19:29 /admin/exams/approval-queue .................. ~ 0.13ms
  2025-12-24 17:19:29 /admin/exams/approval-queue/pending-submissions  ~ 0.52ms
  2025-12-24 17:19:30 /admin/exams/approval-queue/stats ............ ~ 0.42ms
  2025-12-24 17:19:33 /admin/exams/approval-queue/pending-submissions  ~ 500.51ms
  2025-12-24 17:19:34 /admin/exams/approval-queue/pending-submissions  ~ 0.44ms
  2025-12-24 17:19:43 /admin/exams/approval-queue/pending-submissions  ~ 500.54ms
  2025-12-24 17:19:44 /admin/exams/approval-queue/pending-submissions  ~ 500.85ms
  2025-12-24 17:19:46 /admin/exams/approval-queue/approved-submissions  ~ 0.17ms
  2025-12-24 17:19:49 /admin/exams/approval-queue/approved-submissions  ~ 0.24ms
  2025-12-24 17:19:50 /admin/exams/approval-queue/approved-submissions  ~ 500.52ms
  2025-12-24 17:20:03 /admin/exams/approval-queue/virtual_approved_5_8_6_7/details  ~ 500.58ms
  2025-12-24 17:25:50 /admin/exams/approval-queue .................. ~ 0.16ms
  2025-12-24 17:25:51 /favicon.ico ................................. ~ 0.14ms
  2025-12-24 17:25:51 /admin/exams/approval-queue/pending-submissions  ~ 0.07ms
  2025-12-24 17:25:52 /admin/exams/approval-queue/stats .......... ~ 500.63ms
  2025-12-24 17:25:52 /assets/images/branding/skaas-schools-logo.png  ~ 503.15ms
  2025-12-24 17:25:55 /admin/student-admissions ........................ ~ 1s
  2025-12-24 17:25:56 /datatable/student-admissions ................ ~ 0.18ms
  2025-12-24 17:26:04 /datatable/student-admissions ................ ~ 0.11ms
  2025-12-24 17:26:04 /datatable/student-admissions ................ ~ 0.06ms
  2025-12-24 17:26:04 /datatable/student-admissions ................ ~ 0.48ms
  2025-12-24 17:26:05 /datatable/student-admissions .............. ~ 500.40ms
  2025-12-24 17:26:06 /datatable/student-admissions .............. ~ 500.90ms
  2025-12-24 17:26:06 /datatable/student-admissions ................ ~ 0.43ms
  2025-12-24 17:26:18 /admin/exams/approval-queue ...................... ~ 2s
  2025-12-24 17:26:20 /admin/exams/approval-queue/pending-submissions  ~ 500.57ms
  2025-12-24 17:26:20 /admin/exams/approval-queue/stats ............ ~ 0.12ms
  2025-12-24 17:26:22 /admin/exams/approval-queue/approved-submissions  ~ 500.40ms
  2025-12-24 17:26:25 /admin/exams/approval-queue/approved-submissions  ~ 0.21ms
  2025-12-24 17:26:26 /admin/exams/approval-queue/approved-submissions  ~ 500.54ms
  2025-12-24 17:26:48 /admin/exams/results ......................... ~ 0.13ms
  2025-12-24 17:26:48 /datatable/exams ............................. ~ 0.42ms
  2025-12-24 17:26:48 /datatable/ranks ............................. ~ 0.28ms
  2025-12-24 17:26:48 /datatable/academic-years .................... ~ 4.43ms
  2025-12-24 17:26:54 /datatable/enrolled-students ................. ~ 0.11ms
  2025-12-24 17:26:54 /datatable/exam-subjects ..................... ~ 0.07ms
  2025-12-24 17:26:54 /datatable/exam-marks ...................... ~ 500.49ms
  2025-12-24 17:33:35 /datatable/enrolled-students ................. ~ 0.12ms
  2025-12-24 17:33:35 /datatable/exam-subjects ..................... ~ 0.06ms
  2025-12-24 17:33:35 /datatable/exam-marks ...................... ~ 500.37ms
  2025-12-24 17:33:44 /admin/exams/approval-queue ................ ~ 500.45ms
  2025-12-24 17:33:44 /admin/exams/approval-queue/pending-submissions  ~ 0.12ms
  2025-12-24 17:33:44 /admin/exams/approval-queue/stats ............ ~ 0.11ms
  2025-12-24 17:33:48 /admin/exams/approval-queue/pending-submissions  ~ 0.27ms
  2025-12-24 17:33:50 /admin/exams/approval-queue/pending-submissions  ~ 500.55ms
  2025-12-24 17:33:53 /admin/exams/approval-queue/pending-submissions  ~ 0.15ms
  2025-12-24 17:33:54 /admin/exams/approval-queue/pending-submissions  ~ 0.61ms
  2025-12-24 17:34:14 /admin/exams/approval-queue/pending-submissions  ~ 500.47ms
  2025-12-24 17:34:16 /admin/exams/approval-queue/pending-submissions  ~ 0.12ms
  2025-12-24 17:34:26 /admin/exams/approval-queue/pending-submissions  ~ 500.65ms
  2025-12-24 17:34:27 /admin/exams/results ....................... ~ 500.45ms
  2025-12-24 17:34:28 /datatable/exams ........................... ~ 500.64ms
  2025-12-24 17:34:28 /datatable/ranks ............................. ~ 0.16ms
  2025-12-24 17:34:28 /datatable/academic-years .................... ~ 1.85ms
  2025-12-24 17:34:37 /datatable/enrolled-students ................. ~ 0.13ms
  2025-12-24 17:34:37 /datatable/exam-subjects ..................... ~ 0.08ms
  2025-12-24 17:34:37 /datatable/exam-marks ...................... ~ 500.50ms
  2025-12-24 17:34:58 /admin/exams/approval-queue ................ ~ 500.77ms
  2025-12-24 17:34:58 /admin/exams/approval-queue/pending-submissions  ~ 0.32ms
  2025-12-24 17:34:58 /admin/exams/approval-queue/stats .......... ~ 500.56ms
  2025-12-24 17:35:02 /admin/exams/approval-queue/pending-submissions  ~ 500.28ms
  2025-12-24 17:35:09 /admin/exams/approval-queue/pending-submissions  ~ 0.21ms
  2025-12-24 17:35:20 /admin/exams/results ......................... ~ 0.18ms
  2025-12-24 17:35:20 /datatable/exams ........................... ~ 501.02ms
  2025-12-24 17:35:20 /datatable/ranks ............................. ~ 0.37ms
  2025-12-24 17:35:20 /datatable/academic-years .................... ~ 4.15ms
  2025-12-24 17:35:26 /admin/exams/approval-queue .................. ~ 0.13ms
  2025-12-24 17:35:26 /admin/exams/approval-queue/pending-submissions  ~ 500.44ms
  2025-12-24 17:35:27 /admin/exams/approval-queue/stats ............ ~ 0.11ms
  2025-12-24 17:35:33 /admin/exams/approval-queue/pending-submissions  ~ 0.31ms
  2025-12-24 17:35:47 /admin/exams/approval-queue/pending-submissions  ~ 500.40ms
  2025-12-24 17:36:06 /admin/exams/approval-queue/pending-submissions  ~ 0.16ms
  2025-12-24 17:36:22 .................................................. ~ 5s
  2025-12-24 17:39:40 /admin/exams/approval-queue/pending-submissions  ~ 500.39ms
  2025-12-24 17:39:41 /admin/exams/approval-queue/pending-submissions  ~ 500.89ms
  2025-12-24 17:39:49 /admin/exams/approval-queue/approve-marks .. ~ 500.48ms
  2025-12-24 17:39:49 /admin/exams/approval-queue/pending-submissions  ~ 0.10ms
  2025-12-24 17:39:50 /admin/exams/approval-queue/stats ............ ~ 0.11ms
  2025-12-24 17:39:59 /admin/exams/approval-queue/approve-marks .. ~ 500.41ms
  2025-12-24 17:39:59 /admin/exams/approval-queue/pending-submissions  ~ 0.07ms
  2025-12-24 17:39:59 /admin/exams/approval-queue/stats ............ ~ 0.06ms
  2025-12-24 17:40:05 /admin/exams/results ............................. ~ 1s
  2025-12-24 17:40:07 /datatable/exams ............................. ~ 0.65ms
  2025-12-24 17:40:07 /datatable/ranks ............................. ~ 0.51ms
  2025-12-24 17:40:07 /datatable/academic-years .................... ~ 7.38ms
  2025-12-24 17:40:13 /datatable/enrolled-students ................. ~ 0.15ms
  2025-12-24 17:40:13 /datatable/exam-subjects ..................... ~ 0.10ms
  2025-12-24 17:40:13 /datatable/exam-marks ...................... ~ 500.62ms
  2025-12-24 17:40:38 /admin/exams/generate-bulk-report ................ ~ 1s
  2025-12-24 17:48:34 /admin/exams/results ....................... ~ 500.35ms
  2025-12-24 17:55:10 /admin/exams/results ......................... ~ 4.86ms
  2025-12-24 17:58:11 /admin/exams/results ....................... ~ 505.41ms
  2025-12-24 18:01:59 /favicon.ico ................................. ~ 0.57ms
  2025-12-24 18:02:39 /admin/student-admissions .................. ~ 500.64ms
  2025-12-24 18:06:29 /favicon.ico ................................. ~ 0.59ms
  2025-12-24 18:09:38 /admin/student-admissions .................... ~ 0.11ms
  2025-12-24 18:09:49 /favicon.ico ................................. ~ 0.15ms
  2025-12-24 18:09:50 /datatable/student-admissions .............. ~ 500.40ms
  2025-12-24 18:09:50 /assets/images/branding/skaas-schools-logo.png  ~ 0.12ms
  2025-12-24 18:10:00 /admin/exams/results ............................. ~ 4s
  2025-12-24 18:10:17 /admin/exams/results ......................... ~ 0.42ms
  2025-12-24 18:10:17 /favicon.ico ................................. ~ 0.73ms
  2025-12-24 18:10:17 /assets/images/branding/skaas-schools-logo.png  ~ 0.23ms
  2025-12-24 18:10:54 /admin/exams/results ......................... ~ 0.22ms
  2025-12-24 18:10:55 /favicon.ico ................................. ~ 0.43ms
  2025-12-24 18:10:55 /assets/images/branding/skaas-schools-logo.png  ~ 1.38ms
  2025-12-24 18:17:05 /logout .......................................... ~ 1s
  2025-12-24 18:17:07 /login ....................................... ~ 0.08ms
  2025-12-24 18:17:08 /images/ecobiz_logo_new.jpeg ................. ~ 0.17ms
  2025-12-24 18:17:26 /login ....................................... ~ 0.52ms
  2025-12-24 18:17:26 /login ....................................... ~ 0.25ms
  2025-12-24 18:17:48 /login ....................................... ~ 0.41ms
  2025-12-24 18:17:48 /login ....................................... ~ 0.25ms
  2025-12-24 18:18:11 /login ....................................... ~ 0.36ms
  2025-12-24 18:18:11 /employee/dashboard ........................ ~ 500.60ms
  2025-12-24 18:18:11 /login ....................................... ~ 0.15ms
  2025-12-24 18:18:11 /dashboard ................................... ~ 0.10ms
  2025-12-24 18:18:11 /admin/dashboard ............................. ~ 0.09ms
  2025-12-24 18:18:14 /admin/student-admissions ........................ ~ 2s
  2025-12-24 18:18:16 /datatable/student-admissions ................ ~ 0.58ms
  2025-12-24 18:18:25 /datatable/student-admissions ................ ~ 0.60ms
  2025-12-24 18:18:25 /datatable/student-admissions .............. ~ 500.96ms
  2025-12-24 18:18:26 /datatable/student-admissions ................ ~ 0.27ms
  2025-12-24 18:18:26 /datatable/student-admissions ................ ~ 0.42ms
  2025-12-24 18:18:27 /datatable/student-admissions ................ ~ 0.45ms
  2025-12-24 18:18:27 /datatable/student-admissions ................ ~ 0.10ms
  2025-12-24 18:18:29 /datatable/student-admissions ................ ~ 0.11ms
  2025-12-24 18:18:29 /datatable/student-admissions ................ ~ 0.07ms
  2025-12-24 18:18:30 /datatable/student-admissions ................ ~ 0.29ms
  2025-12-24 18:18:33 /datatable/student-admissions ................ ~ 0.39ms
  2025-12-24 18:18:33 /datatable/student-admissions .............. ~ 501.24ms
  2025-12-24 18:18:34 /datatable/student-admissions ................ ~ 0.19ms
  2025-12-24 18:18:35 /datatable/student-admissions ................ ~ 0.56ms
  2025-12-24 18:18:47 /logout .......................................... ~ 1s
  2025-12-24 18:18:48 /login ....................................... ~ 0.28ms
  2025-12-24 18:19:08 /login ..................................... ~ 501.52ms
  2025-12-24 18:19:09 /login ....................................... ~ 0.40ms
  2025-12-24 18:19:21 /login ....................................... ~ 0.45ms
  2025-12-24 18:19:21 /login ....................................... ~ 0.12ms
  2025-12-24 18:19:28 /datatable/student-admissions ................ ~ 0.43ms
  2025-12-24 18:19:34 /admin/student-admissions .................... ~ 0.19ms
  2025-12-24 18:19:34 /login ....................................... ~ 0.12ms
  2025-12-24 18:19:37 /favicon.ico ................................. ~ 0.15ms
  2025-12-24 18:19:37 /images/ecobiz_logo_new.jpeg ................. ~ 0.09ms
  2025-12-24 18:20:28 /login ....................................... ~ 0.13ms
  2025-12-24 18:20:28 /admin/student-admissions .................... ~ 0.05ms
  2025-12-24 18:20:28 /login ..................................... ~ 500.76ms
  2025-12-24 18:20:32 /login ..................................... ~ 500.73ms
  2025-12-24 18:20:33 /admin/student-admissions .................... ~ 0.17ms
  2025-12-24 18:20:33 /login ....................................... ~ 0.18ms
  2025-12-24 18:20:36 /login ....................................... ~ 0.31ms
  2025-12-24 18:20:38 /favicon.ico ................................. ~ 0.62ms
  2025-12-24 18:20:38 /images/ecobiz_logo_new.jpeg ................. ~ 0.42ms
  2025-12-24 18:39:25 /login ..................................... ~ 503.09ms
  2025-12-24 18:39:26 /images/ecobiz_logo_new.jpeg ................. ~ 0.42ms
  2025-12-24 18:42:03 /login ..................................... ~ 500.48ms
  2025-12-24 18:42:03 /employee/dashboard .......................... ~ 0.97ms
  2025-12-24 18:42:03 /login ....................................... ~ 0.24ms
  2025-12-24 18:42:03 /dashboard ................................. ~ 501.07ms
  2025-12-24 18:42:03 /admin/dashboard ............................. ~ 0.16ms
  2025-12-24 18:42:04 /assets/images/branding/skaas-schools-logo.png  ~ 0.18ms
  2025-12-24 18:42:12 /admin/exams/results ............................. ~ 2s
  2025-12-24 18:42:36 /admin/exams/results ....................... ~ 500.39ms
  2025-12-24 18:42:39 /favicon.ico ................................. ~ 0.21ms
  2025-12-24 18:42:39 /assets/images/branding/skaas-schools-logo.png  ~ 0.11ms
  2025-12-24 18:42:46 /admin/exams/get-results ..................... ~ 0.29ms
  2025-12-24 18:43:10 /admin/exams/get-results ................... ~ 500.33ms
  2025-12-24 18:43:35 /admin/exams/results ......................... ~ 0.90ms
  2025-12-24 18:43:36 /assets/images/branding/skaas-schools-logo.png  ~ 0.30ms
  2025-12-24 18:43:58 /admin/exams/results ......................... ~ 0.17ms
  2025-12-24 18:44:00 /favicon.ico ................................. ~ 0.91ms
  2025-12-24 18:44:00 /assets/images/branding/skaas-schools-logo.png  ~ 0.40ms
  2025-12-24 18:44:07 /admin/exams/get-results ..................... ~ 0.15ms
  2025-12-24 18:46:41 /admin/exams/results ......................... ~ 0.16ms
  2025-12-24 18:46:42 /favicon.ico ................................. ~ 0.35ms
  2025-12-24 18:46:42 /assets/images/branding/skaas-schools-logo.png  ~ 0.24ms
  2025-12-24 18:46:49 /admin/exams/get-results ..................... ~ 0.46ms
  2025-12-24 18:50:07 /admin/exams/results ......................... ~ 0.18ms
  2025-12-24 18:50:08 /favicon.ico ................................. ~ 0.18ms
  2025-12-24 18:50:08 /assets/images/branding/skaas-schools-logo.png  ~ 0.11ms
  2025-12-24 18:50:16 /admin/exams/get-results ................... ~ 500.66ms
  2025-12-24 18:51:53 /admin/exams/results ......................... ~ 0.21ms
  2025-12-24 18:51:55 /favicon.ico ................................. ~ 0.17ms
  2025-12-24 18:51:55 /assets/images/branding/skaas-schools-logo.png  ~ 0.63ms
  2025-12-24 18:52:01 /admin/exams/get-results ..................... ~ 0.14ms
  2025-12-24 18:54:27 /admin/exams/results ....................... ~ 500.73ms
  2025-12-24 18:54:28 /favicon.ico ................................. ~ 0.16ms
  2025-12-24 18:54:29 /assets/images/branding/skaas-schools-logo.png  ~ 0.10ms
  2025-12-24 18:54:37 /admin/exams/get-results ..................... ~ 0.20ms
  2025-12-24 18:57:23 /admin/exams/results ......................... ~ 1.58ms
  2025-12-24 18:57:25 /favicon.ico ................................. ~ 0.16ms
  2025-12-24 18:57:25 /assets/images/branding/skaas-schools-logo.png  ~ 0.11ms
  2025-12-24 18:57:32 /admin/exams/get-results ..................... ~ 0.21ms
  2025-12-24 19:18:49 /admin/exams/results ......................... ~ 0.75ms
  2025-12-24 19:18:53 /favicon.ico ................................. ~ 0.28ms
  2025-12-24 19:18:53 /assets/images/branding/skaas-schools-logo.png  ~ 0.63ms
  2025-12-24 19:19:00 /admin/exams/get-results ..................... ~ 0.32ms
  2025-12-24 19:19:26 /admin/exams/generate-bulk-report ................ ~ 2s
  2025-12-24 19:19:28 /admin/exams/results ......................... ~ 0.55ms
  2025-12-24 19:19:46 /assets/images/branding/skaas-schools-logo.png  ~ 0.26ms
  2025-12-24 19:20:31 /admin/exams/get-results ................... ~ 500.71ms
  2025-12-24 19:20:44 /admin/exams/generate-bulk-report .......... ~ 500.73ms
  2025-12-24 19:30:08 /admin/exams/results ....................... ~ 500.63ms
  2025-12-24 19:32:38 /favicon.ico ..................................... ~ 4s
  2025-12-24 19:32:43 .................................................. ~ 5s
  2025-12-24 19:32:52 /admin/exams/get-results ................... ~ 500.40ms
  2025-12-24 19:32:59 /admin/exams/generate-bulk-report ................ ~ 2s
  2025-12-24 19:45:35 /admin/exams/results ......................... ~ 0.51ms
  2025-12-24 19:45:43 /admin/exams/results ....................... ~ 500.57ms
  2025-12-24 19:45:45 /favicon.ico ................................. ~ 0.54ms
  2025-12-24 19:45:45 /assets/images/branding/skaas-schools-logo.png  ~ 0.26ms
  2025-12-24 19:45:55 /admin/exams/get-results ..................... ~ 0.20ms
  2025-12-24 19:46:04 /admin/exams/generate-bulk-report ................ ~ 1s
  2025-12-24 19:50:52 /admin/exams/results ....................... ~ 501.29ms
  2025-12-24 19:51:21 /assets/images/branding/skaas-schools-logo.png  ~ 0.19ms
  2025-12-24 20:19:17 /admin/exams/get-results ................... ~ 500.89ms
  2025-12-24 20:19:24 /admin/exams/generate-bulk-report ................ ~ 2s
  2025-12-24 20:19:26 /admin/exams/results ....................... ~ 512.68ms
  2025-12-24 20:19:37 /admin/exams/results ....................... ~ 500.37ms
  2025-12-24 20:20:08 /favicon.ico ................................. ~ 0.64ms
  2025-12-24 20:20:08 /assets/images/branding/skaas-schools-logo.png  ~ 0.74ms
  2025-12-24 20:20:27 /admin/exams/get-results ................... ~ 502.25ms
  2025-12-24 20:20:55 /admin/exams/generate-bulk-report ................ ~ 1s
  2025-12-24 20:21:28 /admin/exams/results ....................... ~ 500.52ms
  2025-12-24 20:21:37 /favicon.ico ................................. ~ 0.65ms
  2025-12-24 20:21:37 /assets/images/branding/skaas-schools-logo.png  ~ 0.23ms
  2025-12-24 20:21:44 /admin/exams/get-results ................... ~ 500.84ms
  2025-12-24 20:21:56 /admin/exams/generate-bulk-report ................ ~ 1s
  2025-12-24 20:27:03 .................................................. ~ 5s
  2025-12-24 20:29:47 /admin/exams/results ....................... ~ 501.12ms
  2025-12-24 20:30:22 /assets/images/branding/skaas-schools-logo.png  ~ 0.31ms
  2025-12-24 20:30:27 /admin/exams/results ....................... ~ 503.49ms
  2025-12-24 20:31:02 /assets/images/branding/skaas-schools-logo.png  ~ 0.33ms
  2025-12-24 20:31:44 /admin/exams/results ....................... ~ 501.07ms
  2025-12-24 20:31:46 /favicon.ico ................................. ~ 0.77ms
  2025-12-24 20:31:47 /assets/images/branding/skaas-schools-logo.png  ~ 0.34ms
  2025-12-24 20:32:03 /admin/exams/get-results ......................... ~ 1s
  2025-12-24 20:32:16 /admin/exams/generate-bulk-report ................ ~ 3s
  2025-12-24 20:32:19 /admin/exams/results ......................... ~ 0.56ms
  2025-12-24 20:32:36 /assets/images/branding/skaas-schools-logo.png  ~ 0.73ms
  2025-12-24 20:32:40 /admin/exams/results ....................... ~ 500.84ms
  2025-12-24 20:32:42 /favicon.ico ................................. ~ 0.30ms
  2025-12-24 20:32:42 /assets/images/branding/skaas-schools-logo.png  ~ 0.63ms
  2025-12-24 20:32:49 /admin/exams/get-results ................... ~ 500.47ms
  2025-12-24 20:33:07 /admin/exams/generate-bulk-report ................ ~ 1s
  2025-12-24 20:54:48 /datatable/exams ........................... ~ 503.54ms
  2025-12-24 20:54:49 /datatable/ranks ........................... ~ 501.43ms
  2025-12-24 20:55:40 /datatable/enrolled-students ................. ~ 0.64ms
  2025-12-24 20:55:40 /datatable/exam-subjects ..................... ~ 0.41ms
  2025-12-24 20:55:40 /datatable/exam-marks ............................ ~ 2s
  2025-12-24 21:14:34 /datatable/exams ........................... ~ 501.99ms
  2025-12-24 21:14:35 /datatable/ranks ........................... ~ 500.66ms
  2025-12-24 21:16:21 /datatable/enrolled-students ............... ~ 502.94ms
  2025-12-24 21:16:21 /datatable/exam-subjects ..................... ~ 0.47ms
  2025-12-24 21:16:21 /datatable/exam-marks ............................ ~ 3s
  2025-12-24 21:17:35 /admin/exams/generate-bulk-report ................ ~ 1s
  2025-12-24 21:18:23 /admin/exams/generate-bulk-report ................ ~ 1s
  2025-12-24 21:22:22 /admin/exams/results ....................... ~ 501.33ms
  2025-12-24 21:22:50 /favicon.ico ................................. ~ 0.28ms
  2025-12-24 21:22:50 /datatable/exams ............................. ~ 0.58ms
  2025-12-24 21:22:50 /datatable/ranks ........................... ~ 500.83ms
  2025-12-24 21:22:50 /assets/images/branding/skaas-schools-logo.png  ~ 504.03ms
  2025-12-24 21:23:10 /datatable/enrolled-students ................. ~ 0.43ms
  2025-12-24 21:23:11 /datatable/exam-subjects ................... ~ 500.92ms
  2025-12-24 21:23:11 /datatable/exam-marks ............................ ~ 1s
  2025-12-24 21:28:51 /admin/exams/results ......................... ~ 0.48ms
  2025-12-24 21:29:23 /admin/exams/results ....................... ~ 500.61ms
  2025-12-24 21:33:26 /admin/exams/results ....................... ~ 500.41ms
  2025-12-24 21:34:31 /admin/exams/results ....................... ~ 500.84ms
  2025-12-24 21:37:17 /admin/exams/results ....................... ~ 501.07ms
  2025-12-24 21:42:46 /admin/exams/results ......................... ~ 0.50ms
  2025-12-24 21:43:42 /admin/exams/results ......................... ~ 0.16ms
  2025-12-24 21:44:48 /admin/exams/results ....................... ~ 500.60ms
  2025-12-24 21:45:43 / .......................................... ~ 500.59ms
  2025-12-24 21:45:43 /website/css/custom.css ...................... ~ 0.27ms
  2025-12-24 21:45:43 /website/css/bootstrap.min.css ............... ~ 0.53ms
  2025-12-24 21:45:43 /website/css/style.css ....................... ~ 1.41ms
  2025-12-24 21:45:43 /website/css/icofont.min.css ................. ~ 1.44ms
  2025-12-24 21:45:43 /website/css/meanmenu.min.css ................ ~ 0.92ms
  2025-12-24 21:45:43 /website/css/owl.carousel.min.css ............ ~ 0.11ms
  2025-12-24 21:45:43 /website/css/owl.theme.default.min.css ....... ~ 0.11ms
  2025-12-24 21:45:43 /website/css/animate.css ..................... ~ 0.17ms
  2025-12-24 21:45:43 /website/css/venobox.min.css ................. ~ 0.16ms
  2025-12-24 21:45:43 /website/css/responsive.css .................. ~ 0.12ms
  2025-12-24 21:45:43 /website/js/jquery-2.2.4.min.js .............. ~ 0.10ms
  2025-12-24 21:45:43 /website/js/popper.min.js .................... ~ 0.21ms
  2025-12-24 21:45:43 /website/js/bootstrap.min.js ................. ~ 0.17ms
  2025-12-24 21:45:43 /website/js/jquery.meanmenu.js ............... ~ 1.76ms
  2025-12-24 21:45:43 /website/js/jquery.sticky.js ................. ~ 0.19ms
  2025-12-24 21:45:43 /website/js/owl.carousel.min.js .............. ~ 0.24ms
  2025-12-24 21:45:43 /website/js/isotope.3.0.6.min.js ............. ~ 0.11ms
  2025-12-24 21:45:43 /website/js/venobox.min.js ................... ~ 0.14ms
  2025-12-24 21:45:43 /website/js/jquery.appear.js ................. ~ 0.14ms
  2025-12-24 21:45:43 /website/js/jquery.inview.min.js ............. ~ 0.14ms
  2025-12-24 21:45:43 /website/js/scrolltopcontrol.js .............. ~ 0.14ms
  2025-12-24 21:45:43 /website/js/wow.min.js ....................... ~ 0.19ms
  2025-12-24 21:45:43 /website/js/scripts.js ....................... ~ 2.01ms
  2025-12-24 21:45:46 /website/fonts/icofont.woff2 ................. ~ 0.27ms
  2025-12-24 21:45:46 /favicon.ico ................................. ~ 0.30ms
  2025-12-24 21:45:49 /login ....................................... ~ 0.30ms
  2025-12-24 21:45:49 /dashboard ................................. ~ 500.49ms
  2025-12-24 21:45:49 /admin/dashboard ............................. ~ 0.23ms
  2025-12-24 21:47:13 /admission ................................. ~ 500.57ms
  2025-12-24 21:49:51 /admin/dashboard ........................... ~ 500.43ms
  2025-12-24 22:00:55 /admin/exams/results ....................... ~ 501.03ms
  2025-12-24 22:02:54 /admin/exams/results ......................... ~ 0.59ms
  2025-12-24 22:02:54 /login ..................................... ~ 500.92ms
  2025-12-24 22:03:29 /admin/dashboard ........................... ~ 502.25ms
  2025-12-24 22:22:21 /admin/dashboard ................................. ~ 1s
  2025-12-24 22:23:42 /favicon.ico ................................. ~ 1.33ms
  2025-12-24 22:23:44 /assets/images/branding/skaas-schools-logo.png  ~ 3.11ms
  2025-12-24 22:24:09 .................................................. ~ 5s
  2025-12-24 22:24:20 /admin/exams/approval-queue ................ ~ 500.75ms
  2025-12-24 22:24:26 /admin/dashboard ........................... ~ 500.90ms
  2025-12-24 22:24:27 /build/assets/app-BuAiy87a.css ............... ~ 0.20ms
  2025-12-24 22:24:27 /build/assets/app-CIwfdflE.css ............... ~ 0.14ms
  2025-12-24 22:24:27 /build/assets/app-BtMGlBNi.js ................ ~ 0.14ms
  2025-12-24 22:24:28 /build/assets/Dashboard-C9NnJMrG.js .......... ~ 0.51ms
  2025-12-24 22:24:28 /build/assets/DefaultLayout-CZjYLiYR.js ...... ~ 1.61ms
  2025-12-24 22:24:28 /build/assets/Footer-Gje_vOTM.js ............. ~ 0.18ms
  2025-12-24 22:24:28 /build/assets/Footer-Dp49msI0.css ............ ~ 0.11ms
  2025-12-24 22:24:28 /build/assets/DefaultLayout-UfeXBpZ5.css ..... ~ 0.10ms
  2025-12-24 22:24:28 /build/assets/GreetingCard-Bg3aZOAr.js ....... ~ 0.17ms
  2025-12-24 22:24:28 /build/assets/GreetingCard-d-HuJ_xn.css ...... ~ 0.12ms
  2025-12-24 22:24:28 /favicon.ico ................................. ~ 0.09ms
  2025-12-24 22:24:29 /assets/images/branding/skaas-schools-logo.png  ~ 0.14ms
  2025-12-24 22:24:29 /build/assets/boxicons-CeGEncwm.woff2 ........ ~ 0.21ms
  2025-12-24 22:24:29 /build/assets/PublicSans-Regular-CcK-bgQZ.ttf  ~ 1.21ms
  2025-12-24 22:24:29 /build/assets/PublicSans-Bold-DEFlLvwJ.ttf ... ~ 0.58ms
  2025-12-24 22:24:29 /build/assets/PublicSans-SemiBold-C3mio3B6.ttf  ~ 0.18ms
  2025-12-24 22:24:29 /build/assets/PublicSans-Medium-DOt0zBLs.ttf . ~ 0.56ms
  2025-12-24 22:24:29 /build/assets/OnlineApplications-BArVHkIj.js . ~ 0.13ms
  2025-12-24 22:24:29 /build/assets/OnlineApplications-CZwoTwJe.css  ~ 0.12ms
  2025-12-24 22:24:29 /build/assets/Index-C1K6ru1x.js .............. ~ 0.09ms
  2025-12-24 22:24:29 /build/assets/Report-BKILL8YM.js ............. ~ 0.33ms
  2025-12-24 22:24:29 /build/assets/debounce-B-eNu6_e.js ........... ~ 0.13ms
  2025-12-24 22:24:29 /build/assets/ConfirmPassword-B2xDz2ia.js .... ~ 0.28ms
  2025-12-24 22:24:29 /build/assets/GuestLayout-CavBf92I.js ........ ~ 0.24ms
  2025-12-24 22:24:29 /build/assets/GuestLayout-D0pWnSgT.css ....... ~ 0.18ms
  2025-12-24 22:24:29 /build/assets/InputError-DsKubmnd.js ......... ~ 0.35ms
  2025-12-24 22:24:29 /build/assets/InputLabel-ClYBtuXY.js ......... ~ 0.25ms
  2025-12-24 22:24:29 /build/assets/PrimaryButton-Dx9Gs-QG.js ...... ~ 0.15ms
  2025-12-24 22:24:29 /build/assets/TextInput-DA-SaAlg.js .......... ~ 0.12ms
  2025-12-24 22:24:29 /build/assets/ForgotPassword-CeoOp5SB.js ..... ~ 0.73ms
  2025-12-24 22:24:29 /build/assets/Login-Cnx3K02r.js .............. ~ 0.22ms
  2025-12-24 22:24:29 /build/assets/Checkbox-BXLVFPzU.js ........... ~ 0.15ms
  2025-12-24 22:24:29 /build/assets/Register-D0Dgw8tC.js ........... ~ 0.10ms
  2025-12-24 22:24:29 /build/assets/ResetPassword-BnRLHvvj.js ...... ~ 0.31ms
  2025-12-24 22:24:29 /build/assets/VerifyEmail-CEyllq4_.js ........ ~ 0.37ms
  2025-12-24 22:24:29 /build/assets/Index-Cth74VPG.js .............. ~ 0.21ms
  2025-12-24 22:24:29 /build/assets/SchoolCalendar-DY8nyl9L.js ..... ~ 0.16ms
  2025-12-24 22:24:29 /build/assets/SchoolCalendar-qEf1aTuN.css .... ~ 0.12ms
  2025-12-24 22:24:29 /build/assets/Index-BnFyYwu-.js .............. ~ 0.21ms
  2025-12-24 22:24:29 /build/assets/index-RrlS12bl.js .............. ~ 0.26ms
  2025-12-24 22:24:29 /build/assets/Show-C73Oc_r3.js ............... ~ 0.32ms
  2025-12-24 22:24:29 /build/assets/Show-BI6oj0NI.css .............. ~ 0.33ms
  2025-12-24 22:24:29 /build/assets/Allowance-XkTQfaVo.js .......... ~ 0.12ms
  2025-12-24 22:24:29 /build/assets/BlogCategories-CCgqbyGc.js ..... ~ 0.28ms
  2025-12-24 22:24:29 /build/assets/Deduction-Dyfxj3kH.js .......... ~ 0.27ms
  2025-12-24 22:24:29 /build/assets/Divisions-BZrSsbnv.js .......... ~ 0.21ms
  2025-12-24 22:24:29 /build/assets/EmploymentStatuses-eHcENBDo.js . ~ 0.31ms
  2025-12-24 22:24:29 /build/assets/EmploymentTypes-Cmulbx6s.js .... ~ 0.18ms
  2025-12-24 22:24:29 /build/assets/Genders-Dpcn7ip6.js ............ ~ 0.08ms
  2025-12-24 22:24:29 /build/assets/Honorifics-CltRzArm.js ......... ~ 0.12ms
  2025-12-24 22:24:29 /build/assets/Income-ClC2jNPM.js ............. ~ 0.11ms
  2025-12-24 22:24:29 /build/assets/Index-CQSC8UHR.js .............. ~ 0.19ms
  2025-12-24 22:24:29 /build/assets/Index-hOtiuyDQ.css ............. ~ 0.16ms
  2025-12-24 22:24:29 /build/assets/JobTitles-D4Tm5TZ-.js .......... ~ 0.14ms
  2025-12-24 22:24:29 /build/assets/QualificationTypes-DMiCfoXn.js . ~ 0.19ms
  2025-12-24 22:24:29 /build/assets/Relationships-qX2ntCBL.js ...... ~ 0.11ms
  2025-12-24 22:24:29 /build/assets/Religions-CWXADSE1.js .......... ~ 0.22ms
  2025-12-24 22:24:29 /build/assets/SalaryGrade-mIvMsqFx.js ........ ~ 0.30ms
  2025-12-24 22:24:29 /build/assets/SalaryScale-BA53Uwg0.js ........ ~ 0.46ms
  2025-12-24 22:24:29 /build/assets/Streams-CHVLJG6Z.js ............ ~ 0.95ms
  2025-12-24 22:24:29 /build/assets/Subjects-Dyxg46-8.js ........... ~ 0.35ms
  2025-12-24 22:24:29 /build/assets/TeacherTitles-DxLFViBD.js ...... ~ 0.37ms
  2025-12-24 22:24:29 /build/assets/Dashboard-C9NnJMrG.js .......... ~ 0.18ms
  2025-12-24 22:24:29 /build/assets/GreetingCard-Bg3aZOAr.js ....... ~ 0.21ms
  2025-12-24 22:24:29 /build/assets/GreetingCard-d-HuJ_xn.css ...... ~ 0.15ms
  2025-12-24 22:24:29 /build/assets/AssignClasses-C6Yi1dZS.js ...... ~ 0.34ms
  2025-12-24 22:24:29 /build/assets/index-BOyi1N20.js .............. ~ 0.40ms
  2025-12-24 22:24:29 /build/assets/AssignClasses-DNa1Zu07.css ..... ~ 0.13ms
  2025-12-24 22:24:29 /build/assets/AssignSubjects-C0KN6maT.js ..... ~ 0.09ms
  2025-12-24 22:24:29 /build/assets/Edit-DHhmZKX6.js ............... ~ 0.15ms
  2025-12-24 22:24:29 /build/assets/Edit-BY4eCtR7.css .............. ~ 0.15ms
  2025-12-24 22:24:29 /build/assets/EmergencyContactAccordion-KBKOgGIV.js  ~ 0.35ms
  2025-12-24 22:24:29 /build/assets/EmployeeDataAccordion-BRZm9WBe.js  ~ 0.35ms
  2025-12-24 22:24:29 /build/assets/Index-Cevzn_6x.js .............. ~ 0.16ms
  2025-12-24 22:24:29 /build/assets/Modal-CIl0yhGf.js .............. ~ 0.45ms
  2025-12-24 22:24:29 /build/assets/Dropdown-DHpTL3PX.js ........... ~ 0.23ms
  2025-12-24 22:24:29 /build/assets/Index-CCa_qaaw.css ............. ~ 0.19ms
  2025-12-24 22:24:29 /build/assets/Index-CUnuMXru.js .............. ~ 2.41ms
  2025-12-24 22:24:29 /build/assets/Index-gehn0z9Y.css ............. ~ 0.82ms
  2025-12-24 22:24:29 /build/assets/QualificationDetailAccordion-Czk5LLlY.js  ~ 0.38ms
  2025-12-24 22:24:29 /build/assets/Show-BsTpOem4.js ............... ~ 0.10ms
  2025-12-24 22:24:29 /build/assets/Create-CP9_0-ri.js ............. ~ 0.13ms
  2025-12-24 22:24:29 /build/assets/Create-Kc1s9BP_.css ............ ~ 0.21ms
  2025-12-24 22:24:29 /build/assets/Edit-DcpGXECV.js ............... ~ 0.21ms
  2025-12-24 22:24:29 /build/assets/Edit-BXvpM3JB.css .............. ~ 0.31ms
  2025-12-24 22:24:29 /build/assets/Index-DnJnRz9v.js .............. ~ 0.23ms
  2025-12-24 22:24:29 /build/assets/Show-mDdoVPIt.js ............... ~ 0.34ms
  2025-12-24 22:24:29 /build/assets/Show-BcbfK-aJ.css .............. ~ 0.27ms
  2025-12-24 22:24:29 /build/assets/WorkHistoryAccordion-ZWuY2NU9.js  ~ 0.23ms
  2025-12-24 22:24:29 /build/assets/FeeBalance-DEj5xCZI.js ......... ~ 0.15ms
  2025-12-24 22:24:29 /build/assets/FeeBalance-VxAQu3JP.css ........ ~ 0.16ms
  2025-12-24 22:24:29 /build/assets/FeeReport-C63p46Om.js .......... ~ 0.20ms
  2025-12-24 22:24:29 /build/assets/FeeReport-8VCRTbjL.css ......... ~ 0.21ms
  2025-12-24 22:24:29 /build/assets/Create-BD8UDbLO.js ............. ~ 0.16ms
  2025-12-24 22:24:29 /build/assets/Create-v8Xhr7wC.css ............ ~ 0.17ms
  2025-12-24 22:24:29 /build/assets/Edit-BZDc2bqR.js ............... ~ 0.21ms
  2025-12-24 22:24:29 /build/assets/Edit-BHrrC4kE.css .............. ~ 0.18ms
  2025-12-24 22:24:29 /build/assets/Index-DG05Mu3A.js .............. ~ 0.18ms
  2025-12-24 22:24:29 /build/assets/Index-B3zSWBtC.css ............. ~ 0.20ms
  2025-12-24 22:24:29 /build/assets/Index-CnWNm9u6.js .............. ~ 0.24ms
  2025-12-24 22:24:29 /build/assets/Index-Doodeb1f.css ............. ~ 0.27ms
  2025-12-24 22:24:29 /build/assets/PaymentHistory-BFDsZqMG.js ..... ~ 0.17ms
  2025-12-24 22:24:29 /build/assets/PaymentHistory-BJycJNMh.css .... ~ 0.11ms
  2025-12-24 22:24:29 /build/assets/Reports-bdfFfy8K.js ............ ~ 0.15ms
  2025-12-24 22:24:29 /build/assets/chart-BR_H7_9u.js .............. ~ 0.13ms
  2025-12-24 22:24:29 /build/assets/CollectionReport-C_EDT3OJ.js ... ~ 0.12ms
  2025-12-24 22:24:29 /build/assets/CollectionReport-DYb6BmdP.css .. ~ 0.16ms
  2025-12-24 22:24:29 /build/assets/Overview-wkEMBo9R.js ........... ~ 0.13ms
  2025-12-24 22:24:29 /build/assets/TransferFunds-zsPbkj8c.js ...... ~ 0.31ms
  2025-12-24 22:24:29 /build/assets/TransferFunds-CH4O_5Wh.css ..... ~ 0.16ms
  2025-12-24 22:24:29 /build/assets/TransferHistory-C-XdWg-J.js .... ~ 0.15ms
  2025-12-24 22:24:29 /build/assets/TransferHistory-Cpner_fp.css ... ~ 0.16ms
  2025-12-24 22:24:29 /build/assets/VerifyPayment-3DgANU4T.js ...... ~ 0.16ms
  2025-12-24 22:24:29 /build/assets/VerifyPayment-DoPr7nd5.css ..... ~ 0.15ms
  2025-12-24 22:24:29 /build/assets/Index-DSCgecPh.js .............. ~ 0.24ms
  2025-12-24 22:24:29 /build/assets/Create-DDBj6UDa.js ............. ~ 0.37ms
  2025-12-24 22:24:29 /build/assets/Index-DGD2W0PO.js .............. ~ 0.21ms
  2025-12-24 22:24:29 /build/assets/Index-CTLxQcaM.js .............. ~ 0.44ms
  2025-12-24 22:24:29 /build/assets/Assignments-DT22ddaR.js ........ ~ 0.15ms
  2025-12-24 22:24:29 /build/assets/Assignments-E-S82EKF.css ....... ~ 0.13ms
  2025-12-24 22:24:29 /build/assets/Classes-p4lrpihy.js ............ ~ 0.33ms
  2025-12-24 22:24:29 /build/assets/Classes-fTwbkkVc.css ........... ~ 0.20ms
  2025-12-24 22:24:29 /build/assets/Materials-sbKBAMcb.js .......... ~ 0.28ms
  2025-12-24 22:24:29 /build/assets/Materials-C0tM08BT.css ......... ~ 0.23ms
  2025-12-24 22:24:29 /build/assets/Submissions-BHzKflBE.js ........ ~ 0.24ms
  2025-12-24 22:24:29 /build/assets/Submissions-tVJZ77wn.css ....... ~ 0.24ms
  2025-12-24 22:24:29 /build/assets/Index-BHo6e6BB.js .............. ~ 0.37ms
  2025-12-24 22:24:29 /build/assets/AllStaff-CEG8MeCP.js ........... ~ 0.33ms
  2025-12-24 22:24:29 /build/assets/AllStudents-B1qxomX-.js ........ ~ 0.20ms
  2025-12-24 22:24:29 /build/assets/Index-CxUnJcRk.js .............. ~ 0.20ms
  2025-12-24 22:24:29 /build/assets/index-DHXAGmwn.css ............. ~ 0.16ms
  2025-12-24 22:24:29 /build/assets/StaffAttendance-BlbCgwVq.js .... ~ 0.20ms
  2025-12-24 22:24:29 /build/assets/Index-Blhj00Jh.js .............. ~ 0.28ms
  2025-12-24 22:24:29 /build/assets/AcademicYears-C3Z6zYt7.js ...... ~ 2.12ms
  2025-12-24 22:24:29 /build/assets/Create-pEX67v2i.js ............. ~ 0.78ms
  2025-12-24 22:24:29 /build/assets/Create-DCBl5WcC.css ............ ~ 0.21ms
  2025-12-24 22:24:29 /build/assets/Index-CYXJuguz.js .............. ~ 0.36ms
  2025-12-24 22:24:29 /build/assets/Create-DKKzBbv1.js ............. ~ 0.10ms
  2025-12-24 22:24:29 /build/assets/Create-C8kjwkFB.css ............ ~ 0.22ms
  2025-12-24 22:24:29 /build/assets/Edit-CQ8R9h6L.js ............... ~ 0.15ms
  2025-12-24 22:24:29 /build/assets/Edit-ujsFgBVD.css .............. ~ 0.12ms
  2025-12-24 22:24:29 /build/assets/Index-B0SZwK5Q.js .............. ~ 0.09ms
  2025-12-24 22:24:29 /build/assets/Index-CyoEYGUx.css ............. ~ 0.10ms
  2025-12-24 22:24:29 /build/assets/Show-DiKYopt-.js ............... ~ 0.07ms
  2025-12-24 22:24:29 /build/assets/Show-Bq3C96w7.css .............. ~ 0.18ms
  2025-12-24 22:24:29 /build/assets/Index-q-5sIyN4.js .............. ~ 0.16ms
  2025-12-24 22:24:29 /build/assets/Index-BNCCPdWN.js .............. ~ 0.16ms
  2025-12-24 22:24:29 /build/assets/Index-DI0SQ82Y.js .............. ~ 0.28ms
  2025-12-24 22:24:29 /build/assets/Blogs-ChW2ryaj.js .............. ~ 0.48ms
  2025-12-24 22:24:29 /build/assets/Editor-l0e1ol0h.js ............. ~ 0.20ms
  2025-12-24 22:24:30 /build/assets/Editor-DCiBGPfP.css ............ ~ 0.17ms
  2025-12-24 22:24:30 /build/assets/Careers-h7IkThwV.js ............ ~ 0.23ms
  2025-12-24 22:24:30 /build/assets/Index-DELBBwgx.js .............. ~ 1.16ms
  2025-12-24 22:24:30 /build/assets/Index-DJ9xZC-1.css ............. ~ 0.27ms
  2025-12-24 22:24:30 /build/assets/Buttons-EoAOPCCs.js ............ ~ 0.33ms
  2025-12-24 22:24:30 /build/assets/Buttons-DHNf4XXu.css ........... ~ 0.25ms
  2025-12-24 22:24:30 /build/assets/Colors-COl9VYjW.js ............. ~ 0.12ms
  2025-12-24 22:24:30 /build/assets/Index-BQ_vkt5F.js .............. ~ 0.37ms
  2025-12-24 22:24:30 /build/assets/Index-CEPBEXi6.css ............. ~ 0.19ms
  2025-12-24 22:24:30 /build/assets/Index-8FvxowY2.js .............. ~ 0.19ms
  2025-12-24 22:24:30 /build/assets/Index-BeCjOJb2.js .............. ~ 0.23ms
  2025-12-24 22:24:30 /build/assets/Create-DcAZ29PZ.js ............. ~ 0.13ms
  2025-12-24 22:24:30 /build/assets/Create-Co4pdLcW.css ............ ~ 0.89ms
  2025-12-24 22:24:30 /build/assets/Edit-DDr0UUkI.js ............... ~ 0.08ms
  2025-12-24 22:24:30 /build/assets/Edit-CQCm6wpr.css .............. ~ 0.41ms
  2025-12-24 22:24:30 /build/assets/Index-be_eswSK.js .............. ~ 0.18ms
  2025-12-24 22:24:30 /build/assets/ManagePageSections-Dc9BkDyC.js . ~ 0.53ms
  2025-12-24 22:24:30 /build/assets/ManagePageSections-Bn7DDJFs.css  ~ 0.24ms
  2025-12-24 22:24:30 /build/assets/Index-Ca8B0tbn.js .............. ~ 0.39ms
  2025-12-24 22:24:30 /build/assets/Login-CLNllQkD.js .............. ~ 0.31ms
  2025-12-24 22:24:30 /build/assets/Dashboard-Cjy_u_55.js .......... ~ 2.17ms
  2025-12-24 22:24:30 /build/assets/AssignClasses-B7CqsFCz.js ...... ~ 0.24ms
  2025-12-24 22:24:30 /build/assets/AssignClasses-BpmGkGfR.css ..... ~ 0.20ms
  2025-12-24 22:24:30 /build/assets/Index-CnNVnwzF.js .............. ~ 0.13ms
  2025-12-24 22:24:30 /build/assets/Functions-DBdvPDQ4.js .......... ~ 0.13ms
  2025-12-24 22:24:30 /build/assets/MarkAttendance-DsKdq_Zo.js ..... ~ 0.25ms
  2025-12-24 22:24:30 /build/assets/Report-gQ1t-fxO.js ............. ~ 0.27ms
  2025-12-24 22:24:30 /build/assets/Login-DcmN2gd4.js .............. ~ 0.36ms
  2025-12-24 22:24:30 /build/assets/Login-C4dk7bUa.css ............. ~ 0.29ms
  2025-12-24 22:24:30 /build/assets/Index-C_2UmDP3.js .............. ~ 0.24ms
  2025-12-24 22:24:30 /build/assets/Dashboard-BuxpuPk2.js .......... ~ 0.21ms
  2025-12-24 22:24:30 /build/assets/Dashboard-DMZbz74x.css ......... ~ 0.18ms
  2025-12-24 22:24:30 /build/assets/EnterMarks-B0LnR8dI.js ......... ~ 0.21ms
  2025-12-24 22:24:30 /build/assets/EnterMarks-DwL5Vpbu.css ........ ~ 0.10ms
  2025-12-24 22:24:30 /build/assets/SubmittedMarks-72CkkRlt.js ..... ~ 0.10ms
  2025-12-24 22:24:30 /build/assets/SubmittedMarks-CTHh4nKk.css .... ~ 0.15ms
  2025-12-24 22:24:30 /build/assets/Index-Wp4DaDQy.js .............. ~ 0.11ms
  2025-12-24 22:24:30 /build/assets/Index-bfWcpLwP.css ............. ~ 0.08ms
  2025-12-24 22:24:30 /build/assets/EmergencyContacts-MAWgNgin.js .. ~ 0.08ms
  2025-12-24 22:24:30 /build/assets/EmployeeDetails-Ch0faZ6F.js .... ~ 0.07ms
  2025-12-24 22:24:30 /build/assets/Qualifications-DHq6skGy.js ..... ~ 0.09ms
  2025-12-24 22:24:30 /build/assets/UpdatePassword-DrnVHBT3.js ..... ~ 0.21ms
  2025-12-24 22:24:30 /build/assets/UpdatePassword-BJM0g8p3.css .... ~ 0.21ms
  2025-12-24 22:24:30 /build/assets/WorkHistories-B1KYJojb.js ...... ~ 0.12ms
  2025-12-24 22:24:30 /build/assets/Index-CuXYCp-x.js .............. ~ 0.15ms
  2025-12-24 22:24:30 /build/assets/Index-CQSrs7sh.css ............. ~ 0.23ms
  2025-12-24 22:24:30 /build/assets/Index-GWBMYpTf.js .............. ~ 0.59ms
  2025-12-24 22:24:30 /build/assets/Index-QeIx4N54.js .............. ~ 0.14ms
  2025-12-24 22:24:30 /build/assets/ApprovalQueue-M7-EHw7H.js ...... ~ 0.16ms
  2025-12-24 22:24:30 /build/assets/ApprovalQueue-Dj6kgcRy.css ..... ~ 0.23ms
  2025-12-24 22:24:30 /build/assets/Index-BKvMkuWg.js .............. ~ 0.09ms
  2025-12-24 22:24:30 /build/assets/Index-Cm38Iza_.js .............. ~ 0.15ms
  2025-12-24 22:24:30 /build/assets/PayrollAdjustment-OlFbbvh1.js .. ~ 0.45ms
  2025-12-24 22:24:30 /build/assets/iziToast-DzHbHxGk.js ........... ~ 0.26ms
  2025-12-24 22:24:30 /build/assets/PayrollAdjustmentAllowance-MNHHFOrs.js  ~ 0.19ms
  2025-12-24 22:24:30 /build/assets/PayrollAdjustmentDeduction-CKVrvmuS.js  ~ 0.45ms
  2025-12-24 22:24:30 /build/assets/PayrollDetails-BWhAgiXX.js ..... ~ 0.12ms
  2025-12-24 22:24:30 /build/assets/PayrollRun-BCNDlJY0.js ......... ~ 0.19ms
  2025-12-24 22:24:30 /build/assets/Edit-B1HGmJFl.js ............... ~ 0.16ms
  2025-12-24 22:24:30 /build/assets/SecondaryButton-CIWECRtD.js .... ~ 0.27ms
  2025-12-24 22:24:30 /build/assets/Index-DknNErSI.js .............. ~ 0.20ms
  2025-12-24 22:24:30 /build/assets/DeleteUserForm-BEkImKK2.js ..... ~ 0.98ms
  2025-12-24 22:24:30 /build/assets/UpdatePasswordForm-Cl5FQvW5.js . ~ 0.09ms
  2025-12-24 22:24:30 /build/assets/UpdateProfileInformationForm-CNp0Bjwh.js  ~ 0.07ms
  2025-12-24 22:24:30 /build/assets/Index-DM69dNGo.js .............. ~ 0.08ms
  2025-12-24 22:24:30 /build/assets/Index-Bdx268IB.css ............. ~ 0.07ms
  2025-12-24 22:24:30 /build/assets/Success-DBBxY3Bu.js ............ ~ 0.08ms
  2025-12-24 22:24:30 /build/assets/Success-r-hqeCiF.css ........... ~ 0.08ms
  2025-12-24 22:24:30 /build/assets/Track-Cv5MEkSS.js .............. ~ 0.08ms
  2025-12-24 22:24:30 /build/assets/Track-L7omozRj.css ............. ~ 0.16ms
  2025-12-24 22:24:30 /build/assets/TrackingForm-cYk5MIon.js ....... ~ 0.24ms
  2025-12-24 22:24:30 /build/assets/TrackingForm-BbDMoIBK.css ...... ~ 0.43ms
  2025-12-24 22:24:30 /build/assets/Index-CrPuMe4a.js .............. ~ 1.43ms
  2025-12-24 22:24:30 /build/assets/StudentLayout-m5xoRKOH.js ...... ~ 0.57ms
  2025-12-24 22:24:30 /build/assets/StudentLayout-OSj59oVD.css ..... ~ 0.27ms
  2025-12-24 22:24:30 /build/assets/ChangePassword-CeCL_1-u.js ..... ~ 0.26ms
  2025-12-24 22:24:30 /build/assets/Index-ZrZR0rlx.js .............. ~ 0.19ms
  2025-12-24 22:24:30 /build/assets/Dashboard-CadrW6ck.js .......... ~ 1.53ms
  2025-12-24 22:24:30 /build/assets/Dashboard-XybeFVte.css ......... ~ 1.51ms
  2025-12-24 22:24:30 /build/assets/Index-I-d16tnj.js .............. ~ 0.20ms
  2025-12-24 22:24:30 /build/assets/Assignments-BOxfcwE2.js ........ ~ 0.15ms
  2025-12-24 22:24:30 /build/assets/Assignments-BdxcnUAt.css ....... ~ 0.26ms
  2025-12-24 22:24:30 /build/assets/Classes-CoeCR3N4.js ............ ~ 0.27ms
  2025-12-24 22:24:30 /build/assets/Classes-CYXZVLji.css ........... ~ 0.32ms
  2025-12-24 22:24:30 /build/assets/Dashboard-NnYKRjwh.js .......... ~ 0.24ms
  2025-12-24 22:24:30 /build/assets/Dashboard-Df8LdpHi.css ......... ~ 0.33ms
  2025-12-24 22:24:30 /build/assets/Materials-NH0c_9Vk.js .......... ~ 0.19ms
  2025-12-24 22:24:30 /build/assets/Materials-D_KfWPSc.css ......... ~ 0.28ms
  2025-12-24 22:24:30 /build/assets/Index-DBuhXfuU.js .............. ~ 0.10ms
  2025-12-24 22:24:30 /build/assets/Edit-Bpn9BUuD.js ............... ~ 0.40ms
  2025-12-24 22:24:30 /build/assets/Edit-C4P7t_N1.css .............. ~ 0.09ms
  2025-12-24 22:24:30 /build/assets/Index-Db44Mj__.js .............. ~ 0.16ms
  2025-12-24 22:24:30 /build/assets/Show-Qtozdjv1.js ............... ~ 0.09ms
  2025-12-24 22:24:30 /build/assets/MyTimetable-GtIRky_P.js ........ ~ 0.09ms
  2025-12-24 22:24:30 /build/assets/MyTimetable-DCklv2Sq.css ....... ~ 0.09ms
  2025-12-24 22:24:30 /build/assets/Generate-DR4yFReU.js ........... ~ 0.25ms
  2025-12-24 22:24:30 /build/assets/Periods-BbsM6Fh-.js ............ ~ 0.29ms
  2025-12-24 22:24:30 /build/assets/Constraints-BZS0SRTT.css ....... ~ 1.63ms
  2025-12-24 22:24:30 /build/assets/Constraints-9gtMvr79.js ........ ~ 2.63ms
  2025-12-24 22:24:30 /build/assets/SubjectAllocation-Z6UcFIJy.js .. ~ 0.16ms
  2025-12-24 22:24:30 /build/assets/SubjectAllocation-LlDamDcb.css . ~ 0.25ms
  2025-12-24 22:24:30 /build/assets/ClassTimetable-Dcw09Z05.js ..... ~ 0.23ms
  2025-12-24 22:24:30 /build/assets/ClassTimetable-DKnYbDuK.css .... ~ 0.24ms
  2025-12-24 22:24:30 /build/assets/Welcome-D3MSiuFg.js ............ ~ 0.66ms
  2025-12-24 22:24:30 /build/assets/TeacherTimetable-lTjm-Wt8.js ... ~ 1.30ms
  2025-12-24 22:24:30 /build/assets/DefaultLayout-CZjYLiYR.js ...... ~ 0.13ms
  2025-12-24 22:24:30 /build/assets/DefaultLayout-UfeXBpZ5.css ..... ~ 0.11ms
  2025-12-24 22:24:30 /build/assets/Pagination-ECRwH47T.js ......... ~ 0.12ms
  2025-12-24 22:24:30 /build/assets/Pagination-BbeKvaSo.css ........ ~ 0.08ms
  2025-12-24 22:24:30 /build/assets/lodash-BWuwFB3v.js ............. ~ 0.08ms
  2025-12-24 22:24:30 /build/assets/Footer-Gje_vOTM.js ............. ~ 0.07ms
  2025-12-24 22:24:30 /build/assets/Footer-Dp49msI0.css ............ ~ 0.10ms
  2025-12-24 22:24:31 /admin/exams/approval-queue ...................... ~ 2s
  2025-12-24 22:24:34 /build/assets/ApprovalQueue-M7-EHw7H.js ...... ~ 0.25ms
  2025-12-24 22:24:34 /build/assets/ApprovalQueue-Dj6kgcRy.css ..... ~ 0.22ms
  2025-12-24 22:24:34 /admin/exams/approval-queue/pending-submissions  ~ 0.51ms
  2025-12-24 22:24:34 /admin/exams/approval-queue/stats ............ ~ 0.44ms
  2025-12-24 22:24:37 /admin/exams/approval-queue/approved-submissions  ~ 500.42ms
  2025-12-24 22:25:13 /admin/exams/results ....................... ~ 501.03ms
  2025-12-24 22:25:14 /build/assets/Index-CuXYCp-x.js .............. ~ 0.23ms
  2025-12-24 22:25:14 /build/assets/index-BOyi1N20.js .............. ~ 0.16ms
  2025-12-24 22:25:14 /build/assets/Index-CQSrs7sh.css ............. ~ 0.55ms
  2025-12-24 22:25:14 /build/assets/index-DHXAGmwn.css ............. ~ 0.22ms
  2025-12-24 22:25:25 /datatable/enrolled-students ................. ~ 0.80ms
  2025-12-24 22:25:25 /datatable/exam-subjects ................... ~ 500.61ms
  2025-12-24 22:25:26 /build/assets/PublicSans-Italic-CJ7-AYW_.ttf . ~ 0.11ms
  2025-12-24 22:25:26 /datatable/exam-marks ............................ ~ 1s
  2025-12-24 22:25:31 /build/assets/PublicSans-SemiBoldItalic-CDqDo_5f.ttf  ~ 0.44ms
  2025-12-24 22:25:41 /admin/exams/generate-bulk-report ............ ~ 0.23ms
  2025-12-24 22:28:09 /admin/employees ................................. ~ 5s
  2025-12-24 22:28:14 /build/assets/Index-Cevzn_6x.js .............. ~ 0.15ms
  2025-12-24 22:28:14 /build/assets/lodash-BWuwFB3v.js ............. ~ 0.16ms
  2025-12-24 22:28:14 /build/assets/Modal-CIl0yhGf.js .............. ~ 1.10ms
  2025-12-24 22:28:14 /build/assets/Dropdown-DHpTL3PX.js ........... ~ 0.11ms
  2025-12-24 22:28:14 /build/assets/Index-CCa_qaaw.css ............. ~ 0.11ms
  2025-12-24 22:28:21 /admin/employees ........................... ~ 500.95ms
  2025-12-24 22:28:21 /admin/employees ............................. ~ 0.21ms
  2025-12-24 22:28:30 /logout .......................................... ~ 2s
  2025-12-24 22:28:32 /login ....................................... ~ 0.28ms
  2025-12-24 22:28:33 /build/assets/Login-CLNllQkD.js .............. ~ 0.19ms
  2025-12-24 22:28:33 /build/assets/Checkbox-BXLVFPzU.js ........... ~ 1.24ms
  2025-12-24 22:28:33 /build/assets/GuestLayout-CavBf92I.js ........ ~ 0.30ms
  2025-12-24 22:28:33 /build/assets/GuestLayout-D0pWnSgT.css ....... ~ 0.19ms
  2025-12-24 22:28:33 /images/ecobiz_logo_new.jpeg ................. ~ 0.21ms
  2025-12-24 22:28:45 /login ..................................... ~ 501.09ms
  2025-12-24 22:28:46 /employee/dashboard .......................... ~ 0.12ms
  2025-12-24 22:28:46 /build/assets/Dashboard-BuxpuPk2.js .......... ~ 0.28ms
  2025-12-24 22:28:46 /build/assets/Dashboard-DMZbz74x.css ......... ~ 1.43ms
  2025-12-24 22:28:46 /employee/dashboard-statistics ............... ~ 0.44ms
  2025-12-24 22:28:46 /employee/recent-activity .................... ~ 0.12ms
  2025-12-24 22:29:09 /employee/exams/enter-marks ...................... ~ 4s
  2025-12-24 22:29:13 /build/assets/EnterMarks-B0LnR8dI.js ......... ~ 0.31ms
  2025-12-24 22:29:13 /build/assets/EnterMarks-DwL5Vpbu.css ........ ~ 0.59ms
  2025-12-24 22:29:13 /employee/datatable/exams .................. ~ 502.06ms
  2025-12-24 22:29:14 /employee/classes ............................ ~ 0.70ms
  2025-12-24 22:29:14 /build/assets/PublicSans-MediumItalic-DuodZiUi.ttf  ~ 9.26ms
  2025-12-24 22:29:22 /employee/subjects ......................... ~ 501.67ms
  2025-12-24 22:29:33 /employee/exams/enrolled-students ............ ~ 0.20ms
  2025-12-24 22:29:34 /employee/exams/existing-marks ............. ~ 500.89ms
  2025-12-24 22:29:34 /build/assets/PublicSans-BoldItalic-BaH7kqXb.ttf  ~ 0.80ms
  2025-12-24 22:29:34 /employee/exam-subject-skills ................ ~ 0.38ms
  2025-12-24 22:30:26 /employee/exams/save-marks ................. ~ 500.90ms
  2025-12-24 22:30:26 /employee/exams/enter-marks .................. ~ 0.15ms
  2025-12-24 22:31:08 /employee/exams/save-marks ................... ~ 0.26ms
  2025-12-24 22:31:09 /employee/exams/enter-marks .................. ~ 0.11ms
  2025-12-24 22:31:32 /employee/exams/save-marks ................. ~ 500.56ms
  2025-12-24 22:31:32 /employee/exams/enter-marks .................. ~ 0.16ms
  2025-12-24 22:54:42 /employee/exams/enter-marks ................ ~ 500.52ms
  2025-12-24 22:54:42 /build/assets/app-BuAiy87a.css ............... ~ 0.11ms
  2025-12-24 22:54:42 /build/assets/app-CIwfdflE.css ............... ~ 0.10ms
  2025-12-24 22:54:42 /build/assets/app-BtMGlBNi.js ................ ~ 0.12ms
  2025-12-24 22:54:44 /build/assets/EnterMarks-B0LnR8dI.js ......... ~ 0.57ms
  2025-12-24 22:54:44 /build/assets/DefaultLayout-CZjYLiYR.js ...... ~ 0.30ms
  2025-12-24 22:54:44 /build/assets/Footer-Gje_vOTM.js ............. ~ 0.34ms
  2025-12-24 22:54:44 /build/assets/Footer-Dp49msI0.css ............ ~ 0.24ms
  2025-12-24 22:54:44 /build/assets/DefaultLayout-UfeXBpZ5.css ..... ~ 0.44ms
  2025-12-24 22:54:44 /build/assets/index-BOyi1N20.js .............. ~ 0.34ms
  2025-12-24 22:54:44 /build/assets/EnterMarks-DwL5Vpbu.css ........ ~ 0.37ms
  2025-12-24 22:54:44 /favicon.ico ................................. ~ 0.33ms
  2025-12-24 22:54:44 /assets/images/branding/skaas-schools-logo.png  ~ 0.20ms
  2025-12-24 22:54:44 /employee/datatable/exams .................. ~ 501.51ms
  2025-12-24 22:54:45 /employee/classes ............................ ~ 0.50ms
  2025-12-24 22:54:45 /build/assets/boxicons-CeGEncwm.woff2 ........ ~ 4.36ms
  2025-12-24 22:54:45 /build/assets/PublicSans-Medium-DOt0zBLs.ttf . ~ 2.37ms
  2025-12-24 22:54:45 /build/assets/PublicSans-Regular-CcK-bgQZ.ttf  ~ 3.24ms
  2025-12-24 22:54:45 /build/assets/PublicSans-MediumItalic-DuodZiUi.ttf  ~ 3.58ms
  2025-12-24 22:54:45 /build/assets/OnlineApplications-BArVHkIj.js . ~ 4.31ms
  2025-12-24 22:54:45 /build/assets/OnlineApplications-CZwoTwJe.css  ~ 3.04ms
  2025-12-24 22:54:45 /build/assets/Index-C1K6ru1x.js .............. ~ 0.28ms
  2025-12-24 22:54:45 /build/assets/Report-BKILL8YM.js ............. ~ 0.50ms
  2025-12-24 22:54:45 /build/assets/debounce-B-eNu6_e.js ........... ~ 3.24ms
  2025-12-24 22:54:45 /build/assets/ConfirmPassword-B2xDz2ia.js .... ~ 4.87ms
  2025-12-24 22:54:45 /build/assets/GuestLayout-CavBf92I.js ........ ~ 0.12ms
  2025-12-24 22:54:45 /build/assets/GuestLayout-D0pWnSgT.css ....... ~ 0.14ms
  2025-12-24 22:54:45 /build/assets/InputError-DsKubmnd.js ......... ~ 0.22ms
  2025-12-24 22:54:45 /build/assets/InputLabel-ClYBtuXY.js ......... ~ 0.08ms
  2025-12-24 22:54:45 /build/assets/PrimaryButton-Dx9Gs-QG.js ...... ~ 0.14ms
  2025-12-24 22:54:45 /build/assets/TextInput-DA-SaAlg.js .......... ~ 0.10ms
  2025-12-24 22:54:45 /build/assets/ForgotPassword-CeoOp5SB.js ..... ~ 0.10ms
  2025-12-24 22:54:45 /build/assets/Login-Cnx3K02r.js .............. ~ 0.20ms
  2025-12-24 22:54:45 /build/assets/Checkbox-BXLVFPzU.js ........... ~ 0.18ms
  2025-12-24 22:54:45 /build/assets/Register-D0Dgw8tC.js ........... ~ 0.34ms
  2025-12-24 22:54:45 /build/assets/ResetPassword-BnRLHvvj.js ...... ~ 0.32ms
  2025-12-24 22:54:45 /build/assets/VerifyEmail-CEyllq4_.js ........ ~ 0.35ms
  2025-12-24 22:54:45 /build/assets/Index-Cth74VPG.js .............. ~ 0.17ms
  2025-12-24 22:54:45 /build/assets/SchoolCalendar-DY8nyl9L.js ..... ~ 0.11ms
  2025-12-24 22:54:45 /build/assets/SchoolCalendar-qEf1aTuN.css .... ~ 0.10ms
  2025-12-24 22:54:45 /build/assets/Index-BnFyYwu-.js .............. ~ 0.09ms
  2025-12-24 22:54:45 /build/assets/index-RrlS12bl.js .............. ~ 0.12ms
  2025-12-24 22:54:45 /build/assets/Show-C73Oc_r3.js ............... ~ 0.12ms
  2025-12-24 22:54:45 /build/assets/Show-BI6oj0NI.css .............. ~ 0.12ms
  2025-12-24 22:54:45 /build/assets/Allowance-XkTQfaVo.js .......... ~ 0.20ms
  2025-12-24 22:54:45 /build/assets/BlogCategories-CCgqbyGc.js ..... ~ 0.35ms
  2025-12-24 22:54:45 /build/assets/Deduction-Dyfxj3kH.js .......... ~ 0.28ms
  2025-12-24 22:54:45 /build/assets/Divisions-BZrSsbnv.js .......... ~ 0.17ms
  2025-12-24 22:54:46 /build/assets/EmploymentStatuses-eHcENBDo.js . ~ 0.63ms
  2025-12-24 22:54:46 /build/assets/EmploymentTypes-Cmulbx6s.js .... ~ 0.49ms
  2025-12-24 22:54:46 /build/assets/Genders-Dpcn7ip6.js ............ ~ 0.26ms
  2025-12-24 22:54:46 /build/assets/Honorifics-CltRzArm.js ......... ~ 0.19ms
  2025-12-24 22:54:46 /build/assets/Income-ClC2jNPM.js ............. ~ 0.10ms
  2025-12-24 22:54:46 /build/assets/Index-CQSC8UHR.js .............. ~ 0.13ms
  2025-12-24 22:54:46 /build/assets/Index-hOtiuyDQ.css ............. ~ 0.10ms
  2025-12-24 22:54:46 /build/assets/JobTitles-D4Tm5TZ-.js .......... ~ 0.12ms
  2025-12-24 22:54:46 /build/assets/QualificationTypes-DMiCfoXn.js . ~ 0.09ms
  2025-12-24 22:54:46 /build/assets/Relationships-qX2ntCBL.js ...... ~ 0.10ms
  2025-12-24 22:54:46 /build/assets/Religions-CWXADSE1.js .......... ~ 0.21ms
  2025-12-24 22:54:46 /build/assets/SalaryGrade-mIvMsqFx.js ........ ~ 0.26ms
  2025-12-24 22:54:46 /build/assets/SalaryScale-BA53Uwg0.js ........ ~ 0.22ms
  2025-12-24 22:54:46 /build/assets/Streams-CHVLJG6Z.js ............ ~ 0.37ms
  2025-12-24 22:54:46 /build/assets/Subjects-Dyxg46-8.js ........... ~ 0.17ms
  2025-12-24 22:54:46 /build/assets/TeacherTitles-DxLFViBD.js ...... ~ 0.38ms
  2025-12-24 22:54:46 /build/assets/Dashboard-C9NnJMrG.js .......... ~ 0.38ms
  2025-12-24 22:54:46 /build/assets/GreetingCard-Bg3aZOAr.js ....... ~ 0.14ms
  2025-12-24 22:54:46 /build/assets/GreetingCard-d-HuJ_xn.css ...... ~ 0.15ms
  2025-12-24 22:54:46 /build/assets/AssignClasses-C6Yi1dZS.js ...... ~ 0.09ms
  2025-12-24 22:54:46 /build/assets/index-BOyi1N20.js .............. ~ 0.12ms
  2025-12-24 22:54:46 /build/assets/AssignClasses-DNa1Zu07.css ..... ~ 0.11ms
  2025-12-24 22:54:46 /build/assets/AssignSubjects-C0KN6maT.js ..... ~ 0.11ms
  2025-12-24 22:54:46 /build/assets/Edit-DHhmZKX6.js ............... ~ 0.61ms
  2025-12-24 22:54:46 /build/assets/Edit-BY4eCtR7.css .............. ~ 0.33ms
  2025-12-24 22:54:46 /build/assets/EmergencyContactAccordion-KBKOgGIV.js  ~ 0.15ms
  2025-12-24 22:54:46 /build/assets/EmployeeDataAccordion-BRZm9WBe.js  ~ 0.23ms
  2025-12-24 22:54:46 /build/assets/Index-Cevzn_6x.js .............. ~ 0.42ms
  2025-12-24 22:54:46 /build/assets/Modal-CIl0yhGf.js .............. ~ 0.30ms
  2025-12-24 22:54:46 /build/assets/Dropdown-DHpTL3PX.js ........... ~ 0.19ms
  2025-12-24 22:54:46 /build/assets/Index-CCa_qaaw.css ............. ~ 0.25ms
  2025-12-24 22:54:46 /build/assets/Index-CUnuMXru.js .............. ~ 0.12ms
  2025-12-24 22:54:46 /build/assets/Index-gehn0z9Y.css ............. ~ 0.10ms
  2025-12-24 22:54:46 /build/assets/QualificationDetailAccordion-Czk5LLlY.js  ~ 0.19ms
  2025-12-24 22:54:46 /build/assets/Show-BsTpOem4.js ............... ~ 0.11ms
  2025-12-24 22:54:46 /build/assets/Create-CP9_0-ri.js ............. ~ 0.97ms
  2025-12-24 22:54:46 /build/assets/Create-Kc1s9BP_.css ............ ~ 0.11ms
  2025-12-24 22:54:46 /build/assets/Edit-DcpGXECV.js ............... ~ 0.13ms
  2025-12-24 22:54:46 /build/assets/Edit-BXvpM3JB.css .............. ~ 0.14ms
  2025-12-24 22:54:46 /build/assets/Index-DnJnRz9v.js .............. ~ 0.24ms
  2025-12-24 22:54:46 /build/assets/Show-mDdoVPIt.js ............... ~ 0.57ms
  2025-12-24 22:54:46 /build/assets/Show-BcbfK-aJ.css ............ ~ 501.85ms
  2025-12-24 22:54:46 /build/assets/WorkHistoryAccordion-ZWuY2NU9.js  ~ 0.34ms
  2025-12-24 22:54:46 /build/assets/FeeBalance-DEj5xCZI.js ......... ~ 0.16ms
  2025-12-24 22:54:46 /build/assets/FeeBalance-VxAQu3JP.css ........ ~ 0.25ms
  2025-12-24 22:54:46 /build/assets/FeeReport-C63p46Om.js .......... ~ 0.25ms
  2025-12-24 22:54:46 /build/assets/FeeReport-8VCRTbjL.css ......... ~ 1.35ms
  2025-12-24 22:54:46 /build/assets/Create-BD8UDbLO.js ............. ~ 2.77ms
  2025-12-24 22:54:46 /build/assets/Create-v8Xhr7wC.css ............ ~ 0.77ms
  2025-12-24 22:54:46 /build/assets/Edit-BZDc2bqR.js ............... ~ 1.14ms
  2025-12-24 22:54:46 /build/assets/Edit-BHrrC4kE.css .............. ~ 0.28ms
  2025-12-24 22:54:46 /build/assets/Index-DG05Mu3A.js .............. ~ 0.31ms
  2025-12-24 22:54:46 /build/assets/Index-B3zSWBtC.css ............. ~ 0.22ms
  2025-12-24 22:54:46 /build/assets/Index-CnWNm9u6.js .............. ~ 0.21ms
  2025-12-24 22:54:46 /build/assets/Index-Doodeb1f.css ............. ~ 0.51ms
  2025-12-24 22:54:46 /build/assets/PaymentHistory-BFDsZqMG.js ..... ~ 0.17ms
  2025-12-24 22:54:46 /build/assets/PaymentHistory-BJycJNMh.css .... ~ 0.25ms
  2025-12-24 22:54:46 /build/assets/Reports-bdfFfy8K.js ............ ~ 0.54ms
  2025-12-24 22:54:46 /build/assets/chart-BR_H7_9u.js .............. ~ 0.18ms
  2025-12-24 22:54:46 /build/assets/CollectionReport-C_EDT3OJ.js ... ~ 0.18ms
  2025-12-24 22:54:46 /build/assets/CollectionReport-DYb6BmdP.css .. ~ 0.22ms
  2025-12-24 22:54:46 /build/assets/Overview-wkEMBo9R.js ........... ~ 0.21ms
  2025-12-24 22:54:46 /build/assets/TransferFunds-zsPbkj8c.js ...... ~ 0.15ms
  2025-12-24 22:54:46 /build/assets/TransferFunds-CH4O_5Wh.css ..... ~ 0.16ms
  2025-12-24 22:54:46 /build/assets/TransferHistory-C-XdWg-J.js .... ~ 0.44ms
  2025-12-24 22:54:46 /build/assets/TransferHistory-Cpner_fp.css ... ~ 0.28ms
  2025-12-24 22:54:46 /build/assets/VerifyPayment-3DgANU4T.js ...... ~ 1.15ms
  2025-12-24 22:54:46 /build/assets/VerifyPayment-DoPr7nd5.css ..... ~ 0.44ms
  2025-12-24 22:54:46 /build/assets/Index-DSCgecPh.js .............. ~ 0.27ms
  2025-12-24 22:54:46 /build/assets/Create-DDBj6UDa.js ............. ~ 0.23ms
  2025-12-24 22:54:46 /build/assets/Index-DGD2W0PO.js .............. ~ 0.38ms
  2025-12-24 22:54:46 /build/assets/Index-CTLxQcaM.js .............. ~ 1.80ms
  2025-12-24 22:54:46 /build/assets/Assignments-DT22ddaR.js ........ ~ 0.75ms
  2025-12-24 22:54:47 /build/assets/Assignments-E-S82EKF.css ....... ~ 0.82ms
  2025-12-24 22:54:47 /build/assets/Classes-p4lrpihy.js ............ ~ 1.08ms
  2025-12-24 22:54:47 /build/assets/Classes-fTwbkkVc.css ........... ~ 0.47ms
  2025-12-24 22:54:47 /build/assets/Materials-sbKBAMcb.js .......... ~ 0.24ms
  2025-12-24 22:54:47 /build/assets/Materials-C0tM08BT.css ......... ~ 0.40ms
  2025-12-24 22:54:47 /build/assets/Submissions-BHzKflBE.js ...... ~ 501.37ms
  2025-12-24 22:54:47 /build/assets/Submissions-tVJZ77wn.css ....... ~ 0.16ms
  2025-12-24 22:54:47 /build/assets/Index-BHo6e6BB.js .............. ~ 0.19ms
  2025-12-24 22:54:47 /build/assets/AllStaff-CEG8MeCP.js ........... ~ 0.16ms
  2025-12-24 22:54:47 /build/assets/AllStudents-B1qxomX-.js ........ ~ 0.18ms
  2025-12-24 22:54:47 /build/assets/Index-CxUnJcRk.js .............. ~ 0.16ms
  2025-12-24 22:54:47 /build/assets/index-DHXAGmwn.css ............. ~ 0.22ms
  2025-12-24 22:54:47 /build/assets/StaffAttendance-BlbCgwVq.js .... ~ 0.32ms
  2025-12-24 22:54:47 /build/assets/Index-Blhj00Jh.js .............. ~ 0.15ms
  2025-12-24 22:54:47 /build/assets/AcademicYears-C3Z6zYt7.js ...... ~ 0.55ms
  2025-12-24 22:54:47 /build/assets/Create-pEX67v2i.js ............. ~ 0.33ms
  2025-12-24 22:54:47 /build/assets/Create-DCBl5WcC.css ............ ~ 0.44ms
  2025-12-24 22:54:47 /build/assets/Index-CYXJuguz.js .............. ~ 0.19ms
  2025-12-24 22:54:47 /build/assets/Create-DKKzBbv1.js ............. ~ 0.16ms
  2025-12-24 22:54:47 /build/assets/Create-C8kjwkFB.css ............ ~ 0.19ms
  2025-12-24 22:54:47 /build/assets/Edit-CQ8R9h6L.js ............... ~ 0.16ms
  2025-12-24 22:54:47 /build/assets/Edit-ujsFgBVD.css .............. ~ 0.17ms
  2025-12-24 22:54:47 /build/assets/Index-B0SZwK5Q.js .............. ~ 0.29ms
  2025-12-24 22:54:47 /build/assets/Index-CyoEYGUx.css ............. ~ 0.41ms
  2025-12-24 22:54:47 /build/assets/Show-DiKYopt-.js ............... ~ 0.38ms
  2025-12-24 22:54:47 /build/assets/Show-Bq3C96w7.css .............. ~ 0.43ms
  2025-12-24 22:54:47 /build/assets/Index-q-5sIyN4.js .............. ~ 0.19ms
  2025-12-24 22:54:47 /build/assets/Index-BNCCPdWN.js .............. ~ 0.48ms
  2025-12-24 22:54:47 /build/assets/Index-DI0SQ82Y.js .............. ~ 0.21ms
  2025-12-24 22:54:47 /build/assets/Blogs-ChW2ryaj.js .............. ~ 0.16ms
  2025-12-24 22:54:47 /build/assets/Editor-l0e1ol0h.js ............. ~ 0.31ms
  2025-12-24 22:54:47 /build/assets/Editor-DCiBGPfP.css ............ ~ 0.33ms
  2025-12-24 22:54:47 /build/assets/Careers-h7IkThwV.js ............ ~ 0.55ms
  2025-12-24 22:54:47 /build/assets/Index-DELBBwgx.js .............. ~ 0.39ms
  2025-12-24 22:54:47 /build/assets/Index-DJ9xZC-1.css ............. ~ 0.18ms
  2025-12-24 22:54:47 /build/assets/Buttons-EoAOPCCs.js ............ ~ 0.25ms
  2025-12-24 22:54:47 /build/assets/Buttons-DHNf4XXu.css ........... ~ 0.19ms
  2025-12-24 22:54:47 /build/assets/Colors-COl9VYjW.js ............. ~ 0.26ms
  2025-12-24 22:54:47 /build/assets/Index-BQ_vkt5F.js .............. ~ 0.22ms
  2025-12-24 22:54:47 /build/assets/Index-CEPBEXi6.css ............. ~ 0.29ms
  2025-12-24 22:54:47 /build/assets/Index-8FvxowY2.js .............. ~ 0.15ms
  2025-12-24 22:54:47 /build/assets/Index-BeCjOJb2.js .............. ~ 0.31ms
  2025-12-24 22:54:47 /build/assets/Create-DcAZ29PZ.js ............. ~ 0.61ms
  2025-12-24 22:54:47 /build/assets/Create-Co4pdLcW.css ............ ~ 0.19ms
  2025-12-24 22:54:47 /build/assets/Edit-DDr0UUkI.js ............... ~ 0.17ms
  2025-12-24 22:54:47 /build/assets/Edit-CQCm6wpr.css .............. ~ 0.15ms
  2025-12-24 22:54:47 /build/assets/Index-be_eswSK.js .............. ~ 0.16ms
  2025-12-24 22:54:47 /build/assets/ManagePageSections-Dc9BkDyC.js . ~ 0.44ms
  2025-12-24 22:54:47 /build/assets/ManagePageSections-Bn7DDJFs.css  ~ 0.32ms
  2025-12-24 22:54:47 /build/assets/Index-Ca8B0tbn.js .............. ~ 0.16ms
  2025-12-24 22:54:47 /build/assets/Login-CLNllQkD.js .............. ~ 0.31ms
  2025-12-24 22:54:47 /build/assets/Dashboard-Cjy_u_55.js .......... ~ 0.34ms
  2025-12-24 22:54:47 /build/assets/AssignClasses-B7CqsFCz.js ...... ~ 0.44ms
  2025-12-24 22:54:47 /build/assets/AssignClasses-BpmGkGfR.css ..... ~ 0.15ms
  2025-12-24 22:54:47 /build/assets/Index-CnNVnwzF.js .............. ~ 0.19ms
  2025-12-24 22:54:47 /build/assets/Functions-DBdvPDQ4.js .......... ~ 0.19ms
  2025-12-24 22:54:47 /build/assets/MarkAttendance-DsKdq_Zo.js ..... ~ 0.16ms
  2025-12-24 22:54:47 /build/assets/Report-gQ1t-fxO.js ............. ~ 0.14ms
  2025-12-24 22:54:47 /build/assets/Login-DcmN2gd4.js .............. ~ 0.28ms
  2025-12-24 22:54:47 /build/assets/Login-C4dk7bUa.css ............. ~ 0.45ms
  2025-12-24 22:54:47 /build/assets/Index-C_2UmDP3.js .............. ~ 0.22ms
  2025-12-24 22:54:47 /build/assets/Dashboard-BuxpuPk2.js .......... ~ 0.38ms
  2025-12-24 22:54:47 /build/assets/Dashboard-DMZbz74x.css ......... ~ 0.18ms
  2025-12-24 22:54:47 /build/assets/EnterMarks-B0LnR8dI.js ......... ~ 0.11ms
  2025-12-24 22:54:47 /build/assets/EnterMarks-DwL5Vpbu.css ........ ~ 0.12ms
  2025-12-24 22:54:47 /build/assets/SubmittedMarks-72CkkRlt.js ..... ~ 0.12ms
  2025-12-24 22:54:47 /build/assets/SubmittedMarks-CTHh4nKk.css .... ~ 0.12ms
  2025-12-24 22:54:47 /build/assets/Index-Wp4DaDQy.js .............. ~ 0.10ms
  2025-12-24 22:54:47 /build/assets/Index-bfWcpLwP.css ............. ~ 0.09ms
  2025-12-24 22:54:47 /build/assets/EmergencyContacts-MAWgNgin.js .. ~ 0.09ms
  2025-12-24 22:54:47 /build/assets/EmployeeDetails-Ch0faZ6F.js .... ~ 0.08ms
  2025-12-24 22:54:48 /build/assets/Qualifications-DHq6skGy.js ..... ~ 0.09ms
  2025-12-24 22:54:48 /build/assets/UpdatePassword-DrnVHBT3.js ..... ~ 0.08ms
  2025-12-24 22:54:48 /build/assets/UpdatePassword-BJM0g8p3.css .... ~ 0.15ms
  2025-12-24 22:54:48 /build/assets/WorkHistories-B1KYJojb.js ...... ~ 0.25ms
  2025-12-24 22:54:48 /build/assets/Index-CuXYCp-x.js .............. ~ 0.16ms
  2025-12-24 22:54:48 /build/assets/Index-CQSrs7sh.css ............. ~ 0.28ms
  2025-12-24 22:54:48 /build/assets/Index-GWBMYpTf.js .............. ~ 0.34ms
  2025-12-24 22:54:48 /build/assets/Index-QeIx4N54.js .............. ~ 0.43ms
  2025-12-24 22:54:48 /build/assets/ApprovalQueue-M7-EHw7H.js ...... ~ 0.15ms
  2025-12-24 22:54:48 /build/assets/ApprovalQueue-Dj6kgcRy.css ..... ~ 0.22ms
  2025-12-24 22:54:48 /build/assets/Index-BKvMkuWg.js .............. ~ 0.12ms
  2025-12-24 22:54:48 /build/assets/Index-Cm38Iza_.js .............. ~ 0.20ms
  2025-12-24 22:54:48 /build/assets/PayrollAdjustment-OlFbbvh1.js .. ~ 0.12ms
  2025-12-24 22:54:48 /build/assets/iziToast-DzHbHxGk.js ........... ~ 0.13ms
  2025-12-24 22:54:48 /build/assets/PayrollAdjustmentAllowance-MNHHFOrs.js  ~ 0.10ms
  2025-12-24 22:54:48 /build/assets/PayrollAdjustmentDeduction-CKVrvmuS.js  ~ 0.14ms
  2025-12-24 22:54:48 /build/assets/PayrollDetails-BWhAgiXX.js ..... ~ 0.08ms
  2025-12-24 22:54:48 /build/assets/PayrollRun-BCNDlJY0.js ......... ~ 0.24ms
  2025-12-24 22:54:48 /build/assets/Edit-B1HGmJFl.js ............... ~ 0.28ms
  2025-12-24 22:54:48 /build/assets/SecondaryButton-CIWECRtD.js .... ~ 0.31ms
  2025-12-24 22:54:48 /build/assets/Index-DknNErSI.js .............. ~ 0.40ms
  2025-12-24 22:54:48 /build/assets/DeleteUserForm-BEkImKK2.js ..... ~ 0.38ms
  2025-12-24 22:54:48 /build/assets/UpdatePasswordForm-Cl5FQvW5.js . ~ 0.20ms
  2025-12-24 22:54:48 /build/assets/UpdateProfileInformationForm-CNp0Bjwh.js  ~ 0.15ms
  2025-12-24 22:54:48 /build/assets/Index-DM69dNGo.js .............. ~ 0.18ms
  2025-12-24 22:54:48 /build/assets/Index-Bdx268IB.css ............. ~ 0.09ms
  2025-12-24 22:54:48 /build/assets/Success-DBBxY3Bu.js ............ ~ 0.17ms
  2025-12-24 22:54:48 /build/assets/Success-r-hqeCiF.css ........... ~ 0.22ms
  2025-12-24 22:54:48 /build/assets/Track-Cv5MEkSS.js .............. ~ 0.08ms
  2025-12-24 22:54:48 /build/assets/Track-L7omozRj.css ............. ~ 0.14ms
  2025-12-24 22:54:48 /build/assets/TrackingForm-cYk5MIon.js ....... ~ 0.21ms
  2025-12-24 22:54:48 /build/assets/TrackingForm-BbDMoIBK.css ...... ~ 0.52ms
  2025-12-24 22:54:48 /build/assets/Index-CrPuMe4a.js .............. ~ 0.21ms
  2025-12-24 22:54:48 /build/assets/StudentLayout-m5xoRKOH.js ...... ~ 0.23ms
  2025-12-24 22:54:48 /build/assets/StudentLayout-OSj59oVD.css ..... ~ 0.18ms
  2025-12-24 22:54:48 /build/assets/ChangePassword-CeCL_1-u.js ..... ~ 0.28ms
  2025-12-24 22:54:48 /build/assets/Index-ZrZR0rlx.js .............. ~ 0.11ms
  2025-12-24 22:54:48 /build/assets/Dashboard-CadrW6ck.js .......... ~ 0.13ms
  2025-12-24 22:54:48 /build/assets/Dashboard-XybeFVte.css ......... ~ 0.22ms
  2025-12-24 22:54:48 /build/assets/Index-I-d16tnj.js .............. ~ 0.14ms
  2025-12-24 22:54:48 /build/assets/Assignments-BOxfcwE2.js ........ ~ 0.11ms
  2025-12-24 22:54:48 /build/assets/Assignments-BdxcnUAt.css ....... ~ 0.10ms
  2025-12-24 22:54:48 /build/assets/Classes-CoeCR3N4.js ............ ~ 0.13ms
  2025-12-24 22:54:48 /build/assets/Classes-CYXZVLji.css ........... ~ 0.15ms
  2025-12-24 22:54:48 /build/assets/Dashboard-NnYKRjwh.js .......... ~ 0.14ms
  2025-12-24 22:54:48 /build/assets/Dashboard-Df8LdpHi.css ......... ~ 0.28ms
  2025-12-24 22:54:48 /build/assets/Materials-NH0c_9Vk.js .......... ~ 0.37ms
  2025-12-24 22:54:48 /build/assets/Materials-D_KfWPSc.css ......... ~ 0.14ms
  2025-12-24 22:54:48 /build/assets/Index-DBuhXfuU.js .............. ~ 0.11ms
  2025-12-24 22:54:48 /build/assets/Edit-Bpn9BUuD.js ............... ~ 0.16ms
  2025-12-24 22:54:48 /build/assets/Edit-C4P7t_N1.css .............. ~ 0.13ms
  2025-12-24 22:54:48 /build/assets/Index-Db44Mj__.js .............. ~ 0.10ms
  2025-12-24 22:54:48 /build/assets/Show-Qtozdjv1.js ............... ~ 0.11ms
  2025-12-24 22:54:48 /build/assets/MyTimetable-GtIRky_P.js ........ ~ 0.16ms
  2025-12-24 22:54:48 /build/assets/MyTimetable-DCklv2Sq.css ....... ~ 0.18ms
  2025-12-24 22:54:48 /build/assets/Generate-DR4yFReU.js ........... ~ 0.09ms
  2025-12-24 22:54:48 /build/assets/Constraints-9gtMvr79.js ........ ~ 0.29ms
  2025-12-24 22:54:48 /build/assets/Constraints-BZS0SRTT.css ....... ~ 0.21ms
  2025-12-24 22:54:48 /build/assets/Periods-BbsM6Fh-.js ............ ~ 0.10ms
  2025-12-24 22:54:48 /build/assets/SubjectAllocation-Z6UcFIJy.js .. ~ 0.16ms
  2025-12-24 22:54:48 /build/assets/SubjectAllocation-LlDamDcb.css . ~ 0.42ms
  2025-12-24 22:54:48 /build/assets/ClassTimetable-Dcw09Z05.js ..... ~ 0.08ms
  2025-12-24 22:54:48 /build/assets/ClassTimetable-DKnYbDuK.css .... ~ 0.07ms
  2025-12-24 22:54:48 /build/assets/TeacherTimetable-lTjm-Wt8.js ... ~ 0.08ms
  2025-12-24 22:54:48 /build/assets/Welcome-D3MSiuFg.js ............ ~ 0.07ms
  2025-12-24 22:54:48 /build/assets/DefaultLayout-CZjYLiYR.js ...... ~ 0.10ms
  2025-12-24 22:54:48 /build/assets/DefaultLayout-UfeXBpZ5.css ..... ~ 0.12ms
  2025-12-24 22:54:48 /build/assets/Pagination-ECRwH47T.js ......... ~ 0.23ms
  2025-12-24 22:54:48 /build/assets/Pagination-BbeKvaSo.css ........ ~ 0.18ms
  2025-12-24 22:54:48 /build/assets/lodash-BWuwFB3v.js ............. ~ 0.37ms
  2025-12-24 22:54:48 /build/assets/Footer-Gje_vOTM.js ............. ~ 0.21ms
  2025-12-24 22:54:48 /build/assets/Footer-Dp49msI0.css ............ ~ 0.20ms
  2025-12-24 22:54:54 /build/assets/PublicSans-Bold-DEFlLvwJ.ttf ... ~ 0.36ms
  2025-12-24 22:55:00 /employee/subjects ........................... ~ 0.27ms
  2025-12-24 22:55:01 /build/assets/PublicSans-Italic-CJ7-AYW_.ttf . ~ 0.38ms
  2025-12-24 22:55:06 /employee/exams/enrolled-students ............ ~ 0.23ms
  2025-12-24 22:55:06 /employee/exams/existing-marks ............. ~ 500.79ms
  2025-12-24 22:55:06 /build/assets/PublicSans-BoldItalic-BaH7kqXb.ttf  ~ 0.22ms
  2025-12-24 22:55:07 /employee/exam-subject-skills ................ ~ 0.22ms
  2025-12-24 22:56:00 /employee/exams/save-marks ................. ~ 501.02ms
  2025-12-24 23:15:42 /employee/exams/enter-marks ................ ~ 501.05ms
  2025-12-24 23:15:42 /build/assets/app-BuAiy87a.css ............... ~ 0.22ms
  2025-12-24 23:15:42 /build/assets/app-CIwfdflE.css ............... ~ 0.20ms
  2025-12-24 23:15:42 /build/assets/app-BtMGlBNi.js ................ ~ 0.24ms
  2025-12-24 23:15:43 /build/assets/EnterMarks-B0LnR8dI.js ......... ~ 0.87ms
  2025-12-24 23:15:43 /build/assets/DefaultLayout-CZjYLiYR.js ...... ~ 0.27ms
  2025-12-24 23:15:43 /build/assets/Footer-Gje_vOTM.js ............. ~ 0.41ms
  2025-12-24 23:15:43 /build/assets/Footer-Dp49msI0.css ............ ~ 0.23ms
  2025-12-24 23:15:43 /build/assets/DefaultLayout-UfeXBpZ5.css ..... ~ 0.33ms
  2025-12-24 23:15:43 /build/assets/index-BOyi1N20.js .............. ~ 0.31ms
  2025-12-24 23:15:43 /build/assets/EnterMarks-DwL5Vpbu.css ........ ~ 0.20ms
  2025-12-24 23:15:43 /favicon.ico ................................. ~ 0.33ms
  2025-12-24 23:15:43 /assets/images/branding/skaas-schools-logo.png  ~ 0.25ms
  2025-12-24 23:15:43 /employee/datatable/exams .................... ~ 0.27ms
  2025-12-24 23:15:43 /employee/classes .......................... ~ 500.57ms
  2025-12-24 23:15:43 /build/assets/boxicons-CeGEncwm.woff2 ...... ~ 503.08ms
  2025-12-24 23:15:44 /build/assets/PublicSans-Medium-DOt0zBLs.ttf . ~ 1.26ms
  2025-12-24 23:15:44 /build/assets/PublicSans-Regular-CcK-bgQZ.ttf  ~ 1.66ms
  2025-12-24 23:15:44 /build/assets/PublicSans-MediumItalic-DuodZiUi.ttf  ~ 1.89ms
  2025-12-24 23:15:44 /build/assets/OnlineApplications-BArVHkIj.js . ~ 0.13ms
  2025-12-24 23:15:44 /build/assets/OnlineApplications-CZwoTwJe.css  ~ 0.44ms
  2025-12-24 23:15:44 /build/assets/Index-C1K6ru1x.js .............. ~ 0.79ms
  2025-12-24 23:15:44 /build/assets/Report-BKILL8YM.js ............. ~ 0.22ms
  2025-12-24 23:15:44 /build/assets/debounce-B-eNu6_e.js ........... ~ 0.25ms
  2025-12-24 23:15:44 /build/assets/ConfirmPassword-B2xDz2ia.js .... ~ 1.76ms
  2025-12-24 23:15:44 /build/assets/GuestLayout-CavBf92I.js ........ ~ 0.42ms
  2025-12-24 23:15:44 /build/assets/GuestLayout-D0pWnSgT.css ....... ~ 1.70ms
  2025-12-24 23:15:44 /build/assets/InputError-DsKubmnd.js ......... ~ 0.36ms
  2025-12-24 23:15:44 /build/assets/InputLabel-ClYBtuXY.js ......... ~ 0.38ms
  2025-12-24 23:15:44 /build/assets/PrimaryButton-Dx9Gs-QG.js ...... ~ 1.87ms
  2025-12-24 23:15:44 /build/assets/TextInput-DA-SaAlg.js .......... ~ 0.18ms
  2025-12-24 23:15:44 /build/assets/ForgotPassword-CeoOp5SB.js ..... ~ 0.35ms
  2025-12-24 23:15:44 /build/assets/Login-Cnx3K02r.js .............. ~ 0.84ms
  2025-12-24 23:15:44 /build/assets/Checkbox-BXLVFPzU.js ........... ~ 0.27ms
  2025-12-24 23:15:44 /build/assets/Register-D0Dgw8tC.js ........... ~ 1.21ms
  2025-12-24 23:15:44 /build/assets/VerifyEmail-CEyllq4_.js ........ ~ 3.27ms
  2025-12-24 23:15:44 /build/assets/ResetPassword-BnRLHvvj.js ...... ~ 4.36ms
  2025-12-24 23:15:44 /build/assets/Index-Cth74VPG.js .............. ~ 0.09ms
  2025-12-24 23:15:44 /build/assets/SchoolCalendar-DY8nyl9L.js ..... ~ 0.15ms
  2025-12-24 23:15:44 /build/assets/SchoolCalendar-qEf1aTuN.css .... ~ 0.13ms
  2025-12-24 23:15:44 /build/assets/Index-BnFyYwu-.js .............. ~ 0.12ms
  2025-12-24 23:15:44 /build/assets/index-RrlS12bl.js .............. ~ 0.23ms
  2025-12-24 23:15:44 /build/assets/Show-C73Oc_r3.js ............... ~ 0.16ms
  2025-12-24 23:15:44 /build/assets/Show-BI6oj0NI.css .............. ~ 0.10ms
  2025-12-24 23:15:44 /build/assets/Allowance-XkTQfaVo.js .......... ~ 0.09ms
  2025-12-24 23:15:44 /build/assets/BlogCategories-CCgqbyGc.js ..... ~ 0.09ms
  2025-12-24 23:15:44 /build/assets/Deduction-Dyfxj3kH.js .......... ~ 0.12ms
  2025-12-24 23:15:44 /build/assets/Divisions-BZrSsbnv.js .......... ~ 0.09ms
  2025-12-24 23:15:44 /build/assets/EmploymentStatuses-eHcENBDo.js . ~ 0.08ms
  2025-12-24 23:15:44 /build/assets/EmploymentTypes-Cmulbx6s.js .... ~ 0.11ms
  2025-12-24 23:15:44 /build/assets/Genders-Dpcn7ip6.js ............ ~ 0.09ms
  2025-12-24 23:15:44 /build/assets/Honorifics-CltRzArm.js ......... ~ 0.28ms
  2025-12-24 23:15:44 /build/assets/Income-ClC2jNPM.js ............. ~ 0.24ms
  2025-12-24 23:15:44 /build/assets/Index-CQSC8UHR.js .............. ~ 0.19ms
  2025-12-24 23:15:44 /build/assets/Index-hOtiuyDQ.css ............. ~ 0.22ms
  2025-12-24 23:15:44 /build/assets/JobTitles-D4Tm5TZ-.js .......... ~ 0.13ms
  2025-12-24 23:15:44 /build/assets/QualificationTypes-DMiCfoXn.js . ~ 0.22ms
  2025-12-24 23:15:44 /build/assets/Relationships-qX2ntCBL.js ...... ~ 0.67ms
  2025-12-24 23:15:44 /build/assets/Religions-CWXADSE1.js .......... ~ 0.11ms
  2025-12-24 23:15:44 /build/assets/SalaryGrade-mIvMsqFx.js ........ ~ 0.11ms
  2025-12-24 23:15:44 /build/assets/SalaryScale-BA53Uwg0.js ...... ~ 500.65ms
  2025-12-24 23:15:44 /build/assets/Streams-CHVLJG6Z.js ............ ~ 0.17ms
  2025-12-24 23:15:44 /build/assets/Subjects-Dyxg46-8.js ........... ~ 0.14ms
  2025-12-24 23:15:44 /build/assets/TeacherTitles-DxLFViBD.js ...... ~ 0.18ms
  2025-12-24 23:15:44 /build/assets/Dashboard-C9NnJMrG.js .......... ~ 0.09ms
  2025-12-24 23:15:44 /build/assets/GreetingCard-Bg3aZOAr.js ....... ~ 0.38ms
  2025-12-24 23:15:44 /build/assets/GreetingCard-d-HuJ_xn.css ...... ~ 0.49ms
  2025-12-24 23:15:44 /build/assets/AssignClasses-C6Yi1dZS.js ...... ~ 0.83ms
  2025-12-24 23:15:44 /build/assets/index-BOyi1N20.js .............. ~ 0.32ms
  2025-12-24 23:15:45 /build/assets/AssignClasses-DNa1Zu07.css ..... ~ 0.38ms
  2025-12-24 23:15:45 /build/assets/AssignSubjects-C0KN6maT.js ..... ~ 0.30ms
  2025-12-24 23:15:45 /build/assets/Edit-DHhmZKX6.js ............... ~ 0.17ms
  2025-12-24 23:15:45 /build/assets/Edit-BY4eCtR7.css .............. ~ 0.21ms
  2025-12-24 23:15:45 /build/assets/EmergencyContactAccordion-KBKOgGIV.js  ~ 0.16ms
  2025-12-24 23:15:45 /build/assets/EmployeeDataAccordion-BRZm9WBe.js  ~ 0.17ms
  2025-12-24 23:15:45 /build/assets/Index-Cevzn_6x.js .............. ~ 0.14ms
  2025-12-24 23:15:45 /build/assets/Modal-CIl0yhGf.js .............. ~ 0.61ms
  2025-12-24 23:15:45 /build/assets/Dropdown-DHpTL3PX.js ........... ~ 0.22ms
  2025-12-24 23:15:45 /build/assets/Index-CCa_qaaw.css ............. ~ 0.35ms
  2025-12-24 23:15:45 /build/assets/Index-CUnuMXru.js .............. ~ 0.35ms
  2025-12-24 23:15:45 /build/assets/Index-gehn0z9Y.css ............. ~ 0.13ms
  2025-12-24 23:15:45 /build/assets/QualificationDetailAccordion-Czk5LLlY.js  ~ 0.31ms
  2025-12-24 23:15:45 /build/assets/Show-BsTpOem4.js ............... ~ 0.23ms
  2025-12-24 23:15:45 /build/assets/Create-CP9_0-ri.js ............. ~ 0.24ms
  2025-12-24 23:15:45 /build/assets/Create-Kc1s9BP_.css ............ ~ 1.34ms
  2025-12-24 23:15:45 /build/assets/Edit-DcpGXECV.js ............... ~ 0.15ms
  2025-12-24 23:15:45 /build/assets/Edit-BXvpM3JB.css .............. ~ 1.73ms
  2025-12-24 23:15:45 /build/assets/Index-DnJnRz9v.js .............. ~ 4.00ms
  2025-12-24 23:15:45 /build/assets/Show-mDdoVPIt.js ............... ~ 0.18ms
  2025-12-24 23:15:45 /build/assets/Show-BcbfK-aJ.css .............. ~ 0.43ms
  2025-12-24 23:15:45 /build/assets/WorkHistoryAccordion-ZWuY2NU9.js  ~ 1.64ms
  2025-12-24 23:15:45 /build/assets/FeeBalance-DEj5xCZI.js ......... ~ 0.15ms
  2025-12-24 23:15:45 /build/assets/FeeBalance-VxAQu3JP.css ........ ~ 0.12ms
  2025-12-24 23:15:45 /build/assets/FeeReport-C63p46Om.js .......... ~ 0.82ms
  2025-12-24 23:15:45 /build/assets/FeeReport-8VCRTbjL.css ......... ~ 0.12ms
  2025-12-24 23:15:45 /build/assets/Create-BD8UDbLO.js ............. ~ 0.22ms
  2025-12-24 23:15:45 /build/assets/Create-v8Xhr7wC.css ............ ~ 0.18ms
  2025-12-24 23:15:45 /build/assets/Edit-BZDc2bqR.js ............... ~ 0.42ms
  2025-12-24 23:15:45 /build/assets/Edit-BHrrC4kE.css .............. ~ 0.17ms
  2025-12-24 23:15:45 /build/assets/Index-DG05Mu3A.js .............. ~ 0.28ms
  2025-12-24 23:15:45 /build/assets/Index-B3zSWBtC.css ............. ~ 0.24ms
  2025-12-24 23:15:45 /build/assets/Index-CnWNm9u6.js ............ ~ 500.69ms
  2025-12-24 23:15:45 /build/assets/Index-Doodeb1f.css ............. ~ 0.12ms
  2025-12-24 23:15:45 /build/assets/PaymentHistory-BFDsZqMG.js ..... ~ 0.11ms
  2025-12-24 23:15:45 /build/assets/PaymentHistory-BJycJNMh.css .... ~ 0.13ms
  2025-12-24 23:15:45 /build/assets/Reports-bdfFfy8K.js ............ ~ 0.12ms
  2025-12-24 23:15:45 /build/assets/chart-BR_H7_9u.js .............. ~ 0.11ms
  2025-12-24 23:15:45 /build/assets/CollectionReport-C_EDT3OJ.js ... ~ 0.11ms
  2025-12-24 23:15:45 /build/assets/CollectionReport-DYb6BmdP.css .. ~ 0.12ms
  2025-12-24 23:15:45 /build/assets/Overview-wkEMBo9R.js ........... ~ 0.14ms
  2025-12-24 23:15:45 /build/assets/TransferFunds-zsPbkj8c.js ...... ~ 0.24ms
  2025-12-24 23:15:45 /build/assets/TransferFunds-CH4O_5Wh.css ..... ~ 0.17ms
  2025-12-24 23:15:45 /build/assets/TransferHistory-C-XdWg-J.js .... ~ 0.20ms
  2025-12-24 23:15:45 /build/assets/TransferHistory-Cpner_fp.css ... ~ 0.33ms
  2025-12-24 23:15:45 /build/assets/VerifyPayment-3DgANU4T.js ...... ~ 0.13ms
  2025-12-24 23:15:45 /build/assets/VerifyPayment-DoPr7nd5.css ..... ~ 0.21ms
  2025-12-24 23:15:45 /build/assets/Index-DSCgecPh.js .............. ~ 0.21ms
  2025-12-24 23:15:45 /build/assets/Create-DDBj6UDa.js ............. ~ 0.10ms
  2025-12-24 23:15:45 /build/assets/Index-DGD2W0PO.js .............. ~ 0.11ms
  2025-12-24 23:15:45 /build/assets/Index-CTLxQcaM.js .............. ~ 0.10ms
  2025-12-24 23:15:45 /build/assets/Assignments-DT22ddaR.js ........ ~ 0.10ms
  2025-12-24 23:15:45 /build/assets/Assignments-E-S82EKF.css ....... ~ 0.09ms
  2025-12-24 23:15:45 /build/assets/Classes-p4lrpihy.js ............ ~ 0.12ms
  2025-12-24 23:15:45 /build/assets/Classes-fTwbkkVc.css ........... ~ 0.08ms
  2025-12-24 23:15:45 /build/assets/Materials-sbKBAMcb.js .......... ~ 0.08ms
  2025-12-24 23:15:45 /build/assets/Materials-C0tM08BT.css ......... ~ 0.14ms
  2025-12-24 23:15:45 /build/assets/Submissions-BHzKflBE.js ........ ~ 0.11ms
  2025-12-24 23:15:45 /build/assets/Submissions-tVJZ77wn.css ....... ~ 0.13ms
  2025-12-24 23:15:45 /build/assets/Index-BHo6e6BB.js .............. ~ 0.09ms
  2025-12-24 23:15:45 /build/assets/AllStaff-CEG8MeCP.js ........... ~ 0.36ms
  2025-12-24 23:15:45 /build/assets/AllStudents-B1qxomX-.js ........ ~ 1.56ms
  2025-12-24 23:15:45 /build/assets/Index-CxUnJcRk.js .............. ~ 0.54ms
  2025-12-24 23:15:45 /build/assets/index-DHXAGmwn.css ............. ~ 0.23ms
  2025-12-24 23:15:45 /build/assets/StaffAttendance-BlbCgwVq.js .... ~ 0.38ms
  2025-12-24 23:15:45 /build/assets/Index-Blhj00Jh.js .............. ~ 0.12ms
  2025-12-24 23:15:45 /build/assets/AcademicYears-C3Z6zYt7.js ...... ~ 0.30ms
  2025-12-24 23:15:45 /build/assets/Create-pEX67v2i.js ............. ~ 0.14ms
  2025-12-24 23:15:45 /build/assets/Create-DCBl5WcC.css ............ ~ 0.12ms
  2025-12-24 23:15:45 /build/assets/Index-CYXJuguz.js .............. ~ 0.10ms
  2025-12-24 23:15:45 /build/assets/Create-DKKzBbv1.js ............. ~ 0.13ms
  2025-12-24 23:15:45 /build/assets/Create-C8kjwkFB.css ............ ~ 0.16ms
  2025-12-24 23:15:45 /build/assets/Edit-CQ8R9h6L.js ............... ~ 0.16ms
  2025-12-24 23:15:45 /build/assets/Edit-ujsFgBVD.css .............. ~ 0.36ms
  2025-12-24 23:15:45 /build/assets/Index-B0SZwK5Q.js .............. ~ 0.19ms
  2025-12-24 23:15:45 /build/assets/Index-CyoEYGUx.css ............. ~ 0.16ms
  2025-12-24 23:15:45 /build/assets/Show-DiKYopt-.js ............... ~ 0.10ms
  2025-12-24 23:15:45 /build/assets/Show-Bq3C96w7.css .............. ~ 0.17ms
  2025-12-24 23:15:45 /build/assets/Index-q-5sIyN4.js .............. ~ 0.19ms
  2025-12-24 23:15:45 /build/assets/Index-BNCCPdWN.js .............. ~ 0.22ms
  2025-12-24 23:15:45 /build/assets/Index-DI0SQ82Y.js .............. ~ 1.74ms
  2025-12-24 23:15:45 /build/assets/Blogs-ChW2ryaj.js .............. ~ 0.16ms
  2025-12-24 23:15:45 /build/assets/Editor-l0e1ol0h.js ............. ~ 0.20ms
  2025-12-24 23:15:45 /build/assets/Editor-DCiBGPfP.css ............ ~ 1.81ms
  2025-12-24 23:15:45 /build/assets/Careers-h7IkThwV.js ............ ~ 0.25ms
  2025-12-24 23:15:45 /build/assets/Index-DELBBwgx.js .............. ~ 0.30ms
  2025-12-24 23:15:45 /build/assets/Index-DJ9xZC-1.css ............. ~ 2.37ms
  2025-12-24 23:15:46 /build/assets/Buttons-EoAOPCCs.js .......... ~ 501.01ms
  2025-12-24 23:15:46 /build/assets/Buttons-DHNf4XXu.css ........... ~ 0.15ms
  2025-12-24 23:15:46 /build/assets/Colors-COl9VYjW.js ............. ~ 0.11ms
  2025-12-24 23:15:46 /build/assets/Index-BQ_vkt5F.js .............. ~ 0.13ms
  2025-12-24 23:15:46 /build/assets/Index-CEPBEXi6.css ............. ~ 0.11ms
  2025-12-24 23:15:46 /build/assets/Index-8FvxowY2.js .............. ~ 0.10ms
  2025-12-24 23:15:46 /build/assets/Index-BeCjOJb2.js .............. ~ 0.10ms
  2025-12-24 23:15:46 /build/assets/Create-DcAZ29PZ.js ............. ~ 0.26ms
  2025-12-24 23:15:46 /build/assets/Create-Co4pdLcW.css ............ ~ 0.31ms
  2025-12-24 23:15:46 /build/assets/Edit-DDr0UUkI.js ............... ~ 0.42ms
  2025-12-24 23:15:46 /build/assets/Edit-CQCm6wpr.css .............. ~ 0.26ms
  2025-12-24 23:15:46 /build/assets/Index-be_eswSK.js .............. ~ 0.22ms
  2025-12-24 23:15:46 /build/assets/ManagePageSections-Dc9BkDyC.js . ~ 0.21ms
  2025-12-24 23:15:46 /build/assets/ManagePageSections-Bn7DDJFs.css  ~ 0.14ms
  2025-12-24 23:15:46 /build/assets/Index-Ca8B0tbn.js .............. ~ 0.11ms
  2025-12-24 23:15:46 /build/assets/Login-CLNllQkD.js .............. ~ 0.09ms
  2025-12-24 23:15:46 /build/assets/Dashboard-Cjy_u_55.js .......... ~ 0.09ms
  2025-12-24 23:15:46 /build/assets/AssignClasses-B7CqsFCz.js ...... ~ 0.08ms
  2025-12-24 23:15:46 /build/assets/AssignClasses-BpmGkGfR.css ..... ~ 0.08ms
  2025-12-24 23:15:46 /build/assets/Index-CnNVnwzF.js .............. ~ 0.11ms
  2025-12-24 23:15:46 /build/assets/Functions-DBdvPDQ4.js .......... ~ 0.11ms
  2025-12-24 23:15:46 /build/assets/MarkAttendance-DsKdq_Zo.js ..... ~ 0.09ms
  2025-12-24 23:15:46 /build/assets/Report-gQ1t-fxO.js ............. ~ 0.11ms
  2025-12-24 23:15:46 /build/assets/Login-DcmN2gd4.js .............. ~ 0.15ms
  2025-12-24 23:15:46 /build/assets/Login-C4dk7bUa.css ............. ~ 0.16ms
  2025-12-24 23:15:46 /build/assets/Index-C_2UmDP3.js .............. ~ 0.45ms
  2025-12-24 23:15:46 /build/assets/Dashboard-BuxpuPk2.js .......... ~ 0.34ms
  2025-12-24 23:15:46 /build/assets/Dashboard-DMZbz74x.css ......... ~ 2.06ms
  2025-12-24 23:15:46 /build/assets/EnterMarks-B0LnR8dI.js ......... ~ 0.11ms
  2025-12-24 23:15:46 /build/assets/EnterMarks-DwL5Vpbu.css ........ ~ 0.23ms
  2025-12-24 23:15:46 /build/assets/SubmittedMarks-72CkkRlt.js ..... ~ 0.18ms
  2025-12-24 23:15:46 /build/assets/SubmittedMarks-CTHh4nKk.css .... ~ 0.15ms
  2025-12-24 23:15:46 /build/assets/Index-Wp4DaDQy.js .............. ~ 0.12ms
  2025-12-24 23:15:46 /build/assets/Index-bfWcpLwP.css ............. ~ 0.17ms
  2025-12-24 23:15:46 /build/assets/EmergencyContacts-MAWgNgin.js .. ~ 0.13ms
  2025-12-24 23:15:46 /build/assets/EmployeeDetails-Ch0faZ6F.js .... ~ 0.11ms
  2025-12-24 23:15:46 /build/assets/Qualifications-DHq6skGy.js ..... ~ 0.11ms
  2025-12-24 23:15:46 /build/assets/UpdatePassword-DrnVHBT3.js ..... ~ 0.11ms
  2025-12-24 23:15:46 /build/assets/UpdatePassword-BJM0g8p3.css .... ~ 0.10ms
  2025-12-24 23:15:46 /build/assets/WorkHistories-B1KYJojb.js ...... ~ 0.10ms
  2025-12-24 23:15:46 /build/assets/Index-CuXYCp-x.js .............. ~ 0.14ms
  2025-12-24 23:15:46 /build/assets/Index-CQSrs7sh.css ............. ~ 0.33ms
  2025-12-24 23:15:46 /build/assets/Index-GWBMYpTf.js .............. ~ 0.23ms
  2025-12-24 23:15:46 /build/assets/Index-QeIx4N54.js .............. ~ 0.26ms
  2025-12-24 23:15:46 /build/assets/ApprovalQueue-M7-EHw7H.js ...... ~ 1.37ms
  2025-12-24 23:15:46 /build/assets/ApprovalQueue-Dj6kgcRy.css ..... ~ 0.22ms
  2025-12-24 23:15:46 /build/assets/Index-BKvMkuWg.js .............. ~ 0.22ms
  2025-12-24 23:15:46 /build/assets/Index-Cm38Iza_.js .............. ~ 0.28ms
  2025-12-24 23:15:46 /build/assets/PayrollAdjustment-OlFbbvh1.js .. ~ 0.34ms
  2025-12-24 23:15:46 /build/assets/iziToast-DzHbHxGk.js ........... ~ 0.09ms
  2025-12-24 23:15:46 /build/assets/PayrollAdjustmentAllowance-MNHHFOrs.js  ~ 0.11ms
  2025-12-24 23:15:46 /build/assets/PayrollAdjustmentDeduction-CKVrvmuS.js  ~ 0.08ms
  2025-12-24 23:15:46 /build/assets/PayrollDetails-BWhAgiXX.js ..... ~ 0.11ms
  2025-12-24 23:15:46 /build/assets/PayrollRun-BCNDlJY0.js ......... ~ 0.15ms
  2025-12-24 23:15:46 /build/assets/Edit-B1HGmJFl.js ............... ~ 0.15ms
  2025-12-24 23:15:46 /build/assets/SecondaryButton-CIWECRtD.js .... ~ 0.34ms
  2025-12-24 23:15:46 /build/assets/Index-DknNErSI.js .............. ~ 0.23ms
  2025-12-24 23:15:46 /build/assets/DeleteUserForm-BEkImKK2.js ..... ~ 0.31ms
  2025-12-24 23:15:46 /build/assets/UpdatePasswordForm-Cl5FQvW5.js . ~ 0.25ms
  2025-12-24 23:15:46 /build/assets/UpdateProfileInformationForm-CNp0Bjwh.js  ~ 0.11ms
  2025-12-24 23:15:46 /build/assets/Index-DM69dNGo.js .............. ~ 0.10ms
  2025-12-24 23:15:46 /build/assets/Index-Bdx268IB.css ............. ~ 0.19ms
  2025-12-24 23:15:46 /build/assets/Success-DBBxY3Bu.js ............ ~ 0.24ms
  2025-12-24 23:15:46 /build/assets/Success-r-hqeCiF.css ........... ~ 0.58ms
  2025-12-24 23:15:46 /build/assets/Track-Cv5MEkSS.js .............. ~ 0.10ms
  2025-12-24 23:15:46 /build/assets/Track-L7omozRj.css ............. ~ 0.14ms
  2025-12-24 23:15:46 /build/assets/TrackingForm-cYk5MIon.js ....... ~ 0.28ms
  2025-12-24 23:15:46 /build/assets/TrackingForm-BbDMoIBK.css ...... ~ 0.67ms
  2025-12-24 23:15:46 /build/assets/Index-CrPuMe4a.js .............. ~ 0.27ms
  2025-12-24 23:15:46 /build/assets/StudentLayout-m5xoRKOH.js ...... ~ 0.29ms
  2025-12-24 23:15:46 /build/assets/StudentLayout-OSj59oVD.css ..... ~ 0.41ms
  2025-12-24 23:15:46 /build/assets/ChangePassword-CeCL_1-u.js ..... ~ 0.32ms
  2025-12-24 23:15:46 /build/assets/Index-ZrZR0rlx.js .............. ~ 0.24ms
  2025-12-24 23:15:46 /build/assets/Dashboard-CadrW6ck.js .......... ~ 0.17ms
  2025-12-24 23:15:46 /build/assets/Dashboard-XybeFVte.css ......... ~ 0.14ms
  2025-12-24 23:15:46 /build/assets/Index-I-d16tnj.js .............. ~ 0.12ms
  2025-12-24 23:15:46 /build/assets/Assignments-BOxfcwE2.js ........ ~ 0.15ms
  2025-12-24 23:15:46 /build/assets/Assignments-BdxcnUAt.css ....... ~ 0.35ms
  2025-12-24 23:15:46 /build/assets/Classes-CoeCR3N4.js ............ ~ 0.27ms
  2025-12-24 23:15:46 /build/assets/Classes-CYXZVLji.css ........... ~ 0.27ms
  2025-12-24 23:15:46 /build/assets/Dashboard-NnYKRjwh.js .......... ~ 0.24ms
  2025-12-24 23:15:46 /build/assets/Dashboard-Df8LdpHi.css ......... ~ 0.48ms
  2025-12-24 23:15:46 /build/assets/Materials-NH0c_9Vk.js .......... ~ 0.14ms
  2025-12-24 23:15:46 /build/assets/Materials-D_KfWPSc.css ......... ~ 0.10ms
  2025-12-24 23:15:46 /build/assets/Index-DBuhXfuU.js .............. ~ 0.12ms
  2025-12-24 23:15:46 /build/assets/Edit-Bpn9BUuD.js ............... ~ 0.08ms
  2025-12-24 23:15:46 /build/assets/Edit-C4P7t_N1.css .............. ~ 0.11ms
  2025-12-24 23:15:46 /build/assets/Index-Db44Mj__.js .............. ~ 0.09ms
  2025-12-24 23:15:46 /build/assets/Show-Qtozdjv1.js ............... ~ 0.12ms
  2025-12-24 23:15:46 /build/assets/MyTimetable-GtIRky_P.js ........ ~ 0.12ms
  2025-12-24 23:15:46 /build/assets/MyTimetable-DCklv2Sq.css ....... ~ 0.22ms
  2025-12-24 23:15:46 /build/assets/Generate-DR4yFReU.js ........... ~ 0.24ms
  2025-12-24 23:15:46 /build/assets/Constraints-9gtMvr79.js ........ ~ 0.18ms
  2025-12-24 23:15:46 /build/assets/Constraints-BZS0SRTT.css ....... ~ 0.46ms
  2025-12-24 23:15:46 /build/assets/Periods-BbsM6Fh-.js ............ ~ 0.18ms
  2025-12-24 23:15:46 /build/assets/SubjectAllocation-Z6UcFIJy.js .. ~ 0.49ms
  2025-12-24 23:15:46 /build/assets/SubjectAllocation-LlDamDcb.css . ~ 0.19ms
  2025-12-24 23:15:46 /build/assets/ClassTimetable-Dcw09Z05.js ..... ~ 0.31ms
  2025-12-24 23:15:46 /build/assets/ClassTimetable-DKnYbDuK.css .... ~ 0.16ms
  2025-12-24 23:15:47 /build/assets/TeacherTimetable-lTjm-Wt8.js ... ~ 0.16ms
  2025-12-24 23:15:47 /build/assets/Welcome-D3MSiuFg.js ............ ~ 0.14ms
  2025-12-24 23:15:47 /build/assets/DefaultLayout-CZjYLiYR.js ...... ~ 0.15ms
  2025-12-24 23:15:47 /build/assets/DefaultLayout-UfeXBpZ5.css ..... ~ 0.11ms
  2025-12-24 23:15:47 /build/assets/Pagination-ECRwH47T.js ......... ~ 0.13ms
  2025-12-24 23:15:47 /build/assets/Pagination-BbeKvaSo.css ........ ~ 0.77ms
  2025-12-24 23:15:47 /build/assets/lodash-BWuwFB3v.js ............. ~ 0.11ms
  2025-12-24 23:15:47 /build/assets/Footer-Gje_vOTM.js ............. ~ 0.12ms
  2025-12-24 23:15:47 /build/assets/Footer-Dp49msI0.css ............ ~ 0.17ms
  2025-12-24 23:16:02 /build/assets/PublicSans-Bold-DEFlLvwJ.ttf ... ~ 3.69ms
  2025-12-24 23:16:04 /employee/subjects ......................... ~ 501.16ms
  2025-12-24 23:16:04 /build/assets/PublicSans-Italic-CJ7-AYW_.ttf . ~ 0.19ms
  2025-12-24 23:16:08 /employee/exams/enrolled-students ............ ~ 0.40ms
  2025-12-24 23:16:08 /employee/exams/existing-marks ............... ~ 0.20ms
  2025-12-24 23:16:08 /build/assets/PublicSans-BoldItalic-BaH7kqXb.ttf  ~ 0.26ms
  2025-12-24 23:16:08 /employee/exam-subject-skills ................ ~ 0.26ms
  2025-12-24 23:16:21 /employee/exams/save-marks ................. ~ 500.45ms
  PHP Deprecated:  App\Models\Employee::scopeSearch(): Implicitly marking parameter $terms as nullable is deprecated, the explicit nullable type must be used instead in /home/ecobiz/Documents/Software/School-Management-System-CMS/app/Models/Employee.php on line 453
  2025-12-24 23:24:28 /employee/exams/enter-marks .................. ~ 0.61ms
  2025-12-24 23:24:28 /build/assets/app-BuAiy87a.css ............... ~ 0.20ms
  2025-12-24 23:24:28 /build/assets/app-CIwfdflE.css ............... ~ 1.27ms
  2025-12-24 23:24:28 /build/assets/app-BtMGlBNi.js ................ ~ 0.24ms
  2025-12-24 23:24:29 /build/assets/EnterMarks-B0LnR8dI.js ......... ~ 0.35ms
  2025-12-24 23:24:29 /build/assets/DefaultLayout-CZjYLiYR.js ...... ~ 0.18ms
  2025-12-24 23:24:29 /build/assets/Footer-Gje_vOTM.js ............. ~ 0.25ms
  2025-12-24 23:24:29 /build/assets/Footer-Dp49msI0.css ............ ~ 0.24ms
  2025-12-24 23:24:29 /build/assets/DefaultLayout-UfeXBpZ5.css ..... ~ 0.17ms
  2025-12-24 23:24:29 /build/assets/index-BOyi1N20.js .............. ~ 0.19ms
  2025-12-24 23:24:29 /build/assets/EnterMarks-DwL5Vpbu.css ........ ~ 0.55ms
  2025-12-24 23:24:29 /favicon.ico ................................. ~ 0.29ms
  2025-12-24 23:24:29 /assets/images/branding/skaas-schools-logo.png  ~ 0.83ms
  2025-12-24 23:24:29 /employee/datatable/exams .................... ~ 0.15ms
  2025-12-24 23:24:30 /employee/classes .......................... ~ 503.47ms
  2025-12-24 23:24:30 /build/assets/boxicons-CeGEncwm.woff2 ...... ~ 507.16ms
  2025-12-24 23:24:30 /build/assets/PublicSans-Medium-DOt0zBLs.ttf . ~ 2.38ms
  2025-12-24 23:24:30 /build/assets/PublicSans-Regular-CcK-bgQZ.ttf  ~ 2.96ms
  2025-12-24 23:24:30 /build/assets/PublicSans-MediumItalic-DuodZiUi.ttf  ~ 3.24ms
  2025-12-24 23:24:30 /build/assets/OnlineApplications-BArVHkIj.js . ~ 0.64ms
  2025-12-24 23:24:30 /build/assets/OnlineApplications-CZwoTwJe.css  ~ 1.13ms
  2025-12-24 23:24:30 /build/assets/Index-C1K6ru1x.js .............. ~ 0.28ms
  2025-12-24 23:24:30 /build/assets/Report-BKILL8YM.js ............. ~ 0.44ms
  2025-12-24 23:24:30 /build/assets/debounce-B-eNu6_e.js ........... ~ 0.44ms
  2025-12-24 23:24:30 /build/assets/ConfirmPassword-B2xDz2ia.js .... ~ 2.57ms
  2025-12-24 23:24:30 /build/assets/GuestLayout-CavBf92I.js ........ ~ 0.41ms
  2025-12-24 23:24:30 /build/assets/GuestLayout-D0pWnSgT.css ....... ~ 0.39ms
  2025-12-24 23:24:30 /build/assets/InputError-DsKubmnd.js ......... ~ 1.70ms
  2025-12-24 23:24:30 /build/assets/InputLabel-ClYBtuXY.js ......... ~ 0.21ms
  2025-12-24 23:24:31 /build/assets/PrimaryButton-Dx9Gs-QG.js ...... ~ 0.31ms
  2025-12-24 23:24:31 /build/assets/TextInput-DA-SaAlg.js .......... ~ 1.30ms
  2025-12-24 23:24:31 /build/assets/ForgotPassword-CeoOp5SB.js ..... ~ 0.49ms
  2025-12-24 23:24:31 /build/assets/Checkbox-BXLVFPzU.js ........... ~ 1.67ms
  2025-12-24 23:24:31 /build/assets/Login-Cnx3K02r.js .............. ~ 3.19ms
  2025-12-24 23:24:31 /build/assets/Register-D0Dgw8tC.js ........... ~ 0.21ms
  2025-12-24 23:24:31 /build/assets/ResetPassword-BnRLHvvj.js ...... ~ 0.40ms
  2025-12-24 23:24:31 /build/assets/VerifyEmail-CEyllq4_.js ........ ~ 1.55ms
  2025-12-24 23:24:31 /build/assets/Index-Cth74VPG.js .............. ~ 0.41ms
  2025-12-24 23:24:31 /build/assets/SchoolCalendar-DY8nyl9L.js ..... ~ 0.33ms
  2025-12-24 23:24:31 /build/assets/SchoolCalendar-qEf1aTuN.css .... ~ 0.20ms
  2025-12-24 23:24:31 /build/assets/Index-BnFyYwu-.js .............. ~ 0.16ms
  2025-12-24 23:24:31 /build/assets/index-RrlS12bl.js .............. ~ 0.24ms
  2025-12-24 23:24:31 /build/assets/Show-C73Oc_r3.js ............... ~ 0.19ms
  2025-12-24 23:24:31 /build/assets/Show-BI6oj0NI.css .............. ~ 0.20ms
  2025-12-24 23:24:31 /build/assets/Allowance-XkTQfaVo.js .......... ~ 0.25ms
  2025-12-24 23:24:31 /build/assets/BlogCategories-CCgqbyGc.js ..... ~ 0.28ms
  2025-12-24 23:24:31 /build/assets/Deduction-Dyfxj3kH.js .......... ~ 0.26ms
  2025-12-24 23:24:31 /build/assets/Divisions-BZrSsbnv.js .......... ~ 0.13ms
  2025-12-24 23:24:31 /build/assets/EmploymentStatuses-eHcENBDo.js . ~ 0.16ms
  2025-12-24 23:24:31 /build/assets/EmploymentTypes-Cmulbx6s.js .... ~ 0.13ms
  2025-12-24 23:24:31 /build/assets/Genders-Dpcn7ip6.js ............ ~ 0.53ms
  2025-12-24 23:24:31 /build/assets/Honorifics-CltRzArm.js ......... ~ 0.85ms
  2025-12-24 23:24:31 /build/assets/Income-ClC2jNPM.js ............. ~ 0.13ms
  2025-12-24 23:24:31 /build/assets/Index-CQSC8UHR.js .............. ~ 0.96ms
  2025-12-24 23:24:31 /build/assets/Index-hOtiuyDQ.css ............. ~ 1.76ms
  2025-12-24 23:24:31 /build/assets/JobTitles-D4Tm5TZ-.js .......... ~ 0.40ms
  2025-12-24 23:24:31 /build/assets/QualificationTypes-DMiCfoXn.js . ~ 1.44ms
  2025-12-24 23:24:31 /build/assets/Relationships-qX2ntCBL.js ...... ~ 0.56ms
  2025-12-24 23:24:31 /build/assets/Religions-CWXADSE1.js .......... ~ 0.30ms
  2025-12-24 23:24:31 /build/assets/SalaryGrade-mIvMsqFx.js ........ ~ 1.75ms
  2025-12-24 23:24:31 /build/assets/SalaryScale-BA53Uwg0.js ........ ~ 1.72ms
  2025-12-24 23:24:31 /build/assets/Streams-CHVLJG6Z.js ............ ~ 0.20ms
  2025-12-24 23:24:31 /build/assets/Subjects-Dyxg46-8.js ........... ~ 1.13ms
  2025-12-24 23:24:31 /build/assets/TeacherTitles-DxLFViBD.js ...... ~ 0.10ms
  2025-12-24 23:24:31 /build/assets/Dashboard-C9NnJMrG.js .......... ~ 0.09ms
  2025-12-24 23:24:31 /build/assets/GreetingCard-Bg3aZOAr.js ....... ~ 0.15ms
  2025-12-24 23:24:31 /build/assets/GreetingCard-d-HuJ_xn.css ...... ~ 0.15ms
  2025-12-24 23:24:31 /build/assets/index-BOyi1N20.js .............. ~ 0.10ms
  2025-12-24 23:24:31 /build/assets/AssignClasses-C6Yi1dZS.js ...... ~ 0.08ms
  2025-12-24 23:24:31 /build/assets/AssignClasses-DNa1Zu07.css ..... ~ 0.11ms
  2025-12-24 23:24:31 /build/assets/AssignSubjects-C0KN6maT.js ..... ~ 0.09ms
  2025-12-24 23:24:31 /build/assets/Edit-DHhmZKX6.js ............... ~ 0.13ms
  2025-12-24 23:24:31 /build/assets/Edit-BY4eCtR7.css .............. ~ 0.86ms
  2025-12-24 23:24:31 /build/assets/EmergencyContactAccordion-KBKOgGIV.js  ~ 0.17ms
  2025-12-24 23:24:31 /build/assets/EmployeeDataAccordion-BRZm9WBe.js  ~ 0.21ms
  2025-12-24 23:24:31 /build/assets/Index-Cevzn_6x.js .............. ~ 0.14ms
  2025-12-24 23:24:31 /build/assets/Modal-CIl0yhGf.js .............. ~ 0.43ms
  2025-12-24 23:24:31 /build/assets/Dropdown-DHpTL3PX.js ........... ~ 0.38ms
  2025-12-24 23:24:31 /build/assets/Index-CCa_qaaw.css ............. ~ 0.11ms
  2025-12-24 23:24:31 /build/assets/Index-CUnuMXru.js .............. ~ 0.10ms
  2025-12-24 23:24:31 /build/assets/Index-gehn0z9Y.css ............. ~ 0.25ms
  2025-12-24 23:24:31 /build/assets/QualificationDetailAccordion-Czk5LLlY.js  ~ 1.39ms
  2025-12-24 23:24:31 /build/assets/Show-BsTpOem4.js ............... ~ 0.10ms
  2025-12-24 23:24:31 /build/assets/Create-CP9_0-ri.js ............. ~ 0.15ms
  2025-12-24 23:24:31 /build/assets/Create-Kc1s9BP_.css ............ ~ 0.09ms
  2025-12-24 23:24:31 /build/assets/Edit-DcpGXECV.js ............... ~ 0.08ms
  2025-12-24 23:24:31 /build/assets/Edit-BXvpM3JB.css .............. ~ 0.12ms
  2025-12-24 23:24:31 /build/assets/Index-DnJnRz9v.js .............. ~ 0.11ms
  2025-12-24 23:24:31 /build/assets/Show-mDdoVPIt.js ............... ~ 0.76ms
  2025-12-24 23:24:31 /build/assets/Show-BcbfK-aJ.css .............. ~ 0.19ms
  2025-12-24 23:24:31 /build/assets/WorkHistoryAccordion-ZWuY2NU9.js  ~ 0.19ms
  2025-12-24 23:24:31 /build/assets/FeeBalance-DEj5xCZI.js ......... ~ 0.67ms
  2025-12-24 23:24:31 /build/assets/FeeBalance-VxAQu3JP.css ........ ~ 0.13ms
  2025-12-24 23:24:31 /build/assets/FeeReport-C63p46Om.js .......... ~ 0.13ms
  2025-12-24 23:24:31 /build/assets/FeeReport-8VCRTbjL.css ......... ~ 0.23ms
  2025-12-24 23:24:31 /build/assets/Create-BD8UDbLO.js ............. ~ 1.43ms
  2025-12-24 23:24:31 /build/assets/Create-v8Xhr7wC.css ............ ~ 0.34ms
  2025-12-24 23:24:31 /build/assets/Edit-BZDc2bqR.js ............... ~ 0.86ms
  2025-12-24 23:24:31 /build/assets/Edit-BHrrC4kE.css .............. ~ 1.52ms
  2025-12-24 23:24:31 /build/assets/Index-DG05Mu3A.js .............. ~ 4.43ms
  2025-12-24 23:24:31 /build/assets/Index-B3zSWBtC.css ............. ~ 0.37ms
  2025-12-24 23:24:31 /build/assets/Index-CnWNm9u6.js .............. ~ 0.18ms
  2025-12-24 23:24:32 /build/assets/Index-Doodeb1f.css ............. ~ 2.15ms
  2025-12-24 23:24:32 /build/assets/PaymentHistory-BFDsZqMG.js ..... ~ 0.44ms
  2025-12-24 23:24:32 /build/assets/PaymentHistory-BJycJNMh.css .... ~ 0.37ms
  2025-12-24 23:24:32 /build/assets/Reports-bdfFfy8K.js ............ ~ 0.40ms
  2025-12-24 23:24:32 /build/assets/chart-BR_H7_9u.js .............. ~ 0.26ms
  2025-12-24 23:24:32 /build/assets/CollectionReport-C_EDT3OJ.js ... ~ 0.27ms
  2025-12-24 23:24:32 /build/assets/CollectionReport-DYb6BmdP.css .. ~ 0.24ms
  2025-12-24 23:24:32 /build/assets/Overview-wkEMBo9R.js ........... ~ 0.19ms
  2025-12-24 23:24:32 /build/assets/TransferFunds-zsPbkj8c.js ...... ~ 0.11ms
  2025-12-24 23:24:32 /build/assets/TransferFunds-CH4O_5Wh.css ..... ~ 0.13ms
  2025-12-24 23:24:32 /build/assets/TransferHistory-C-XdWg-J.js .... ~ 0.13ms
  2025-12-24 23:24:32 /build/assets/TransferHistory-Cpner_fp.css ... ~ 0.15ms
  2025-12-24 23:24:32 /build/assets/VerifyPayment-3DgANU4T.js ...... ~ 0.18ms
  2025-12-24 23:24:32 /build/assets/VerifyPayment-DoPr7nd5.css ..... ~ 0.28ms
  2025-12-24 23:24:32 /build/assets/Index-DSCgecPh.js .............. ~ 0.37ms
  2025-12-24 23:24:32 /build/assets/Create-DDBj6UDa.js ............. ~ 0.57ms
  2025-12-24 23:24:32 /build/assets/Index-DGD2W0PO.js .............. ~ 0.28ms
  2025-12-24 23:24:32 /build/assets/Index-CTLxQcaM.js .............. ~ 0.28ms
  2025-12-24 23:24:32 /build/assets/Assignments-DT22ddaR.js ........ ~ 0.87ms
  2025-12-24 23:24:32 /build/assets/Assignments-E-S82EKF.css ....... ~ 0.27ms
  2025-12-24 23:24:32 /build/assets/Classes-p4lrpihy.js ............ ~ 0.24ms
  2025-12-24 23:24:32 /build/assets/Classes-fTwbkkVc.css ........... ~ 0.25ms
  2025-12-24 23:24:32 /build/assets/Materials-sbKBAMcb.js .......... ~ 0.26ms
  2025-12-24 23:24:32 /build/assets/Materials-C0tM08BT.css ......... ~ 0.26ms
  2025-12-24 23:24:32 /build/assets/Submissions-BHzKflBE.js ........ ~ 0.22ms
  2025-12-24 23:24:32 /build/assets/Submissions-tVJZ77wn.css ....... ~ 0.66ms
  2025-12-24 23:24:32 /build/assets/Index-BHo6e6BB.js .............. ~ 0.35ms
  2025-12-24 23:24:32 /build/assets/AllStaff-CEG8MeCP.js ........... ~ 0.57ms
  2025-12-24 23:24:32 /build/assets/AllStudents-B1qxomX-.js ........ ~ 0.20ms
  2025-12-24 23:24:32 /build/assets/Index-CxUnJcRk.js .............. ~ 0.32ms
  2025-12-24 23:24:32 /build/assets/index-DHXAGmwn.css ............. ~ 0.15ms
  2025-12-24 23:24:32 /build/assets/StaffAttendance-BlbCgwVq.js .... ~ 0.41ms
  2025-12-24 23:24:32 /build/assets/Index-Blhj00Jh.js .............. ~ 0.92ms
  2025-12-24 23:24:32 /build/assets/AcademicYears-C3Z6zYt7.js ...... ~ 2.69ms
  2025-12-24 23:24:32 /build/assets/Create-pEX67v2i.js ............. ~ 0.37ms
  2025-12-24 23:24:32 /build/assets/Create-DCBl5WcC.css ............ ~ 0.12ms
  2025-12-24 23:24:32 /build/assets/Index-CYXJuguz.js .............. ~ 0.27ms
  2025-12-24 23:24:32 /build/assets/Create-DKKzBbv1.js ............. ~ 0.32ms
  2025-12-24 23:24:32 /build/assets/Create-C8kjwkFB.css ............ ~ 0.16ms
  2025-12-24 23:24:32 /build/assets/Edit-CQ8R9h6L.js ............... ~ 0.13ms
  2025-12-24 23:24:32 /build/assets/Edit-ujsFgBVD.css .............. ~ 0.98ms
  2025-12-24 23:24:32 /build/assets/Index-B0SZwK5Q.js .............. ~ 0.23ms
  2025-12-24 23:24:32 /build/assets/Index-CyoEYGUx.css ............. ~ 0.27ms
  2025-12-24 23:24:32 /build/assets/Show-DiKYopt-.js ............... ~ 0.13ms
  2025-12-24 23:24:32 /build/assets/Show-Bq3C96w7.css .............. ~ 0.23ms
  2025-12-24 23:24:32 /build/assets/Index-q-5sIyN4.js .............. ~ 0.11ms
  2025-12-24 23:24:32 /build/assets/Index-BNCCPdWN.js .............. ~ 0.18ms
  2025-12-24 23:24:32 /build/assets/Index-DI0SQ82Y.js .............. ~ 0.20ms
  2025-12-24 23:24:32 /build/assets/Blogs-ChW2ryaj.js .............. ~ 0.18ms
  2025-12-24 23:24:32 /build/assets/Editor-l0e1ol0h.js ............. ~ 0.09ms
  2025-12-24 23:24:32 /build/assets/Editor-DCiBGPfP.css ............ ~ 0.12ms
  2025-12-24 23:24:32 /build/assets/Careers-h7IkThwV.js ............ ~ 0.10ms
  2025-12-24 23:24:32 /build/assets/Index-DELBBwgx.js .............. ~ 0.15ms
  2025-12-24 23:24:32 /build/assets/Index-DJ9xZC-1.css ............. ~ 0.11ms
  2025-12-24 23:24:32 /build/assets/Buttons-EoAOPCCs.js ............ ~ 0.09ms
  2025-12-24 23:24:32 /build/assets/Buttons-DHNf4XXu.css ........... ~ 0.39ms
  2025-12-24 23:24:32 /build/assets/Colors-COl9VYjW.js ............. ~ 0.19ms
  2025-12-24 23:24:32 /build/assets/Index-BQ_vkt5F.js .............. ~ 0.37ms
  2025-12-24 23:24:32 /build/assets/Index-CEPBEXi6.css ............. ~ 0.14ms
  2025-12-24 23:24:32 /build/assets/Index-8FvxowY2.js .............. ~ 0.25ms
  2025-12-24 23:24:32 /build/assets/Index-BeCjOJb2.js .............. ~ 0.21ms
  2025-12-24 23:24:32 /build/assets/Create-DcAZ29PZ.js ............. ~ 0.17ms
  2025-12-24 23:24:32 /build/assets/Create-Co4pdLcW.css ............ ~ 0.17ms
  2025-12-24 23:24:32 /build/assets/Edit-DDr0UUkI.js ............... ~ 0.12ms
  2025-12-24 23:24:32 /build/assets/Edit-CQCm6wpr.css .............. ~ 0.16ms
  2025-12-24 23:24:32 /build/assets/Index-be_eswSK.js .............. ~ 0.16ms
  2025-12-24 23:24:32 /build/assets/ManagePageSections-Dc9BkDyC.js . ~ 0.15ms
  2025-12-24 23:24:32 /build/assets/ManagePageSections-Bn7DDJFs.css  ~ 0.23ms
  2025-12-24 23:24:32 /build/assets/Index-Ca8B0tbn.js .............. ~ 0.17ms
  2025-12-24 23:24:32 /build/assets/Login-CLNllQkD.js .............. ~ 0.23ms
  2025-12-24 23:24:32 /build/assets/Dashboard-Cjy_u_55.js .......... ~ 0.37ms
  2025-12-24 23:24:32 /build/assets/AssignClasses-B7CqsFCz.js ...... ~ 0.17ms
  2025-12-24 23:24:32 /build/assets/AssignClasses-BpmGkGfR.css ..... ~ 0.31ms
  2025-12-24 23:24:32 /build/assets/Index-CnNVnwzF.js .............. ~ 0.26ms
  2025-12-24 23:24:32 /build/assets/Functions-DBdvPDQ4.js .......... ~ 0.15ms
  2025-12-24 23:24:32 /build/assets/MarkAttendance-DsKdq_Zo.js ..... ~ 0.18ms
  2025-12-24 23:24:32 /build/assets/Report-gQ1t-fxO.js ............. ~ 0.11ms
  2025-12-24 23:24:32 /build/assets/Login-DcmN2gd4.js .............. ~ 0.13ms
  2025-12-24 23:24:32 /build/assets/Login-C4dk7bUa.css ............. ~ 0.14ms
  2025-12-24 23:24:32 /build/assets/Index-C_2UmDP3.js ............ ~ 500.54ms
  2025-12-24 23:24:32 /build/assets/Dashboard-BuxpuPk2.js .......... ~ 0.17ms
  2025-12-24 23:24:33 /build/assets/Dashboard-DMZbz74x.css ......... ~ 0.28ms
  2025-12-24 23:24:33 /build/assets/EnterMarks-B0LnR8dI.js ......... ~ 0.19ms
  2025-12-24 23:24:33 /build/assets/EnterMarks-DwL5Vpbu.css ........ ~ 0.71ms
  2025-12-24 23:24:33 /build/assets/SubmittedMarks-72CkkRlt.js ..... ~ 0.50ms
  2025-12-24 23:24:33 /build/assets/SubmittedMarks-CTHh4nKk.css .... ~ 0.10ms
  2025-12-24 23:24:33 /build/assets/Index-Wp4DaDQy.js .............. ~ 0.12ms
  2025-12-24 23:24:33 /build/assets/Index-bfWcpLwP.css ............. ~ 0.17ms
  2025-12-24 23:24:33 /build/assets/EmergencyContacts-MAWgNgin.js .. ~ 0.16ms
  2025-12-24 23:24:33 /build/assets/EmployeeDetails-Ch0faZ6F.js .... ~ 0.09ms
  2025-12-24 23:24:33 /build/assets/Qualifications-DHq6skGy.js ..... ~ 0.08ms
  2025-12-24 23:24:33 /build/assets/UpdatePassword-DrnVHBT3.js ..... ~ 0.08ms
  2025-12-24 23:24:33 /build/assets/UpdatePassword-BJM0g8p3.css .... ~ 0.09ms
  2025-12-24 23:24:33 /build/assets/WorkHistories-B1KYJojb.js ...... ~ 0.11ms
  2025-12-24 23:24:33 /build/assets/Index-CuXYCp-x.js .............. ~ 0.13ms
  2025-12-24 23:24:33 /build/assets/Index-CQSrs7sh.css ............. ~ 0.08ms
  2025-12-24 23:24:33 /build/assets/Index-GWBMYpTf.js .............. ~ 0.26ms
  2025-12-24 23:24:33 /build/assets/Index-QeIx4N54.js .............. ~ 0.21ms
  2025-12-24 23:24:33 /build/assets/ApprovalQueue-M7-EHw7H.js ...... ~ 0.51ms
  2025-12-24 23:24:33 /build/assets/ApprovalQueue-Dj6kgcRy.css ..... ~ 0.18ms
  2025-12-24 23:24:33 /build/assets/Index-BKvMkuWg.js .............. ~ 0.20ms
  2025-12-24 23:24:33 /build/assets/Index-Cm38Iza_.js .............. ~ 0.34ms
  2025-12-24 23:24:33 /build/assets/PayrollAdjustment-OlFbbvh1.js .. ~ 1.57ms
  2025-12-24 23:24:33 /build/assets/iziToast-DzHbHxGk.js ........... ~ 0.19ms
  2025-12-24 23:24:33 /build/assets/PayrollAdjustmentAllowance-MNHHFOrs.js  ~ 0.13ms
  2025-12-24 23:24:33 /build/assets/PayrollAdjustmentDeduction-CKVrvmuS.js  ~ 0.11ms
  2025-12-24 23:24:33 /build/assets/PayrollDetails-BWhAgiXX.js ..... ~ 0.27ms
  2025-12-24 23:24:33 /build/assets/PayrollRun-BCNDlJY0.js ......... ~ 0.09ms
  2025-12-24 23:24:33 /build/assets/Edit-B1HGmJFl.js ............... ~ 0.12ms
  2025-12-24 23:24:33 /build/assets/SecondaryButton-CIWECRtD.js .... ~ 0.14ms
  2025-12-24 23:24:33 /build/assets/Index-DknNErSI.js .............. ~ 0.11ms
  2025-12-24 23:24:33 /build/assets/DeleteUserForm-BEkImKK2.js ..... ~ 0.14ms
  2025-12-24 23:24:33 /build/assets/UpdatePasswordForm-Cl5FQvW5.js . ~ 0.12ms
  2025-12-24 23:24:33 /build/assets/UpdateProfileInformationForm-CNp0Bjwh.js  ~ 0.25ms
  2025-12-24 23:24:33 /build/assets/Index-DM69dNGo.js .............. ~ 0.22ms
  2025-12-24 23:24:33 /build/assets/Index-Bdx268IB.css ............. ~ 0.41ms
  2025-12-24 23:24:33 /build/assets/Success-DBBxY3Bu.js ............ ~ 0.19ms
  2025-12-24 23:24:33 /build/assets/Success-r-hqeCiF.css ........... ~ 0.27ms
  2025-12-24 23:24:33 /build/assets/Track-Cv5MEkSS.js .............. ~ 0.16ms
  2025-12-24 23:24:33 /build/assets/Track-L7omozRj.css ............. ~ 0.13ms
  2025-12-24 23:24:33 /build/assets/TrackingForm-cYk5MIon.js ....... ~ 0.15ms
  2025-12-24 23:24:33 /build/assets/TrackingForm-BbDMoIBK.css ...... ~ 0.10ms
  2025-12-24 23:24:33 /build/assets/Index-CrPuMe4a.js .............. ~ 0.09ms
  2025-12-24 23:24:33 /build/assets/StudentLayout-m5xoRKOH.js ...... ~ 0.09ms
  2025-12-24 23:24:33 /build/assets/StudentLayout-OSj59oVD.css ..... ~ 0.11ms
  2025-12-24 23:24:33 /build/assets/ChangePassword-CeCL_1-u.js ..... ~ 0.08ms
  2025-12-24 23:24:33 /build/assets/Index-ZrZR0rlx.js .............. ~ 0.10ms
  2025-12-24 23:24:33 /build/assets/Dashboard-CadrW6ck.js .......... ~ 0.10ms
  2025-12-24 23:24:33 /build/assets/Dashboard-XybeFVte.css ......... ~ 0.12ms
  2025-12-24 23:24:33 /build/assets/Index-I-d16tnj.js .............. ~ 0.28ms
  2025-12-24 23:24:33 /build/assets/Assignments-BOxfcwE2.js ........ ~ 0.73ms
  2025-12-24 23:24:33 /build/assets/Assignments-BdxcnUAt.css ....... ~ 0.29ms
  2025-12-24 23:24:33 /build/assets/Classes-CoeCR3N4.js ............ ~ 0.18ms
  2025-12-24 23:24:33 /build/assets/Classes-CYXZVLji.css ........... ~ 0.11ms
  2025-12-24 23:24:33 /build/assets/Dashboard-NnYKRjwh.js .......... ~ 0.15ms
  2025-12-24 23:24:33 /build/assets/Dashboard-Df8LdpHi.css ......... ~ 0.10ms
  2025-12-24 23:24:33 /build/assets/Materials-D_KfWPSc.css ......... ~ 0.11ms
  2025-12-24 23:24:33 /build/assets/Materials-NH0c_9Vk.js .......... ~ 0.60ms
  2025-12-24 23:24:33 /build/assets/Index-DBuhXfuU.js .............. ~ 0.10ms
  2025-12-24 23:24:33 /build/assets/Edit-Bpn9BUuD.js ............... ~ 0.09ms
  2025-12-24 23:24:33 /build/assets/Edit-C4P7t_N1.css .............. ~ 0.74ms
  2025-12-24 23:24:33 /build/assets/Index-Db44Mj__.js .............. ~ 0.09ms
  2025-12-24 23:24:33 /build/assets/Show-Qtozdjv1.js ............... ~ 0.11ms
  2025-12-24 23:24:33 /build/assets/MyTimetable-GtIRky_P.js ........ ~ 0.10ms
  2025-12-24 23:24:33 /build/assets/MyTimetable-DCklv2Sq.css ....... ~ 0.12ms
  2025-12-24 23:24:33 /build/assets/Generate-DR4yFReU.js ........... ~ 0.45ms
  2025-12-24 23:24:33 /build/assets/Constraints-9gtMvr79.js ........ ~ 0.20ms
  2025-12-24 23:24:33 /build/assets/Constraints-BZS0SRTT.css ....... ~ 0.21ms
  2025-12-24 23:24:33 /build/assets/Periods-BbsM6Fh-.js ............ ~ 0.18ms
  2025-12-24 23:24:33 /build/assets/SubjectAllocation-Z6UcFIJy.js .. ~ 0.09ms
  2025-12-24 23:24:33 /build/assets/SubjectAllocation-LlDamDcb.css . ~ 0.08ms
  2025-12-24 23:24:33 /build/assets/ClassTimetable-Dcw09Z05.js ..... ~ 0.18ms
  2025-12-24 23:24:33 /build/assets/ClassTimetable-DKnYbDuK.css .... ~ 0.08ms
  2025-12-24 23:24:33 /build/assets/TeacherTimetable-lTjm-Wt8.js ... ~ 0.11ms
  2025-12-24 23:24:33 /build/assets/DefaultLayout-CZjYLiYR.js ...... ~ 0.10ms
  2025-12-24 23:24:33 /build/assets/Welcome-D3MSiuFg.js ............ ~ 0.50ms
  2025-12-24 23:24:33 /build/assets/DefaultLayout-UfeXBpZ5.css ..... ~ 0.17ms
  2025-12-24 23:24:33 /build/assets/Pagination-ECRwH47T.js ......... ~ 0.15ms
  2025-12-24 23:24:34 /build/assets/Pagination-BbeKvaSo.css ........ ~ 0.12ms
  2025-12-24 23:24:34 /build/assets/lodash-BWuwFB3v.js ............. ~ 0.14ms
  2025-12-24 23:24:34 /build/assets/Footer-Gje_vOTM.js ............. ~ 0.13ms
  2025-12-24 23:24:34 /build/assets/Footer-Dp49msI0.css ............ ~ 0.13ms
  2025-12-24 23:24:34 /build/assets/PublicSans-Bold-DEFlLvwJ.ttf ... ~ 0.71ms
  2025-12-24 23:24:36 /employee/subjects ......................... ~ 500.43ms
  2025-12-24 23:24:36 /build/assets/PublicSans-Italic-CJ7-AYW_.ttf . ~ 0.10ms
  2025-12-24 23:24:41 /employee/exams/enrolled-students .......... ~ 501.38ms
  2025-12-24 23:24:41 /employee/exams/existing-marks ............... ~ 0.57ms
  2025-12-24 23:24:41 /build/assets/PublicSans-BoldItalic-BaH7kqXb.ttf  ~ 0.59ms
  2025-12-24 23:24:42 /employee/exam-subject-skills .............. ~ 500.74ms
  2025-12-24 23:24:56 /employee/exams/save-marks ................. ~ 501.23ms
  2025-12-24 23:33:22 /employee/exams/enter-marks ...................... ~ 1s
  2025-12-24 23:33:23 /build/assets/app-BuAiy87a.css ............... ~ 0.39ms
  2025-12-24 23:33:23 /build/assets/app-CIwfdflE.css ............... ~ 0.62ms
  2025-12-24 23:33:23 /build/assets/app-BtMGlBNi.js ................ ~ 0.27ms
  2025-12-24 23:33:24 /build/assets/EnterMarks-B0LnR8dI.js ......... ~ 0.55ms
  2025-12-24 23:33:24 /build/assets/DefaultLayout-CZjYLiYR.js ...... ~ 0.37ms
  2025-12-24 23:33:24 /build/assets/Footer-Gje_vOTM.js ........... ~ 501.50ms
  2025-12-24 23:33:24 /build/assets/Footer-Dp49msI0.css ............ ~ 0.17ms
  2025-12-24 23:33:24 /build/assets/DefaultLayout-UfeXBpZ5.css ..... ~ 1.58ms
  2025-12-24 23:33:24 /build/assets/index-BOyi1N20.js .............. ~ 0.85ms
  2025-12-24 23:33:24 /build/assets/EnterMarks-DwL5Vpbu.css ........ ~ 0.32ms
  2025-12-24 23:33:25 /favicon.ico ................................. ~ 1.14ms
  2025-12-24 23:33:25 /employee/datatable/exams ........................ ~ 1s
  2025-12-24 23:33:26 /employee/classes .......................... ~ 503.03ms
  2025-12-24 23:33:26 /build/assets/boxicons-CeGEncwm.woff2 ...... ~ 509.92ms
  2025-12-24 23:33:26 /build/assets/PublicSans-Medium-DOt0zBLs.ttf . ~ 4.45ms
  2025-12-24 23:33:26 /build/assets/PublicSans-Regular-CcK-bgQZ.ttf  ~ 5.08ms
  2025-12-24 23:33:26 /build/assets/PublicSans-MediumItalic-DuodZiUi.ttf  ~ 5.52ms
  2025-12-24 23:33:26 /assets/images/branding/skaas-schools-logo.png  ~ 6.85ms
  2025-12-24 23:33:27 /build/assets/OnlineApplications-BArVHkIj.js . ~ 0.82ms
  2025-12-24 23:33:27 /build/assets/Index-C1K6ru1x.js .............. ~ 0.17ms
  2025-12-24 23:33:27 /build/assets/OnlineApplications-CZwoTwJe.css  ~ 2.54ms
  2025-12-24 23:33:27 /build/assets/Report-BKILL8YM.js ............. ~ 0.26ms
  2025-12-24 23:33:27 /build/assets/debounce-B-eNu6_e.js ........... ~ 0.20ms
  2025-12-24 23:33:27 /build/assets/ConfirmPassword-B2xDz2ia.js .... ~ 0.99ms
  2025-12-24 23:33:27 /build/assets/GuestLayout-CavBf92I.js ........ ~ 1.33ms
  2025-12-24 23:33:27 /build/assets/GuestLayout-D0pWnSgT.css ....... ~ 0.22ms
  2025-12-24 23:33:28 /build/assets/InputError-DsKubmnd.js ......... ~ 0.83ms
  2025-12-24 23:33:28 /build/assets/InputLabel-ClYBtuXY.js ......... ~ 0.37ms
  2025-12-24 23:33:28 /build/assets/PrimaryButton-Dx9Gs-QG.js ...... ~ 0.79ms
  2025-12-24 23:33:28 /build/assets/TextInput-DA-SaAlg.js .......... ~ 1.03ms
  2025-12-24 23:33:28 /build/assets/ForgotPassword-CeoOp5SB.js ..... ~ 0.41ms
  2025-12-24 23:33:28 /build/assets/Login-Cnx3K02r.js .............. ~ 0.34ms
  2025-12-24 23:33:28 /build/assets/Checkbox-BXLVFPzU.js ........... ~ 0.85ms
  2025-12-24 23:33:28 /build/assets/Register-D0Dgw8tC.js ........... ~ 0.23ms
  2025-12-24 23:33:28 /build/assets/ResetPassword-BnRLHvvj.js ...... ~ 2.06ms
  2025-12-24 23:33:28 /build/assets/VerifyEmail-CEyllq4_.js ........ ~ 0.35ms
  2025-12-24 23:33:28 /build/assets/Index-Cth74VPG.js .............. ~ 0.73ms
  2025-12-24 23:33:28 /build/assets/SchoolCalendar-DY8nyl9L.js ..... ~ 0.19ms
  2025-12-24 23:33:28 /build/assets/SchoolCalendar-qEf1aTuN.css .... ~ 0.18ms
  2025-12-24 23:33:28 /build/assets/Index-BnFyYwu-.js .............. ~ 0.17ms
  2025-12-24 23:33:28 /build/assets/index-RrlS12bl.js .............. ~ 0.51ms
  2025-12-24 23:33:28 /build/assets/Show-C73Oc_r3.js ............... ~ 2.61ms
  2025-12-24 23:33:28 /build/assets/Show-BI6oj0NI.css .............. ~ 0.47ms
  2025-12-24 23:33:28 /build/assets/Allowance-XkTQfaVo.js .......... ~ 0.36ms
  2025-12-24 23:33:28 /build/assets/BlogCategories-CCgqbyGc.js .... ~ 10.04ms
  2025-12-24 23:33:28 /build/assets/Deduction-Dyfxj3kH.js .......... ~ 0.22ms
  2025-12-24 23:33:28 /build/assets/Divisions-BZrSsbnv.js .......... ~ 0.79ms
  2025-12-24 23:33:29 /build/assets/EmploymentStatuses-eHcENBDo.js . ~ 0.58ms
  2025-12-24 23:33:29 /build/assets/EmploymentTypes-Cmulbx6s.js .... ~ 0.25ms
  2025-12-24 23:33:29 /build/assets/Genders-Dpcn7ip6.js ............ ~ 1.44ms
  2025-12-24 23:33:29 /build/assets/Honorifics-CltRzArm.js ......... ~ 0.80ms
  2025-12-24 23:33:29 /build/assets/Income-ClC2jNPM.js ............. ~ 0.73ms
  2025-12-24 23:33:29 /build/assets/Index-CQSC8UHR.js .............. ~ 0.56ms
  2025-12-24 23:33:29 /build/assets/Index-hOtiuyDQ.css ............. ~ 0.37ms
  2025-12-24 23:33:29 /build/assets/JobTitles-D4Tm5TZ-.js ........ ~ 504.66ms
  2025-12-24 23:33:29 /build/assets/QualificationTypes-DMiCfoXn.js . ~ 0.21ms
  2025-12-24 23:33:29 /build/assets/Relationships-qX2ntCBL.js ...... ~ 0.27ms
  2025-12-24 23:33:29 /build/assets/Religions-CWXADSE1.js .......... ~ 0.44ms
  2025-12-24 23:33:29 /build/assets/SalaryGrade-mIvMsqFx.js ........ ~ 1.48ms
  2025-12-24 23:33:29 /build/assets/SalaryScale-BA53Uwg0.js ........ ~ 0.40ms
  2025-12-24 23:33:29 /build/assets/Streams-CHVLJG6Z.js ............ ~ 0.36ms
  2025-12-24 23:33:29 /build/assets/Subjects-Dyxg46-8.js ........... ~ 0.41ms
  2025-12-24 23:33:29 /build/assets/TeacherTitles-DxLFViBD.js ...... ~ 0.52ms
  2025-12-24 23:33:30 /build/assets/Dashboard-C9NnJMrG.js .......... ~ 0.56ms
  2025-12-24 23:33:30 /build/assets/PublicSans-Bold-DEFlLvwJ.ttf ... ~ 0.24ms
  2025-12-24 23:33:30 /build/assets/GreetingCard-Bg3aZOAr.js ....... ~ 0.65ms
  2025-12-24 23:33:30 /build/assets/GreetingCard-d-HuJ_xn.css ...... ~ 0.20ms
  2025-12-24 23:33:30 /build/assets/AssignClasses-C6Yi1dZS.js ...... ~ 0.45ms
  2025-12-24 23:33:30 /build/assets/index-BOyi1N20.js .............. ~ 0.70ms
  2025-12-24 23:33:30 /build/assets/AssignClasses-DNa1Zu07.css ..... ~ 1.11ms
  2025-12-24 23:33:31 /build/assets/AssignSubjects-C0KN6maT.js ..... ~ 0.17ms
  2025-12-24 23:33:31 /build/assets/Edit-DHhmZKX6.js ............. ~ 502.04ms
  2025-12-24 23:33:31 /build/assets/Edit-BY4eCtR7.css .............. ~ 2.35ms
  2025-12-24 23:33:31 /build/assets/EmergencyContactAccordion-KBKOgGIV.js  ~ 6.15ms
  2025-12-24 23:33:31 /build/assets/EmployeeDataAccordion-BRZm9WBe.js  ~ 0.22ms
  2025-12-24 23:33:31 /build/assets/Index-Cevzn_6x.js .............. ~ 0.94ms
  2025-12-24 23:33:31 /build/assets/Modal-CIl0yhGf.js .............. ~ 5.27ms
  2025-12-24 23:33:31 /build/assets/Dropdown-DHpTL3PX.js ........... ~ 0.44ms
  2025-12-24 23:33:31 /build/assets/Index-CCa_qaaw.css ............. ~ 0.30ms
  2025-12-24 23:33:31 /build/assets/Index-CUnuMXru.js .............. ~ 1.19ms
  2025-12-24 23:33:31 /build/assets/Index-gehn0z9Y.css ............. ~ 0.40ms
  2025-12-24 23:33:31 /build/assets/QualificationDetailAccordion-Czk5LLlY.js  ~ 0.20ms
  2025-12-24 23:33:31 /build/assets/Show-BsTpOem4.js ............... ~ 0.18ms
  2025-12-24 23:33:31 /build/assets/Create-CP9_0-ri.js ............. ~ 0.28ms
  2025-12-24 23:33:31 /build/assets/Create-Kc1s9BP_.css ............ ~ 0.77ms
  2025-12-24 23:33:31 /build/assets/Edit-DcpGXECV.js ............... ~ 3.51ms
  2025-12-24 23:33:31 /build/assets/Edit-BXvpM3JB.css .............. ~ 0.33ms
  2025-12-24 23:33:31 /build/assets/Index-DnJnRz9v.js .............. ~ 1.21ms
  2025-12-24 23:33:31 /build/assets/Show-mDdoVPIt.js ............... ~ 3.63ms
  2025-12-24 23:33:31 /build/assets/Show-BcbfK-aJ.css .............. ~ 0.84ms
  2025-12-24 23:33:32 /build/assets/WorkHistoryAccordion-ZWuY2NU9.js  ~ 0.26ms
  2025-12-24 23:33:32 /build/assets/FeeBalance-DEj5xCZI.js ......... ~ 1.55ms
  2025-12-24 23:33:32 /employee/subjects ......................... ~ 502.96ms
  2025-12-24 23:33:32 /build/assets/FeeBalance-VxAQu3JP.css ........ ~ 2.39ms
  2025-12-24 23:33:32 /build/assets/FeeReport-C63p46Om.js .......... ~ 5.97ms
  2025-12-24 23:33:32 /build/assets/FeeReport-8VCRTbjL.css ......... ~ 8.26ms
  2025-12-24 23:33:32 /build/assets/PublicSans-Italic-CJ7-AYW_.ttf . ~ 0.46ms
  2025-12-24 23:33:32 /build/assets/Create-BD8UDbLO.js ........... ~ 502.82ms
  2025-12-24 23:33:32 /build/assets/Create-v8Xhr7wC.css ............ ~ 8.25ms
  2025-12-24 23:33:33 /build/assets/Edit-BZDc2bqR.js ............... ~ 0.17ms
  2025-12-24 23:33:33 /build/assets/Edit-BHrrC4kE.css .............. ~ 0.49ms
  2025-12-24 23:33:33 /build/assets/Index-DG05Mu3A.js .............. ~ 1.19ms
  2025-12-24 23:33:33 /build/assets/Index-B3zSWBtC.css ............. ~ 1.98ms
  2025-12-24 23:33:33 /build/assets/Index-CnWNm9u6.js .............. ~ 1.75ms
  2025-12-24 23:33:33 /build/assets/Index-Doodeb1f.css ............. ~ 5.48ms
  2025-12-24 23:33:33 /build/assets/PaymentHistory-BFDsZqMG.js ..... ~ 0.32ms
  2025-12-24 23:33:34 /build/assets/PaymentHistory-BJycJNMh.css .... ~ 1.98ms
  2025-12-24 23:33:34 /build/assets/Reports-bdfFfy8K.js ............ ~ 2.33ms
  2025-12-24 23:33:34 /build/assets/chart-BR_H7_9u.js .............. ~ 1.48ms
  2025-12-24 23:33:34 /build/assets/CollectionReport-C_EDT3OJ.js ... ~ 0.61ms
  2025-12-24 23:33:34 /build/assets/CollectionReport-DYb6BmdP.css .. ~ 0.20ms
  2025-12-24 23:33:34 /build/assets/Overview-wkEMBo9R.js ........... ~ 3.75ms
  2025-12-24 23:33:34 /build/assets/TransferFunds-zsPbkj8c.js ...... ~ 2.05ms
  2025-12-24 23:33:34 /build/assets/TransferFunds-CH4O_5Wh.css ..... ~ 0.52ms
  2025-12-24 23:33:34 /build/assets/TransferHistory-C-XdWg-J.js .... ~ 0.29ms
  2025-12-24 23:33:34 /build/assets/TransferHistory-Cpner_fp.css . ~ 501.91ms
  2025-12-24 23:33:34 /build/assets/VerifyPayment-3DgANU4T.js ...... ~ 0.33ms
  2025-12-24 23:33:34 /build/assets/VerifyPayment-DoPr7nd5.css ..... ~ 0.38ms
  2025-12-24 23:33:34 /build/assets/Index-DSCgecPh.js .............. ~ 0.37ms
  2025-12-24 23:33:34 /build/assets/Create-DDBj6UDa.js ............. ~ 1.04ms
  2025-12-24 23:33:34 /build/assets/Index-DGD2W0PO.js .............. ~ 1.30ms
  2025-12-24 23:33:34 /build/assets/Index-CTLxQcaM.js .............. ~ 0.37ms
  2025-12-24 23:33:34 /build/assets/Assignments-DT22ddaR.js ........ ~ 0.39ms
  2025-12-24 23:33:34 /build/assets/Assignments-E-S82EKF.css ....... ~ 0.36ms
  2025-12-24 23:33:34 /build/assets/Classes-p4lrpihy.js ............ ~ 1.08ms
  2025-12-24 23:33:34 /build/assets/Classes-fTwbkkVc.css ........... ~ 0.34ms
  2025-12-24 23:33:35 /build/assets/Materials-sbKBAMcb.js ........ ~ 502.16ms
  2025-12-24 23:33:35 /build/assets/Materials-C0tM08BT.css ......... ~ 0.53ms
  2025-12-24 23:33:35 /build/assets/Submissions-BHzKflBE.js ........ ~ 0.46ms
  2025-12-24 23:33:35 /build/assets/Submissions-tVJZ77wn.css ....... ~ 0.28ms
  2025-12-24 23:33:35 /build/assets/Index-BHo6e6BB.js .............. ~ 0.96ms
  2025-12-24 23:33:35 /build/assets/AllStaff-CEG8MeCP.js ........... ~ 1.35ms
  2025-12-24 23:33:35 /build/assets/AllStudents-B1qxomX-.js ........ ~ 0.65ms
  2025-12-24 23:33:35 /build/assets/Index-CxUnJcRk.js .............. ~ 0.85ms
  2025-12-24 23:33:35 /build/assets/index-DHXAGmwn.css ............. ~ 0.71ms
  2025-12-24 23:33:35 /build/assets/StaffAttendance-BlbCgwVq.js .... ~ 0.19ms
  2025-12-24 23:33:35 /build/assets/Index-Blhj00Jh.js ............ ~ 503.21ms
  2025-12-24 23:33:35 /build/assets/AcademicYears-C3Z6zYt7.js ...... ~ 1.22ms
  2025-12-24 23:33:35 /build/assets/Create-pEX67v2i.js ............. ~ 0.95ms
  2025-12-24 23:33:35 /build/assets/Create-DCBl5WcC.css ............ ~ 0.34ms
  2025-12-24 23:33:35 /build/assets/Index-CYXJuguz.js .............. ~ 0.23ms
  2025-12-24 23:33:35 /build/assets/Create-DKKzBbv1.js ............. ~ 0.37ms
  2025-12-24 23:33:35 /build/assets/Create-C8kjwkFB.css ............ ~ 0.18ms
  2025-12-24 23:33:35 /build/assets/Edit-CQ8R9h6L.js ............... ~ 0.33ms
  2025-12-24 23:33:35 /build/assets/Edit-ujsFgBVD.css .............. ~ 0.53ms
  2025-12-24 23:33:35 /build/assets/Index-B0SZwK5Q.js .............. ~ 0.26ms
  2025-12-24 23:33:35 /build/assets/Index-CyoEYGUx.css ............. ~ 0.28ms
  2025-12-24 23:33:35 /build/assets/Show-DiKYopt-.js ............... ~ 1.69ms
  2025-12-24 23:33:35 /build/assets/Show-Bq3C96w7.css .............. ~ 0.26ms
  2025-12-24 23:33:36 /build/assets/Index-q-5sIyN4.js .............. ~ 0.62ms
  2025-12-24 23:33:36 /build/assets/Index-BNCCPdWN.js .............. ~ 0.65ms
  2025-12-24 23:33:36 /build/assets/Index-DI0SQ82Y.js .............. ~ 1.21ms
  2025-12-24 23:33:36 /build/assets/Blogs-ChW2ryaj.js .............. ~ 0.49ms
  2025-12-24 23:33:36 /build/assets/Editor-l0e1ol0h.js ............. ~ 0.72ms
  2025-12-24 23:33:36 /build/assets/Editor-DCiBGPfP.css ............ ~ 0.21ms
  2025-12-24 23:33:36 /build/assets/Careers-h7IkThwV.js ............ ~ 0.34ms
  2025-12-24 23:33:36 /build/assets/Index-DELBBwgx.js .............. ~ 0.17ms
  2025-12-24 23:33:36 /employee/exams/enrolled-students .......... ~ 503.17ms
  2025-12-24 23:33:36 /build/assets/Index-DJ9xZC-1.css ............. ~ 0.78ms
  2025-12-24 23:33:36 /build/assets/Buttons-EoAOPCCs.js ............ ~ 3.88ms
  2025-12-24 23:33:36 /build/assets/Buttons-DHNf4XXu.css ........... ~ 5.41ms
  2025-12-24 23:33:36 /employee/exams/existing-marks ............. ~ 508.44ms
  2025-12-24 23:33:37 /build/assets/PublicSans-BoldItalic-BaH7kqXb.ttf  ~ 0.41ms
  2025-12-24 23:33:37 /build/assets/Colors-COl9VYjW.js ............. ~ 0.83ms
  2025-12-24 23:33:37 /build/assets/Index-BQ_vkt5F.js ............. ~ 12.42ms
  2025-12-24 23:33:37 /build/assets/Index-CEPBEXi6.css ............ ~ 30.84ms
  2025-12-24 23:33:37 /employee/exam-subject-skills .............. ~ 510.86ms
  2025-12-24 23:33:37 /build/assets/Index-8FvxowY2.js .............. ~ 0.48ms
  2025-12-24 23:33:38 /build/assets/Index-BeCjOJb2.js .............. ~ 0.55ms
  2025-12-24 23:33:38 /build/assets/Create-DcAZ29PZ.js ............ ~ 10.71ms
  2025-12-24 23:33:38 /build/assets/Create-Co4pdLcW.css ............ ~ 0.63ms
  2025-12-24 23:33:38 /build/assets/Edit-DDr0UUkI.js ............... ~ 5.61ms
  2025-12-24 23:33:38 /build/assets/Edit-CQCm6wpr.css .............. ~ 0.40ms
  2025-12-24 23:33:38 /build/assets/Index-be_eswSK.js .............. ~ 0.49ms
  2025-12-24 23:33:38 /build/assets/ManagePageSections-Dc9BkDyC.js . ~ 0.56ms
  2025-12-24 23:33:38 /build/assets/ManagePageSections-Bn7DDJFs.css  ~ 0.73ms
  2025-12-24 23:33:38 /build/assets/Index-Ca8B0tbn.js .............. ~ 0.33ms
  2025-12-24 23:33:38 /build/assets/Login-CLNllQkD.js .............. ~ 0.33ms
  2025-12-24 23:33:38 /build/assets/Dashboard-Cjy_u_55.js .......... ~ 0.61ms
  2025-12-24 23:33:38 /build/assets/AssignClasses-B7CqsFCz.js ...... ~ 0.93ms
  2025-12-24 23:33:38 /build/assets/AssignClasses-BpmGkGfR.css ..... ~ 0.36ms
  2025-12-24 23:33:38 /build/assets/Index-CnNVnwzF.js .............. ~ 0.35ms
  2025-12-24 23:33:38 /build/assets/Functions-DBdvPDQ4.js .......... ~ 0.25ms
  2025-12-24 23:33:38 /build/assets/MarkAttendance-DsKdq_Zo.js ..... ~ 1.75ms
  2025-12-24 23:33:38 /build/assets/Report-gQ1t-fxO.js ............. ~ 0.22ms
  2025-12-24 23:33:38 /build/assets/Login-DcmN2gd4.js .............. ~ 2.43ms
  2025-12-24 23:33:38 /build/assets/Login-C4dk7bUa.css ............. ~ 5.32ms
  2025-12-24 23:33:39 /build/assets/Index-C_2UmDP3.js .............. ~ 1.32ms
  2025-12-24 23:33:39 /build/assets/Dashboard-BuxpuPk2.js .......... ~ 0.80ms
  2025-12-24 23:33:39 /build/assets/Dashboard-DMZbz74x.css ......... ~ 0.22ms
  2025-12-24 23:33:39 /build/assets/EnterMarks-B0LnR8dI.js ......... ~ 0.36ms
  2025-12-24 23:33:39 /build/assets/EnterMarks-DwL5Vpbu.css ........ ~ 0.32ms
  2025-12-24 23:33:39 /build/assets/SubmittedMarks-72CkkRlt.js ..... ~ 0.32ms
  2025-12-24 23:33:39 /build/assets/SubmittedMarks-CTHh4nKk.css .... ~ 0.33ms
  2025-12-24 23:33:39 /build/assets/Index-Wp4DaDQy.js .............. ~ 0.23ms
  2025-12-24 23:33:39 /build/assets/Index-bfWcpLwP.css ............. ~ 0.38ms
  2025-12-24 23:33:39 /build/assets/EmergencyContacts-MAWgNgin.js .. ~ 0.19ms
  2025-12-24 23:33:39 /build/assets/EmployeeDetails-Ch0faZ6F.js ... ~ 10.60ms
  2025-12-24 23:33:39 /build/assets/Qualifications-DHq6skGy.js ..... ~ 2.91ms
  2025-12-24 23:33:39 /build/assets/UpdatePassword-DrnVHBT3.js ..... ~ 3.28ms
  2025-12-24 23:33:39 /build/assets/UpdatePassword-BJM0g8p3.css ... ~ 16.73ms
  2025-12-24 23:33:39 /build/assets/WorkHistories-B1KYJojb.js ...... ~ 0.29ms
  2025-12-24 23:33:39 /build/assets/Index-CuXYCp-x.js .............. ~ 0.31ms
  2025-12-24 23:33:39 /build/assets/Index-CQSrs7sh.css ............. ~ 0.30ms
  2025-12-24 23:33:39 /build/assets/Index-GWBMYpTf.js ............. ~ 10.69ms
  2025-12-24 23:33:40 /build/assets/Index-QeIx4N54.js .............. ~ 0.95ms
  2025-12-24 23:33:40 /build/assets/ApprovalQueue-M7-EHw7H.js ...... ~ 0.65ms
  2025-12-24 23:33:40 /build/assets/ApprovalQueue-Dj6kgcRy.css ..... ~ 0.46ms
  2025-12-24 23:33:40 /build/assets/Index-BKvMkuWg.js .............. ~ 0.31ms
  2025-12-24 23:33:40 /build/assets/Index-Cm38Iza_.js .............. ~ 0.85ms
  2025-12-24 23:33:40 /build/assets/PayrollAdjustment-OlFbbvh1.js .. ~ 0.46ms
  2025-12-24 23:33:40 /build/assets/iziToast-DzHbHxGk.js ........... ~ 0.77ms
  2025-12-24 23:33:40 /build/assets/PayrollAdjustmentAllowance-MNHHFOrs.js  ~ 0.27ms
  2025-12-24 23:33:40 /build/assets/PayrollAdjustmentDeduction-CKVrvmuS.js  ~ 1.11ms
  2025-12-24 23:33:40 /build/assets/PayrollDetails-BWhAgiXX.js ..... ~ 0.38ms
  2025-12-24 23:33:40 /build/assets/PayrollRun-BCNDlJY0.js ......... ~ 0.80ms
  2025-12-24 23:33:40 /build/assets/Edit-B1HGmJFl.js ............... ~ 2.71ms
  2025-12-24 23:33:40 /build/assets/SecondaryButton-CIWECRtD.js .... ~ 0.66ms
  2025-12-24 23:33:41 /build/assets/Index-DknNErSI.js .............. ~ 0.90ms
  2025-12-24 23:33:41 /build/assets/DeleteUserForm-BEkImKK2.js ..... ~ 1.13ms
  2025-12-24 23:33:41 /build/assets/UpdatePasswordForm-Cl5FQvW5.js . ~ 0.59ms
  2025-12-24 23:33:41 /build/assets/UpdateProfileInformationForm-CNp0Bjwh.js  ~ 0.24ms
  2025-12-24 23:33:41 /build/assets/Index-DM69dNGo.js .............. ~ 1.76ms
  2025-12-24 23:33:41 /build/assets/Index-Bdx268IB.css ............. ~ 0.60ms
  2025-12-24 23:33:41 /build/assets/Success-DBBxY3Bu.js ............ ~ 0.34ms
  2025-12-24 23:33:41 /build/assets/Success-r-hqeCiF.css ........... ~ 0.65ms
  2025-12-24 23:33:41 /build/assets/Track-Cv5MEkSS.js .............. ~ 0.81ms
  2025-12-24 23:33:41 /build/assets/Track-L7omozRj.css ............. ~ 1.09ms
  2025-12-24 23:33:41 /build/assets/TrackingForm-cYk5MIon.js ....... ~ 0.73ms
  2025-12-24 23:33:41 /build/assets/TrackingForm-BbDMoIBK.css ...... ~ 0.19ms
  2025-12-24 23:33:41 /build/assets/Index-CrPuMe4a.js .............. ~ 0.45ms
  2025-12-24 23:33:41 /build/assets/StudentLayout-m5xoRKOH.js ...... ~ 0.56ms
  2025-12-24 23:33:41 /build/assets/StudentLayout-OSj59oVD.css ..... ~ 1.08ms
  2025-12-24 23:33:41 /build/assets/ChangePassword-CeCL_1-u.js ..... ~ 0.93ms
  2025-12-24 23:33:41 /build/assets/Index-ZrZR0rlx.js .............. ~ 0.77ms
  2025-12-24 23:33:42 /build/assets/Dashboard-CadrW6ck.js .......... ~ 0.85ms
  2025-12-24 23:33:42 /build/assets/Dashboard-XybeFVte.css ......... ~ 0.33ms
  2025-12-24 23:33:42 /build/assets/Index-I-d16tnj.js .............. ~ 0.30ms
  2025-12-24 23:33:42 /build/assets/Assignments-BOxfcwE2.js ........ ~ 0.58ms
  2025-12-24 23:33:42 /build/assets/Assignments-BdxcnUAt.css ....... ~ 0.34ms
  2025-12-24 23:33:42 /build/assets/Classes-CoeCR3N4.js ............ ~ 0.34ms
  2025-12-24 23:33:42 /build/assets/Classes-CYXZVLji.css ........... ~ 0.48ms
  2025-12-24 23:33:42 /build/assets/Dashboard-NnYKRjwh.js .......... ~ 5.29ms
  2025-12-24 23:33:42 /build/assets/Dashboard-Df8LdpHi.css ........ ~ 11.64ms
  2025-12-24 23:33:42 /build/assets/Materials-NH0c_9Vk.js .......... ~ 0.20ms
  2025-12-24 23:33:42 /build/assets/Materials-D_KfWPSc.css ......... ~ 0.76ms
  2025-12-24 23:33:42 /build/assets/Index-DBuhXfuU.js .............. ~ 0.54ms
  2025-12-24 23:33:42 /build/assets/Edit-Bpn9BUuD.js ............... ~ 0.25ms
  2025-12-24 23:33:42 /build/assets/Edit-C4P7t_N1.css .............. ~ 0.38ms
  2025-12-24 23:33:42 /build/assets/Index-Db44Mj__.js .............. ~ 2.10ms
  2025-12-24 23:33:42 /build/assets/Show-Qtozdjv1.js ............... ~ 0.17ms
  2025-12-24 23:33:42 /build/assets/MyTimetable-GtIRky_P.js ........ ~ 0.32ms
  2025-12-24 23:33:42 /build/assets/MyTimetable-DCklv2Sq.css ....... ~ 1.08ms
  2025-12-24 23:33:42 /build/assets/Generate-DR4yFReU.js ........... ~ 0.54ms
  2025-12-24 23:33:42 /build/assets/Constraints-9gtMvr79.js ........ ~ 0.42ms
  2025-12-24 23:33:42 /build/assets/Constraints-BZS0SRTT.css ....... ~ 1.70ms
  2025-12-24 23:33:43 /build/assets/Periods-BbsM6Fh-.js ............ ~ 0.23ms
  2025-12-24 23:33:43 /build/assets/SubjectAllocation-Z6UcFIJy.js .. ~ 0.50ms
  2025-12-24 23:33:43 /build/assets/SubjectAllocation-LlDamDcb.css . ~ 0.40ms
  2025-12-24 23:33:43 /build/assets/ClassTimetable-Dcw09Z05.js ..... ~ 0.20ms
  2025-12-24 23:33:43 /build/assets/ClassTimetable-DKnYbDuK.css .. ~ 501.59ms
  2025-12-24 23:33:43 /build/assets/TeacherTimetable-lTjm-Wt8.js ... ~ 0.18ms
  2025-12-24 23:33:43 /build/assets/Welcome-D3MSiuFg.js ............ ~ 0.23ms
  2025-12-24 23:33:43 /build/assets/DefaultLayout-CZjYLiYR.js ...... ~ 0.29ms
  2025-12-24 23:33:43 /build/assets/DefaultLayout-UfeXBpZ5.css ..... ~ 0.32ms
  2025-12-24 23:33:43 /build/assets/Pagination-ECRwH47T.js ......... ~ 1.30ms
  2025-12-24 23:33:43 /build/assets/Pagination-BbeKvaSo.css ........ ~ 0.26ms
  2025-12-24 23:33:43 /build/assets/Footer-Gje_vOTM.js ............. ~ 0.15ms
  2025-12-24 23:33:43 /build/assets/lodash-BWuwFB3v.js ............. ~ 0.51ms
  2025-12-24 23:33:43 /build/assets/Footer-Dp49msI0.css ............ ~ 0.87ms
  2025-12-24 23:33:46 /employee/exams/save-marks ................. ~ 504.57ms
  2025-12-24 23:37:48 /employee/exams/enter-marks ...................... ~ 1s
  2025-12-24 23:37:50 /build/assets/app-BuAiy87a.css ............... ~ 2.82ms
  2025-12-24 23:37:50 /build/assets/app-CIwfdflE.css ............... ~ 0.57ms
  2025-12-24 23:37:50 /build/assets/app-BtMGlBNi.js ................ ~ 0.36ms
  2025-12-24 23:37:50 /build/assets/EnterMarks-B0LnR8dI.js ......... ~ 0.97ms
  2025-12-24 23:37:51 /build/assets/DefaultLayout-CZjYLiYR.js ...... ~ 0.43ms
  2025-12-24 23:37:51 /build/assets/Footer-Gje_vOTM.js ............. ~ 1.00ms
  2025-12-24 23:37:51 /build/assets/Footer-Dp49msI0.css ............ ~ 3.98ms
  2025-12-24 23:37:51 /build/assets/DefaultLayout-UfeXBpZ5.css ..... ~ 3.18ms
  2025-12-24 23:37:51 /build/assets/index-BOyi1N20.js .............. ~ 6.44ms
  2025-12-24 23:37:51 /build/assets/EnterMarks-DwL5Vpbu.css ........ ~ 0.30ms
  2025-12-24 23:37:51 /favicon.ico ................................. ~ 3.32ms
  2025-12-24 23:37:52 /employee/datatable/exams .................. ~ 503.70ms
  2025-12-24 23:37:53 /employee/classes .......................... ~ 508.15ms
  2025-12-24 23:37:53 /build/assets/boxicons-CeGEncwm.woff2 ...... ~ 515.23ms
  2025-12-24 23:37:53 /build/assets/PublicSans-Medium-DOt0zBLs.ttf . ~ 3.51ms
  2025-12-24 23:37:53 /assets/images/branding/skaas-schools-logo.png  ~ 3.90ms
  2025-12-24 23:37:53 /build/assets/PublicSans-Regular-CcK-bgQZ.ttf  ~ 4.23ms
  2025-12-24 23:37:53 /build/assets/PublicSans-MediumItalic-DuodZiUi.ttf  ~ 4.68ms
  2025-12-24 23:37:53 /build/assets/OnlineApplications-BArVHkIj.js . ~ 0.68ms
  2025-12-24 23:37:53 /build/assets/OnlineApplications-CZwoTwJe.css  ~ 1.49ms
  2025-12-24 23:37:53 /build/assets/Index-C1K6ru1x.js .............. ~ 2.10ms
  2025-12-24 23:37:54 /build/assets/Report-BKILL8YM.js ............. ~ 1.17ms
  2025-12-24 23:37:54 /build/assets/debounce-B-eNu6_e.js ........... ~ 0.54ms
  2025-12-24 23:37:54 /build/assets/ConfirmPassword-B2xDz2ia.js .... ~ 4.98ms
  2025-12-24 23:37:54 /build/assets/GuestLayout-CavBf92I.js ........ ~ 0.45ms
  2025-12-24 23:37:54 /build/assets/GuestLayout-D0pWnSgT.css ....... ~ 0.40ms
  2025-12-24 23:37:54 /build/assets/InputError-DsKubmnd.js ......... ~ 0.62ms
  2025-12-24 23:37:54 /build/assets/InputLabel-ClYBtuXY.js ......... ~ 0.27ms
  2025-12-24 23:37:54 /build/assets/PrimaryButton-Dx9Gs-QG.js ...... ~ 0.21ms
  2025-12-24 23:37:54 /build/assets/TextInput-DA-SaAlg.js .......... ~ 0.41ms
  2025-12-24 23:37:54 /build/assets/ForgotPassword-CeoOp5SB.js ..... ~ 0.75ms
  2025-12-24 23:37:54 /build/assets/Login-Cnx3K02r.js .............. ~ 1.04ms
  2025-12-24 23:37:54 /build/assets/Checkbox-BXLVFPzU.js ........... ~ 1.47ms
  2025-12-24 23:37:54 /build/assets/Register-D0Dgw8tC.js ........... ~ 0.53ms
  2025-12-24 23:37:54 /build/assets/ResetPassword-BnRLHvvj.js .... ~ 500.82ms
  2025-12-24 23:37:54 /build/assets/VerifyEmail-CEyllq4_.js ........ ~ 0.86ms
  2025-12-24 23:37:54 /build/assets/Index-Cth74VPG.js .............. ~ 0.38ms
  2025-12-24 23:37:54 /build/assets/SchoolCalendar-DY8nyl9L.js ..... ~ 0.56ms
  2025-12-24 23:37:54 /build/assets/SchoolCalendar-qEf1aTuN.css .... ~ 2.13ms
  2025-12-24 23:37:54 /build/assets/Index-BnFyYwu-.js .............. ~ 0.49ms
  2025-12-24 23:37:54 /build/assets/index-RrlS12bl.js .............. ~ 1.04ms
  2025-12-24 23:37:54 /build/assets/Show-C73Oc_r3.js ............... ~ 0.25ms
  2025-12-24 23:37:55 /build/assets/Show-BI6oj0NI.css .............. ~ 0.19ms
  2025-12-24 23:37:55 /build/assets/Allowance-XkTQfaVo.js .......... ~ 0.37ms
  2025-12-24 23:37:55 /build/assets/BlogCategories-CCgqbyGc.js ..... ~ 0.49ms
  2025-12-24 23:37:55 /build/assets/Deduction-Dyfxj3kH.js .......... ~ 0.37ms
  2025-12-24 23:37:55 /build/assets/Divisions-BZrSsbnv.js .......... ~ 2.29ms
  2025-12-24 23:37:55 /build/assets/EmploymentStatuses-eHcENBDo.js . ~ 2.60ms
  2025-12-24 23:37:55 /build/assets/EmploymentTypes-Cmulbx6s.js .... ~ 0.32ms
  2025-12-24 23:37:55 /build/assets/Genders-Dpcn7ip6.js ............ ~ 0.45ms
  2025-12-24 23:37:55 /build/assets/Honorifics-CltRzArm.js ......... ~ 2.19ms
  2025-12-24 23:37:55 /build/assets/Income-ClC2jNPM.js ............. ~ 0.72ms
  2025-12-24 23:37:55 /build/assets/Index-CQSC8UHR.js .............. ~ 0.30ms
  2025-12-24 23:37:55 /build/assets/Index-hOtiuyDQ.css ............. ~ 0.38ms
  2025-12-24 23:37:55 /build/assets/JobTitles-D4Tm5TZ-.js .......... ~ 0.25ms
  2025-12-24 23:37:55 /build/assets/QualificationTypes-DMiCfoXn.js . ~ 0.44ms
  2025-12-24 23:37:55 /build/assets/Relationships-qX2ntCBL.js ...... ~ 0.50ms
  2025-12-24 23:37:55 /build/assets/Religions-CWXADSE1.js .......... ~ 0.24ms
  2025-12-24 23:37:55 /build/assets/SalaryGrade-mIvMsqFx.js ........ ~ 0.30ms
  2025-12-24 23:37:55 /build/assets/SalaryScale-BA53Uwg0.js ........ ~ 0.68ms
  2025-12-24 23:37:55 /build/assets/Streams-CHVLJG6Z.js ............ ~ 0.36ms
  2025-12-24 23:37:55 /build/assets/Subjects-Dyxg46-8.js ........... ~ 0.41ms
  2025-12-24 23:37:55 /build/assets/TeacherTitles-DxLFViBD.js ...... ~ 0.40ms
  2025-12-24 23:37:56 /build/assets/Dashboard-C9NnJMrG.js .......... ~ 0.34ms
  2025-12-24 23:37:56 /build/assets/GreetingCard-Bg3aZOAr.js ....... ~ 1.59ms
  2025-12-24 23:37:56 /build/assets/GreetingCard-d-HuJ_xn.css ...... ~ 0.47ms
  2025-12-24 23:37:56 /build/assets/AssignClasses-C6Yi1dZS.js ...... ~ 0.49ms
  2025-12-24 23:37:56 /build/assets/index-BOyi1N20.js .............. ~ 0.27ms
  2025-12-24 23:37:56 /build/assets/AssignClasses-DNa1Zu07.css ..... ~ 0.25ms
  2025-12-24 23:37:56 /build/assets/AssignSubjects-C0KN6maT.js ..... ~ 0.71ms
  2025-12-24 23:37:56 /build/assets/Edit-DHhmZKX6.js ............... ~ 0.39ms
  2025-12-24 23:37:56 /build/assets/Edit-BY4eCtR7.css .............. ~ 0.32ms
  2025-12-24 23:37:56 /build/assets/EmergencyContactAccordion-KBKOgGIV.js  ~ 0.34ms
  2025-12-24 23:37:56 /build/assets/EmployeeDataAccordion-BRZm9WBe.js  ~ 0.90ms
  2025-12-24 23:37:56 /build/assets/Index-Cevzn_6x.js .............. ~ 0.56ms
  2025-12-24 23:37:56 /build/assets/Modal-CIl0yhGf.js .............. ~ 0.88ms
  2025-12-24 23:37:56 /build/assets/Dropdown-DHpTL3PX.js ........... ~ 0.43ms
  2025-12-24 23:37:56 /build/assets/Index-CCa_qaaw.css ............. ~ 5.68ms
  2025-12-24 23:37:56 /build/assets/Index-CUnuMXru.js .............. ~ 0.43ms
  2025-12-24 23:37:56 /build/assets/Index-gehn0z9Y.css ............. ~ 0.44ms
  2025-12-24 23:37:56 /build/assets/QualificationDetailAccordion-Czk5LLlY.js  ~ 1.08ms
  2025-12-24 23:37:57 /build/assets/Show-BsTpOem4.js ............... ~ 0.26ms
  2025-12-24 23:37:57 /build/assets/Create-CP9_0-ri.js ............. ~ 0.29ms
  2025-12-24 23:37:57 /build/assets/Create-Kc1s9BP_.css ............ ~ 3.06ms
  2025-12-24 23:37:57 /build/assets/Edit-DcpGXECV.js ............... ~ 1.29ms
  2025-12-24 23:37:57 /build/assets/Edit-BXvpM3JB.css .............. ~ 0.36ms
  2025-12-24 23:37:57 /build/assets/Index-DnJnRz9v.js .............. ~ 2.12ms
  2025-12-24 23:37:57 /build/assets/Show-mDdoVPIt.js ............... ~ 0.88ms
  2025-12-24 23:37:57 /build/assets/Show-BcbfK-aJ.css .............. ~ 0.74ms
  2025-12-24 23:37:57 /build/assets/FeeBalance-DEj5xCZI.js ......... ~ 0.42ms
  2025-12-24 23:37:57 /build/assets/WorkHistoryAccordion-ZWuY2NU9.js  ~ 1.74ms
  2025-12-24 23:37:57 /build/assets/FeeBalance-VxAQu3JP.css ........ ~ 0.17ms
  2025-12-24 23:37:57 /build/assets/FeeReport-C63p46Om.js .......... ~ 0.51ms
  2025-12-24 23:37:57 /build/assets/FeeReport-8VCRTbjL.css ......... ~ 1.82ms
  2025-12-24 23:37:57 /build/assets/Create-BD8UDbLO.js ............. ~ 0.20ms
  2025-12-24 23:37:57 /build/assets/Create-v8Xhr7wC.css ............ ~ 0.44ms
  2025-12-24 23:37:57 /build/assets/Edit-BZDc2bqR.js ............... ~ 0.98ms
  2025-12-24 23:37:57 /build/assets/Edit-BHrrC4kE.css .............. ~ 0.50ms
  2025-12-24 23:37:57 /build/assets/Index-DG05Mu3A.js .............. ~ 0.56ms
  2025-12-24 23:37:57 /build/assets/Index-B3zSWBtC.css ............. ~ 0.89ms
  2025-12-24 23:37:57 /build/assets/Index-CnWNm9u6.js .............. ~ 0.33ms
  2025-12-24 23:37:57 /build/assets/Index-Doodeb1f.css ............. ~ 1.98ms
  2025-12-24 23:37:57 /build/assets/PaymentHistory-BFDsZqMG.js ..... ~ 6.50ms
  2025-12-24 23:37:57 /build/assets/PaymentHistory-BJycJNMh.css .... ~ 0.54ms
  2025-12-24 23:37:57 /build/assets/Reports-bdfFfy8K.js ............ ~ 1.68ms
  2025-12-24 23:37:58 /build/assets/chart-BR_H7_9u.js .............. ~ 0.48ms
  2025-12-24 23:37:58 /build/assets/CollectionReport-C_EDT3OJ.js ... ~ 0.46ms
  2025-12-24 23:37:58 /build/assets/CollectionReport-DYb6BmdP.css .. ~ 0.42ms
  2025-12-24 23:37:58 /build/assets/Overview-wkEMBo9R.js ........... ~ 0.23ms
  2025-12-24 23:37:58 /build/assets/TransferFunds-zsPbkj8c.js ...... ~ 1.01ms
  2025-12-24 23:37:58 /build/assets/TransferFunds-CH4O_5Wh.css ..... ~ 0.62ms
  2025-12-24 23:37:58 /build/assets/TransferHistory-C-XdWg-J.js .... ~ 0.95ms
  2025-12-24 23:37:58 /build/assets/TransferHistory-Cpner_fp.css ... ~ 0.27ms
  2025-12-24 23:37:58 /build/assets/VerifyPayment-3DgANU4T.js ...... ~ 0.35ms
  2025-12-24 23:37:58 /build/assets/VerifyPayment-DoPr7nd5.css ..... ~ 0.17ms
  2025-12-24 23:37:58 /build/assets/Index-DSCgecPh.js .............. ~ 0.71ms
  2025-12-24 23:37:58 /build/assets/Create-DDBj6UDa.js ............. ~ 0.80ms
  2025-12-24 23:37:58 /build/assets/Index-DGD2W0PO.js .............. ~ 0.31ms
  2025-12-24 23:37:58 /build/assets/Index-CTLxQcaM.js .............. ~ 0.32ms
  2025-12-24 23:37:58 /build/assets/Assignments-DT22ddaR.js ........ ~ 0.24ms
  2025-12-24 23:37:58 /build/assets/Assignments-E-S82EKF.css ....... ~ 0.87ms
  2025-12-24 23:37:58 /build/assets/Classes-p4lrpihy.js ............ ~ 0.26ms
  2025-12-24 23:37:58 /build/assets/Classes-fTwbkkVc.css ........... ~ 1.62ms
  2025-12-24 23:37:58 /build/assets/Materials-sbKBAMcb.js .......... ~ 0.58ms
  2025-12-24 23:37:58 /build/assets/Materials-C0tM08BT.css ......... ~ 0.22ms
  2025-12-24 23:37:58 /build/assets/Submissions-BHzKflBE.js ........ ~ 0.91ms
  2025-12-24 23:37:58 /build/assets/Submissions-tVJZ77wn.css ....... ~ 0.32ms
  2025-12-24 23:37:58 /build/assets/Index-BHo6e6BB.js .............. ~ 0.30ms
  2025-12-24 23:37:58 /build/assets/AllStaff-CEG8MeCP.js ........... ~ 0.34ms
  2025-12-24 23:37:58 /build/assets/AllStudents-B1qxomX-.js ........ ~ 0.98ms
  2025-12-24 23:37:58 /build/assets/Index-CxUnJcRk.js .............. ~ 0.74ms
  2025-12-24 23:37:58 /build/assets/index-DHXAGmwn.css ........... ~ 504.62ms
  2025-12-24 23:37:59 /build/assets/StaffAttendance-BlbCgwVq.js ... ~ 10.91ms
  2025-12-24 23:37:59 /build/assets/Index-Blhj00Jh.js ............. ~ 12.40ms
  2025-12-24 23:37:59 /build/assets/AcademicYears-C3Z6zYt7.js ...... ~ 0.87ms
  2025-12-24 23:37:59 /build/assets/Create-pEX67v2i.js ............. ~ 3.57ms
  2025-12-24 23:37:59 /build/assets/Create-DCBl5WcC.css ............ ~ 1.05ms
  2025-12-24 23:37:59 /build/assets/Index-CYXJuguz.js .............. ~ 1.12ms
  2025-12-24 23:37:59 /build/assets/Create-DKKzBbv1.js ............. ~ 9.72ms
  2025-12-24 23:37:59 /build/assets/Create-C8kjwkFB.css ............ ~ 0.36ms
  2025-12-24 23:37:59 /build/assets/Edit-CQ8R9h6L.js ............... ~ 9.62ms
  2025-12-24 23:37:59 /build/assets/Edit-ujsFgBVD.css .............. ~ 0.42ms
  2025-12-24 23:37:59 /build/assets/Index-B0SZwK5Q.js .............. ~ 0.25ms
  2025-12-24 23:37:59 /build/assets/Index-CyoEYGUx.css ............. ~ 1.25ms
  2025-12-24 23:37:59 /build/assets/Show-DiKYopt-.js ............... ~ 0.51ms
  2025-12-24 23:37:59 /build/assets/Show-Bq3C96w7.css .............. ~ 2.25ms
  2025-12-24 23:37:59 /build/assets/Index-q-5sIyN4.js .............. ~ 0.34ms
  2025-12-24 23:37:59 /build/assets/Index-BNCCPdWN.js .............. ~ 0.42ms
  2025-12-24 23:37:59 /build/assets/Index-DI0SQ82Y.js .............. ~ 0.84ms
  2025-12-24 23:37:59 /build/assets/Blogs-ChW2ryaj.js ............ ~ 506.33ms
  2025-12-24 23:37:59 /build/assets/Editor-l0e1ol0h.js ............. ~ 0.68ms
  2025-12-24 23:37:59 /build/assets/Editor-DCiBGPfP.css ............ ~ 4.10ms
  2025-12-24 23:37:59 /build/assets/Careers-h7IkThwV.js ............ ~ 0.39ms
  2025-12-24 23:37:59 /build/assets/Index-DELBBwgx.js .............. ~ 3.09ms
  2025-12-24 23:37:59 /build/assets/Index-DJ9xZC-1.css ............. ~ 0.36ms
  2025-12-24 23:37:59 /build/assets/Buttons-EoAOPCCs.js ............ ~ 0.67ms
  2025-12-24 23:37:59 /build/assets/Buttons-DHNf4XXu.css ........... ~ 0.92ms
  2025-12-24 23:37:59 /build/assets/Colors-COl9VYjW.js ............. ~ 2.57ms
  2025-12-24 23:37:59 /build/assets/Index-BQ_vkt5F.js .............. ~ 0.60ms
  2025-12-24 23:37:59 /build/assets/Index-CEPBEXi6.css ............. ~ 0.88ms
  2025-12-24 23:37:59 /build/assets/Index-8FvxowY2.js .............. ~ 2.95ms
  2025-12-24 23:37:59 /build/assets/Index-BeCjOJb2.js .............. ~ 0.39ms
  2025-12-24 23:37:59 /build/assets/Create-DcAZ29PZ.js ............. ~ 0.51ms
  2025-12-24 23:38:00 /build/assets/Create-Co4pdLcW.css ............ ~ 0.65ms
  2025-12-24 23:38:00 /build/assets/Edit-DDr0UUkI.js ............. ~ 502.85ms
  2025-12-24 23:38:00 /build/assets/Edit-CQCm6wpr.css .............. ~ 1.76ms
  2025-12-24 23:38:00 /build/assets/Index-be_eswSK.js .............. ~ 0.59ms
  2025-12-24 23:38:00 /build/assets/ManagePageSections-Dc9BkDyC.js . ~ 0.90ms
  2025-12-24 23:38:00 /build/assets/ManagePageSections-Bn7DDJFs.css  ~ 0.20ms
  2025-12-24 23:38:00 /build/assets/Index-Ca8B0tbn.js .............. ~ 2.51ms
  2025-12-24 23:38:00 /build/assets/Login-CLNllQkD.js .............. ~ 0.52ms
  2025-12-24 23:38:00 /build/assets/Dashboard-Cjy_u_55.js .......... ~ 0.24ms
  2025-12-24 23:38:00 /build/assets/AssignClasses-B7CqsFCz.js ...... ~ 2.65ms
  2025-12-24 23:38:00 /build/assets/AssignClasses-BpmGkGfR.css ..... ~ 1.01ms
  2025-12-24 23:38:00 /build/assets/Index-CnNVnwzF.js .............. ~ 0.76ms
  2025-12-24 23:38:00 /build/assets/Functions-DBdvPDQ4.js .......... ~ 8.82ms
  2025-12-24 23:38:00 /build/assets/MarkAttendance-DsKdq_Zo.js ..... ~ 0.63ms
  2025-12-24 23:38:00 /build/assets/Report-gQ1t-fxO.js ........... ~ 501.42ms
  2025-12-24 23:38:00 /build/assets/Login-DcmN2gd4.js .............. ~ 0.40ms
  2025-12-24 23:38:00 /build/assets/Login-C4dk7bUa.css ............. ~ 5.71ms
  2025-12-24 23:38:00 /build/assets/Index-C_2UmDP3.js .............. ~ 0.42ms
  2025-12-24 23:38:00 /build/assets/Dashboard-BuxpuPk2.js .......... ~ 1.24ms
  2025-12-24 23:38:00 /build/assets/PublicSans-Bold-DEFlLvwJ.ttf ... ~ 0.26ms
  2025-12-24 23:38:00 /build/assets/EnterMarks-B0LnR8dI.js ......... ~ 1.83ms
  2025-12-24 23:38:00 /build/assets/EnterMarks-DwL5Vpbu.css ........ ~ 0.89ms
  2025-12-24 23:38:00 /build/assets/Dashboard-DMZbz74x.css ......... ~ 1.15ms
  2025-12-24 23:38:01 /build/assets/SubmittedMarks-72CkkRlt.js ..... ~ 0.83ms
  2025-12-24 23:38:01 /build/assets/SubmittedMarks-CTHh4nKk.css .... ~ 0.91ms
  2025-12-24 23:38:01 /build/assets/Index-Wp4DaDQy.js .............. ~ 2.94ms
  2025-12-24 23:38:01 /build/assets/Index-bfWcpLwP.css ............. ~ 0.56ms
  2025-12-24 23:38:01 /build/assets/EmergencyContacts-MAWgNgin.js .. ~ 0.78ms
  2025-12-24 23:38:01 /build/assets/EmployeeDetails-Ch0faZ6F.js .... ~ 1.67ms
  2025-12-24 23:38:01 /build/assets/Qualifications-DHq6skGy.js ..... ~ 0.53ms
  2025-12-24 23:38:01 /build/assets/UpdatePassword-DrnVHBT3.js ..... ~ 0.76ms
  2025-12-24 23:38:01 /build/assets/UpdatePassword-BJM0g8p3.css .. ~ 504.83ms
  2025-12-24 23:38:01 /build/assets/WorkHistories-B1KYJojb.js ...... ~ 0.26ms
  2025-12-24 23:38:01 /build/assets/Index-CuXYCp-x.js .............. ~ 0.31ms
  2025-12-24 23:38:01 /build/assets/Index-CQSrs7sh.css ............. ~ 0.19ms
  2025-12-24 23:38:01 /build/assets/Index-GWBMYpTf.js .............. ~ 0.20ms
  2025-12-24 23:38:01 /build/assets/Index-QeIx4N54.js .............. ~ 2.12ms
  2025-12-24 23:38:01 /build/assets/ApprovalQueue-M7-EHw7H.js ...... ~ 0.59ms
  2025-12-24 23:38:01 /build/assets/ApprovalQueue-Dj6kgcRy.css ..... ~ 0.45ms
  2025-12-24 23:38:01 /build/assets/Index-BKvMkuWg.js .............. ~ 0.39ms
  2025-12-24 23:38:01 /build/assets/Index-Cm38Iza_.js .............. ~ 0.23ms
  2025-12-24 23:38:01 /build/assets/PayrollAdjustment-OlFbbvh1.js .. ~ 0.22ms
  2025-12-24 23:38:01 /build/assets/iziToast-DzHbHxGk.js ........... ~ 0.82ms
  2025-12-24 23:38:01 /build/assets/PayrollAdjustmentAllowance-MNHHFOrs.js  ~ 0.48ms
  2025-12-24 23:38:01 /build/assets/PayrollAdjustmentDeduction-CKVrvmuS.js  ~ 0.69ms
  2025-12-24 23:38:01 /build/assets/PayrollDetails-BWhAgiXX.js ..... ~ 0.20ms
  2025-12-24 23:38:01 /build/assets/PayrollRun-BCNDlJY0.js ......... ~ 0.43ms
  2025-12-24 23:38:01 /build/assets/Edit-B1HGmJFl.js ............... ~ 0.58ms
  2025-12-24 23:38:01 /build/assets/SecondaryButton-CIWECRtD.js .... ~ 0.36ms
  2025-12-24 23:38:01 /build/assets/Index-DknNErSI.js .............. ~ 0.95ms
  2025-12-24 23:38:02 /build/assets/DeleteUserForm-BEkImKK2.js ..... ~ 0.35ms
  2025-12-24 23:38:02 /build/assets/UpdatePasswordForm-Cl5FQvW5.js . ~ 0.40ms
  2025-12-24 23:38:02 /build/assets/UpdateProfileInformationForm-CNp0Bjwh.js  ~ 1.04ms
  2025-12-24 23:38:02 /build/assets/Index-DM69dNGo.js .............. ~ 0.30ms
  2025-12-24 23:38:02 /build/assets/Index-Bdx268IB.css ............. ~ 0.26ms
  2025-12-24 23:38:02 /build/assets/Success-DBBxY3Bu.js ............ ~ 2.31ms
  2025-12-24 23:38:02 /build/assets/Success-r-hqeCiF.css ........... ~ 0.38ms
  2025-12-24 23:38:02 /build/assets/Track-Cv5MEkSS.js .............. ~ 0.55ms
  2025-12-24 23:38:02 /build/assets/Track-L7omozRj.css ............. ~ 0.40ms
  2025-12-24 23:38:02 /build/assets/TrackingForm-cYk5MIon.js ....... ~ 0.31ms
  2025-12-24 23:38:02 /build/assets/TrackingForm-BbDMoIBK.css ...... ~ 0.26ms
  2025-12-24 23:38:02 /build/assets/Index-CrPuMe4a.js .............. ~ 0.41ms
  2025-12-24 23:38:02 /build/assets/StudentLayout-m5xoRKOH.js ...... ~ 0.47ms
  2025-12-24 23:38:02 /build/assets/StudentLayout-OSj59oVD.css ..... ~ 0.31ms
  2025-12-24 23:38:02 /build/assets/ChangePassword-CeCL_1-u.js ..... ~ 0.30ms
  2025-12-24 23:38:02 /build/assets/Index-ZrZR0rlx.js .............. ~ 0.52ms
  2025-12-24 23:38:02 /build/assets/Dashboard-CadrW6ck.js .......... ~ 3.12ms
  2025-12-24 23:38:02 /employee/subjects ......................... ~ 501.55ms
  2025-12-24 23:38:02 /build/assets/Dashboard-XybeFVte.css ......... ~ 0.42ms
  2025-12-24 23:38:02 /build/assets/Index-I-d16tnj.js .............. ~ 2.42ms
  2025-12-24 23:38:02 /build/assets/Assignments-BOxfcwE2.js ........ ~ 5.26ms
  2025-12-24 23:38:03 /build/assets/PublicSans-Italic-CJ7-AYW_.ttf . ~ 0.33ms
  2025-12-24 23:38:03 /build/assets/Assignments-BdxcnUAt.css ....... ~ 0.61ms
  2025-12-24 23:38:03 /build/assets/Classes-CoeCR3N4.js ............ ~ 3.97ms
  2025-12-24 23:38:03 /build/assets/Classes-CYXZVLji.css ........... ~ 0.19ms
  2025-12-24 23:38:03 /build/assets/Dashboard-NnYKRjwh.js .......... ~ 0.93ms
  2025-12-24 23:38:03 /build/assets/Dashboard-Df8LdpHi.css ......... ~ 4.73ms
  2025-12-24 23:38:03 /build/assets/Materials-NH0c_9Vk.js .......... ~ 1.57ms
  2025-12-24 23:38:03 /build/assets/Materials-D_KfWPSc.css ......... ~ 0.84ms
  2025-12-24 23:38:03 /build/assets/Index-DBuhXfuU.js .............. ~ 2.35ms
  2025-12-24 23:38:03 /build/assets/Edit-Bpn9BUuD.js ............... ~ 0.58ms
  2025-12-24 23:38:03 /build/assets/Edit-C4P7t_N1.css .............. ~ 0.68ms
  2025-12-24 23:38:03 /build/assets/Index-Db44Mj__.js .............. ~ 0.59ms
  2025-12-24 23:38:03 /build/assets/Show-Qtozdjv1.js ............... ~ 0.54ms
  2025-12-24 23:38:03 /build/assets/MyTimetable-GtIRky_P.js ........ ~ 0.76ms
  2025-12-24 23:38:03 /build/assets/MyTimetable-DCklv2Sq.css ....... ~ 0.33ms
  2025-12-24 23:38:03 /build/assets/Generate-DR4yFReU.js ........... ~ 0.75ms
  2025-12-24 23:38:03 /build/assets/Constraints-9gtMvr79.js ........ ~ 0.22ms
  2025-12-24 23:38:03 /build/assets/Constraints-BZS0SRTT.css ....... ~ 0.16ms
  2025-12-24 23:38:03 /build/assets/Periods-BbsM6Fh-.js ............ ~ 0.43ms
  2025-12-24 23:38:03 /build/assets/SubjectAllocation-Z6UcFIJy.js .. ~ 0.80ms
  2025-12-24 23:38:03 /build/assets/SubjectAllocation-LlDamDcb.css . ~ 0.60ms
  2025-12-24 23:38:03 /build/assets/ClassTimetable-Dcw09Z05.js ... ~ 502.34ms
  2025-12-24 23:38:04 /build/assets/ClassTimetable-DKnYbDuK.css .... ~ 3.83ms
  2025-12-24 23:38:04 /build/assets/TeacherTimetable-lTjm-Wt8.js ... ~ 5.44ms
  2025-12-24 23:38:04 /build/assets/Welcome-D3MSiuFg.js ............ ~ 0.68ms
  2025-12-24 23:38:04 /build/assets/DefaultLayout-CZjYLiYR.js ...... ~ 0.25ms
  2025-12-24 23:38:04 /build/assets/DefaultLayout-UfeXBpZ5.css ..... ~ 0.18ms
  2025-12-24 23:38:04 /build/assets/Pagination-ECRwH47T.js ......... ~ 0.26ms
  2025-12-24 23:38:04 /build/assets/Pagination-BbeKvaSo.css ........ ~ 0.22ms
  2025-12-24 23:38:04 /build/assets/lodash-BWuwFB3v.js ............. ~ 0.36ms
  2025-12-24 23:38:04 /build/assets/Footer-Gje_vOTM.js ............. ~ 1.19ms
  2025-12-24 23:38:04 /build/assets/Footer-Dp49msI0.css ............ ~ 0.61ms
  2025-12-24 23:38:06 /employee/exams/enrolled-students .......... ~ 502.51ms
  2025-12-24 23:38:06 /employee/exams/existing-marks ............. ~ 502.22ms
  2025-12-24 23:38:07 /build/assets/PublicSans-BoldItalic-BaH7kqXb.ttf  ~ 0.43ms
  2025-12-24 23:38:07 /employee/exam-subject-skills .............. ~ 502.65ms
  2025-12-24 23:38:12 /employee/exams/submitted-marks .................. ~ 1s
  2025-12-24 23:38:13 /build/assets/SubmittedMarks-72CkkRlt.js ..... ~ 1.02ms
  2025-12-24 23:38:13 /build/assets/SubmittedMarks-CTHh4nKk.css .... ~ 0.29ms
  2025-12-24 23:38:13 /employee/exams/submitted-marks ............ ~ 501.98ms
  2025-12-24 23:38:21 /teacher/my-timetable ............................ ~ 1s
  2025-12-24 23:38:23 /build/assets/MyTimetable-GtIRky_P.js ........ ~ 0.51ms
  2025-12-24 23:38:23 /build/assets/MyTimetable-DCklv2Sq.css ...... ~ 18.41ms
  2025-12-24 23:42:17 /teacher/my-timetable ...................... ~ 501.50ms
  2025-12-24 23:42:18 /build/assets/app-BuAiy87a.css ............... ~ 0.25ms
  2025-12-24 23:42:18 /build/assets/app-CIwfdflE.css ............... ~ 0.18ms
  2025-12-24 23:42:18 /build/assets/app-BtMGlBNi.js ................ ~ 0.48ms
  2025-12-24 23:42:19 /build/assets/MyTimetable-GtIRky_P.js ........ ~ 0.63ms
  2025-12-24 23:42:19 /build/assets/DefaultLayout-CZjYLiYR.js ...... ~ 0.24ms
  2025-12-24 23:42:19 /build/assets/Footer-Gje_vOTM.js ............. ~ 0.22ms
  2025-12-24 23:42:19 /build/assets/Footer-Dp49msI0.css ............ ~ 0.29ms
  2025-12-24 23:42:19 /build/assets/DefaultLayout-UfeXBpZ5.css ..... ~ 0.21ms
  2025-12-24 23:42:19 /build/assets/MyTimetable-DCklv2Sq.css ....... ~ 0.41ms
  2025-12-24 23:42:19 /favicon.ico ................................. ~ 0.38ms
  2025-12-24 23:42:19 /build/assets/OnlineApplications-BArVHkIj.js . ~ 0.28ms
  2025-12-24 23:42:19 /build/assets/OnlineApplications-CZwoTwJe.css  ~ 0.17ms
  2025-12-24 23:42:19 /build/assets/Index-C1K6ru1x.js .............. ~ 0.46ms
  2025-12-24 23:42:20 /build/assets/Report-BKILL8YM.js ............. ~ 0.17ms
  2025-12-24 23:42:20 /build/assets/debounce-B-eNu6_e.js ........... ~ 0.17ms
  2025-12-24 23:42:20 /build/assets/ConfirmPassword-B2xDz2ia.js .... ~ 0.87ms
  2025-12-24 23:42:20 /build/assets/GuestLayout-CavBf92I.js ........ ~ 0.13ms
  2025-12-24 23:42:20 /build/assets/GuestLayout-D0pWnSgT.css ....... ~ 0.31ms
  2025-12-24 23:42:20 /build/assets/InputError-DsKubmnd.js ......... ~ 1.78ms
  2025-12-24 23:42:20 /build/assets/InputLabel-ClYBtuXY.js ......... ~ 0.48ms
  2025-12-24 23:42:20 /build/assets/PrimaryButton-Dx9Gs-QG.js ...... ~ 1.48ms
  2025-12-24 23:42:20 /build/assets/TextInput-DA-SaAlg.js .......... ~ 2.16ms
  2025-12-24 23:42:20 /build/assets/ForgotPassword-CeoOp5SB.js ..... ~ 0.19ms
  2025-12-24 23:42:20 /build/assets/Login-Cnx3K02r.js .............. ~ 0.26ms
  2025-12-24 23:42:20 /build/assets/Checkbox-BXLVFPzU.js ........... ~ 1.92ms
  2025-12-24 23:42:20 /build/assets/Register-D0Dgw8tC.js ........... ~ 0.35ms
  2025-12-24 23:42:20 /build/assets/ResetPassword-BnRLHvvj.js ...... ~ 1.64ms
  2025-12-24 23:42:20 /build/assets/VerifyEmail-CEyllq4_.js ........ ~ 0.57ms
  2025-12-24 23:42:20 /build/assets/Index-Cth74VPG.js .............. ~ 0.53ms
  2025-12-24 23:42:20 /build/assets/SchoolCalendar-qEf1aTuN.css .... ~ 0.36ms
  2025-12-24 23:42:20 /build/assets/SchoolCalendar-DY8nyl9L.js ..... ~ 4.51ms
  2025-12-24 23:42:20 /build/assets/Index-BnFyYwu-.js .............. ~ 0.19ms
  2025-12-24 23:42:20 /build/assets/index-RrlS12bl.js .............. ~ 1.28ms
  2025-12-24 23:42:20 /build/assets/Show-C73Oc_r3.js ............... ~ 0.20ms
  2025-12-24 23:42:20 /build/assets/Show-BI6oj0NI.css .............. ~ 0.12ms
  2025-12-24 23:42:20 /build/assets/Allowance-XkTQfaVo.js .......... ~ 1.03ms
  2025-12-24 23:42:20 /build/assets/BlogCategories-CCgqbyGc.js ..... ~ 0.12ms
  2025-12-24 23:42:20 /build/assets/Deduction-Dyfxj3kH.js .......... ~ 0.12ms
  2025-12-24 23:42:20 /build/assets/Divisions-BZrSsbnv.js .......... ~ 1.06ms
  2025-12-24 23:42:20 /build/assets/EmploymentStatuses-eHcENBDo.js . ~ 0.13ms
  2025-12-24 23:42:20 /build/assets/EmploymentTypes-Cmulbx6s.js .... ~ 0.19ms
  2025-12-24 23:42:20 /build/assets/Genders-Dpcn7ip6.js ............ ~ 0.86ms
  2025-12-24 23:42:20 /build/assets/Honorifics-CltRzArm.js ......... ~ 2.21ms
  2025-12-24 23:42:20 /build/assets/Income-ClC2jNPM.js ............. ~ 0.40ms
  2025-12-24 23:42:20 /build/assets/Index-CQSC8UHR.js .............. ~ 0.32ms
  2025-12-24 23:42:20 /build/assets/Index-hOtiuyDQ.css ............. ~ 0.23ms
  2025-12-24 23:42:20 /build/assets/JobTitles-D4Tm5TZ-.js .......... ~ 0.20ms
  2025-12-24 23:42:20 /build/assets/QualificationTypes-DMiCfoXn.js . ~ 0.21ms
  2025-12-24 23:42:20 /build/assets/Relationships-qX2ntCBL.js ...... ~ 0.12ms
  2025-12-24 23:42:20 /build/assets/Religions-CWXADSE1.js .......... ~ 0.18ms
  2025-12-24 23:42:20 /build/assets/SalaryGrade-mIvMsqFx.js ........ ~ 1.10ms
  2025-12-24 23:42:20 /build/assets/SalaryScale-BA53Uwg0.js ........ ~ 0.11ms
  2025-12-24 23:42:20 /build/assets/Streams-CHVLJG6Z.js ............ ~ 0.33ms
  2025-12-24 23:42:20 /build/assets/Subjects-Dyxg46-8.js ........... ~ 0.32ms
  2025-12-24 23:42:20 /build/assets/TeacherTitles-DxLFViBD.js ...... ~ 0.45ms
  2025-12-24 23:42:20 /build/assets/Dashboard-C9NnJMrG.js .......... ~ 0.19ms
  2025-12-24 23:42:20 /build/assets/GreetingCard-Bg3aZOAr.js ....... ~ 0.52ms
  2025-12-24 23:42:20 /build/assets/GreetingCard-d-HuJ_xn.css .... ~ 501.24ms
  2025-12-24 23:42:20 /build/assets/AssignClasses-C6Yi1dZS.js ...... ~ 0.20ms
  2025-12-24 23:42:20 /build/assets/index-BOyi1N20.js .............. ~ 0.16ms
  2025-12-24 23:42:20 /build/assets/AssignClasses-DNa1Zu07.css ..... ~ 0.15ms
  2025-12-24 23:42:20 /build/assets/AssignSubjects-C0KN6maT.js ..... ~ 0.11ms
  2025-12-24 23:42:20 /build/assets/Edit-DHhmZKX6.js ............... ~ 0.15ms
  2025-12-24 23:42:20 /build/assets/Edit-BY4eCtR7.css .............. ~ 0.48ms
  2025-12-24 23:42:21 /build/assets/EmergencyContactAccordion-KBKOgGIV.js  ~ 0.68ms
  2025-12-24 23:42:21 /build/assets/EmployeeDataAccordion-BRZm9WBe.js  ~ 1.38ms
  2025-12-24 23:42:21 /build/assets/Index-Cevzn_6x.js .............. ~ 2.78ms
  2025-12-24 23:42:21 /build/assets/Modal-CIl0yhGf.js .............. ~ 0.31ms
  2025-12-24 23:42:21 /build/assets/Dropdown-DHpTL3PX.js ........... ~ 0.20ms
  2025-12-24 23:42:21 /build/assets/Index-CCa_qaaw.css ............. ~ 0.19ms
  2025-12-24 23:42:21 /build/assets/Index-CUnuMXru.js .............. ~ 0.17ms
  2025-12-24 23:42:21 /build/assets/Index-gehn0z9Y.css ............. ~ 0.29ms
  2025-12-24 23:42:21 /build/assets/QualificationDetailAccordion-Czk5LLlY.js  ~ 0.27ms
  2025-12-24 23:42:21 /build/assets/Show-BsTpOem4.js ............... ~ 0.24ms
  2025-12-24 23:42:21 /build/assets/Create-CP9_0-ri.js ............. ~ 0.30ms
  2025-12-24 23:42:21 /build/assets/Create-Kc1s9BP_.css ............ ~ 0.26ms
  2025-12-24 23:42:21 /build/assets/Edit-DcpGXECV.js ............... ~ 0.16ms
  2025-12-24 23:42:21 /build/assets/Edit-BXvpM3JB.css .............. ~ 0.18ms
  2025-12-24 23:42:21 /build/assets/Index-DnJnRz9v.js .............. ~ 0.17ms
  2025-12-24 23:42:21 /build/assets/Show-mDdoVPIt.js ............... ~ 0.18ms
  2025-12-24 23:42:21 /build/assets/Show-BcbfK-aJ.css .............. ~ 0.32ms
  2025-12-24 23:42:21 /build/assets/WorkHistoryAccordion-ZWuY2NU9.js  ~ 0.21ms
  2025-12-24 23:42:21 /build/assets/FeeBalance-DEj5xCZI.js ......... ~ 0.21ms
  2025-12-24 23:42:21 /build/assets/FeeBalance-VxAQu3JP.css ........ ~ 0.35ms
  2025-12-24 23:42:21 /build/assets/FeeReport-C63p46Om.js .......... ~ 0.55ms
  2025-12-24 23:42:21 /build/assets/FeeReport-8VCRTbjL.css ....... ~ 501.38ms
  2025-12-24 23:42:21 /build/assets/Create-BD8UDbLO.js ............. ~ 0.16ms
  2025-12-24 23:42:21 /build/assets/Create-v8Xhr7wC.css ............ ~ 0.17ms
  2025-12-24 23:42:21 /build/assets/Edit-BZDc2bqR.js ............... ~ 0.49ms
  2025-12-24 23:42:21 /build/assets/Edit-BHrrC4kE.css .............. ~ 0.63ms
  2025-12-24 23:42:21 /build/assets/Index-DG05Mu3A.js .............. ~ 0.64ms
  2025-12-24 23:42:21 /build/assets/Index-B3zSWBtC.css ............. ~ 0.29ms
  2025-12-24 23:42:21 /build/assets/Index-CnWNm9u6.js .............. ~ 0.23ms
  2025-12-24 23:42:21 /build/assets/Index-Doodeb1f.css ............. ~ 0.23ms
  2025-12-24 23:42:21 /build/assets/PaymentHistory-BFDsZqMG.js ..... ~ 1.32ms
  2025-12-24 23:42:21 /build/assets/PaymentHistory-BJycJNMh.css .... ~ 0.56ms
  2025-12-24 23:42:21 /build/assets/Reports-bdfFfy8K.js ............ ~ 0.17ms
  2025-12-24 23:42:21 /build/assets/chart-BR_H7_9u.js .............. ~ 0.47ms
  2025-12-24 23:42:21 /build/assets/CollectionReport-C_EDT3OJ.js ... ~ 0.57ms
  2025-12-24 23:42:21 /build/assets/CollectionReport-DYb6BmdP.css .. ~ 0.47ms
  2025-12-24 23:42:21 /build/assets/Overview-wkEMBo9R.js ........... ~ 0.29ms
  2025-12-24 23:42:21 /build/assets/TransferFunds-zsPbkj8c.js ...... ~ 0.23ms
  2025-12-24 23:42:21 /build/assets/TransferFunds-CH4O_5Wh.css ..... ~ 0.28ms
  2025-12-24 23:42:21 /build/assets/TransferHistory-C-XdWg-J.js .... ~ 0.73ms
  2025-12-24 23:42:21 /build/assets/TransferHistory-Cpner_fp.css ... ~ 0.49ms
  2025-12-24 23:42:21 /build/assets/VerifyPayment-3DgANU4T.js ...... ~ 0.38ms
  2025-12-24 23:42:21 /build/assets/VerifyPayment-DoPr7nd5.css ..... ~ 1.16ms
  2025-12-24 23:42:21 /build/assets/Index-DSCgecPh.js .............. ~ 0.37ms
  2025-12-24 23:42:21 /build/assets/Create-DDBj6UDa.js ............. ~ 0.56ms
  2025-12-24 23:42:21 /build/assets/Index-DGD2W0PO.js .............. ~ 2.79ms
  2025-12-24 23:42:21 /build/assets/Index-CTLxQcaM.js ............ ~ 502.57ms
  2025-12-24 23:42:22 /build/assets/Assignments-DT22ddaR.js ........ ~ 0.37ms
  2025-12-24 23:42:22 /build/assets/Assignments-E-S82EKF.css ....... ~ 1.71ms
  2025-12-24 23:42:22 /build/assets/Classes-p4lrpihy.js ............ ~ 0.21ms
  2025-12-24 23:42:22 /build/assets/Classes-fTwbkkVc.css ........... ~ 0.20ms
  2025-12-24 23:42:22 /build/assets/Materials-sbKBAMcb.js .......... ~ 0.15ms
  2025-12-24 23:42:22 /build/assets/Materials-C0tM08BT.css ......... ~ 0.21ms
  2025-12-24 23:42:22 /build/assets/Submissions-BHzKflBE.js ........ ~ 0.25ms
  2025-12-24 23:42:22 /build/assets/Submissions-tVJZ77wn.css ....... ~ 0.26ms
  2025-12-24 23:42:22 /build/assets/Index-BHo6e6BB.js .............. ~ 0.44ms
  2025-12-24 23:42:22 /build/assets/AllStaff-CEG8MeCP.js ........... ~ 0.48ms
  2025-12-24 23:42:22 /build/assets/AllStudents-B1qxomX-.js ........ ~ 0.36ms
  2025-12-24 23:42:22 /build/assets/Index-CxUnJcRk.js .............. ~ 0.33ms
  2025-12-24 23:42:22 /build/assets/index-DHXAGmwn.css ............. ~ 0.16ms
  2025-12-24 23:42:22 /build/assets/StaffAttendance-BlbCgwVq.js .... ~ 0.17ms
  2025-12-24 23:42:22 /build/assets/Index-Blhj00Jh.js .............. ~ 0.31ms
  2025-12-24 23:42:22 /build/assets/AcademicYears-C3Z6zYt7.js ...... ~ 0.18ms
  2025-12-24 23:42:22 /build/assets/Create-pEX67v2i.js ............. ~ 0.93ms
  2025-12-24 23:42:22 /build/assets/Create-DCBl5WcC.css ............ ~ 0.35ms
  2025-12-24 23:42:22 /build/assets/Index-CYXJuguz.js ............ ~ 501.08ms
  2025-12-24 23:42:22 /build/assets/Create-DKKzBbv1.js ............. ~ 0.40ms
  2025-12-24 23:42:22 /build/assets/Create-C8kjwkFB.css ............ ~ 0.26ms
  2025-12-24 23:42:22 /build/assets/Edit-CQ8R9h6L.js ............... ~ 0.34ms
  2025-12-24 23:42:22 /build/assets/Edit-ujsFgBVD.css .............. ~ 2.04ms
  2025-12-24 23:42:22 /build/assets/Index-B0SZwK5Q.js .............. ~ 0.20ms
  2025-12-24 23:42:22 /build/assets/Index-CyoEYGUx.css ............. ~ 0.33ms
  2025-12-24 23:42:22 /build/assets/Show-DiKYopt-.js ............... ~ 0.18ms
  2025-12-24 23:42:22 /build/assets/Show-Bq3C96w7.css .............. ~ 1.80ms
  2025-12-24 23:42:22 /build/assets/Index-q-5sIyN4.js .............. ~ 0.24ms
  2025-12-24 23:42:22 /build/assets/Index-BNCCPdWN.js .............. ~ 0.40ms
  2025-12-24 23:42:22 /build/assets/Index-DI0SQ82Y.js .............. ~ 0.19ms
  2025-12-24 23:42:22 /build/assets/Blogs-ChW2ryaj.js .............. ~ 0.55ms
  2025-12-24 23:42:22 /build/assets/Editor-l0e1ol0h.js ............. ~ 0.16ms
  2025-12-24 23:42:22 /build/assets/Editor-DCiBGPfP.css ............ ~ 0.48ms
  2025-12-24 23:42:22 /build/assets/Careers-h7IkThwV.js ............ ~ 0.36ms
  2025-12-24 23:42:22 /build/assets/Index-DELBBwgx.js .............. ~ 0.41ms
  2025-12-24 23:42:22 /build/assets/Index-DJ9xZC-1.css ............. ~ 0.28ms
  2025-12-24 23:42:22 /build/assets/Buttons-EoAOPCCs.js ............ ~ 0.20ms
  2025-12-24 23:42:22 /build/assets/Buttons-DHNf4XXu.css ........... ~ 0.19ms
  2025-12-24 23:42:22 /build/assets/Colors-COl9VYjW.js ............. ~ 0.42ms
  2025-12-24 23:42:22 /build/assets/Index-BQ_vkt5F.js .............. ~ 0.19ms
  2025-12-24 23:42:22 /build/assets/Index-CEPBEXi6.css ............. ~ 0.27ms
  2025-12-24 23:42:22 /build/assets/Index-8FvxowY2.js .............. ~ 0.50ms
  2025-12-24 23:42:22 /build/assets/Index-BeCjOJb2.js .............. ~ 0.24ms
  2025-12-24 23:42:22 /build/assets/Create-DcAZ29PZ.js ............. ~ 0.22ms
  2025-12-24 23:42:22 /build/assets/Create-Co4pdLcW.css ............ ~ 1.56ms
  2025-12-24 23:42:22 /build/assets/Edit-DDr0UUkI.js ............... ~ 0.19ms
  2025-12-24 23:42:23 /build/assets/Edit-CQCm6wpr.css .............. ~ 0.35ms
  2025-12-24 23:42:23 /build/assets/Index-be_eswSK.js .............. ~ 0.29ms
  2025-12-24 23:42:23 /build/assets/ManagePageSections-Dc9BkDyC.js . ~ 0.20ms
  2025-12-24 23:42:23 /build/assets/ManagePageSections-Bn7DDJFs.css  ~ 0.98ms
  2025-12-24 23:42:23 /build/assets/Index-Ca8B0tbn.js .............. ~ 0.27ms
  2025-12-24 23:42:23 /build/assets/Dashboard-Cjy_u_55.js .......... ~ 0.26ms
  2025-12-24 23:42:23 /build/assets/Login-CLNllQkD.js .............. ~ 1.18ms
  2025-12-24 23:42:23 /build/assets/AssignClasses-B7CqsFCz.js ...... ~ 2.54ms
  2025-12-24 23:42:23 /build/assets/AssignClasses-BpmGkGfR.css ..... ~ 0.21ms
  2025-12-24 23:42:23 /build/assets/Index-CnNVnwzF.js .............. ~ 0.99ms
  2025-12-24 23:42:23 /build/assets/Functions-DBdvPDQ4.js .......... ~ 0.20ms
  2025-12-24 23:42:23 /build/assets/MarkAttendance-DsKdq_Zo.js ..... ~ 0.59ms
  2025-12-24 23:42:23 /build/assets/Report-gQ1t-fxO.js ............. ~ 0.16ms
  2025-12-24 23:42:23 /build/assets/Login-DcmN2gd4.js .............. ~ 0.40ms
  2025-12-24 23:42:23 /build/assets/Login-C4dk7bUa.css ............. ~ 0.31ms
  2025-12-24 23:42:23 /build/assets/Index-C_2UmDP3.js .............. ~ 0.25ms
  2025-12-24 23:42:23 /build/assets/Dashboard-BuxpuPk2.js .......... ~ 0.23ms
  2025-12-24 23:42:23 /build/assets/Dashboard-DMZbz74x.css ......... ~ 0.28ms
  2025-12-24 23:42:23 /build/assets/EnterMarks-B0LnR8dI.js ......... ~ 0.24ms
  2025-12-24 23:42:23 /build/assets/EnterMarks-DwL5Vpbu.css ........ ~ 0.19ms
  2025-12-24 23:42:23 /build/assets/SubmittedMarks-72CkkRlt.js ..... ~ 0.15ms
  2025-12-24 23:42:23 /build/assets/SubmittedMarks-CTHh4nKk.css .... ~ 0.27ms
  2025-12-24 23:42:23 /build/assets/Index-Wp4DaDQy.js .............. ~ 0.20ms
  2025-12-24 23:42:23 /build/assets/Index-bfWcpLwP.css ............. ~ 0.37ms
  2025-12-24 23:42:23 /build/assets/EmergencyContacts-MAWgNgin.js .. ~ 2.00ms
  2025-12-24 23:42:23 /build/assets/EmployeeDetails-Ch0faZ6F.js .... ~ 0.59ms
  2025-12-24 23:42:23 /build/assets/Qualifications-DHq6skGy.js ..... ~ 0.18ms
  2025-12-24 23:42:23 /build/assets/UpdatePassword-DrnVHBT3.js ..... ~ 0.16ms
  2025-12-24 23:42:23 /build/assets/UpdatePassword-BJM0g8p3.css .... ~ 0.50ms
  2025-12-24 23:42:23 /build/assets/WorkHistories-B1KYJojb.js ...... ~ 0.44ms
  2025-12-24 23:42:23 /build/assets/Index-CuXYCp-x.js .............. ~ 0.30ms
  2025-12-24 23:42:23 /build/assets/Index-CQSrs7sh.css ............. ~ 0.28ms
  2025-12-24 23:42:23 /build/assets/Index-GWBMYpTf.js .............. ~ 0.34ms
  2025-12-24 23:42:23 /build/assets/Index-QeIx4N54.js ............ ~ 501.55ms
  2025-12-24 23:42:23 /build/assets/ApprovalQueue-M7-EHw7H.js ...... ~ 0.31ms
  2025-12-24 23:42:23 /build/assets/ApprovalQueue-Dj6kgcRy.css ..... ~ 0.30ms
  2025-12-24 23:42:23 /build/assets/Index-BKvMkuWg.js .............. ~ 0.21ms
  2025-12-24 23:42:23 /build/assets/Index-Cm38Iza_.js .............. ~ 0.18ms
  2025-12-24 23:42:23 /build/assets/PayrollAdjustment-OlFbbvh1.js .. ~ 0.52ms
  2025-12-24 23:42:23 /build/assets/iziToast-DzHbHxGk.js ........... ~ 0.47ms
  2025-12-24 23:42:23 /build/assets/PayrollAdjustmentAllowance-MNHHFOrs.js  ~ 1.71ms
  2025-12-24 23:42:23 /build/assets/PayrollAdjustmentDeduction-CKVrvmuS.js  ~ 0.25ms
  2025-12-24 23:42:23 /build/assets/PayrollDetails-BWhAgiXX.js ..... ~ 0.48ms
  2025-12-24 23:42:23 /build/assets/PayrollRun-BCNDlJY0.js ......... ~ 2.02ms
  2025-12-24 23:42:24 /build/assets/Edit-B1HGmJFl.js ............... ~ 0.28ms
  2025-12-24 23:42:24 /build/assets/SecondaryButton-CIWECRtD.js .... ~ 0.31ms
  2025-12-24 23:42:24 /build/assets/Index-DknNErSI.js .............. ~ 0.11ms
  2025-12-24 23:42:24 /build/assets/DeleteUserForm-BEkImKK2.js ..... ~ 0.16ms
  2025-12-24 23:42:24 /build/assets/UpdatePasswordForm-Cl5FQvW5.js . ~ 0.10ms
  2025-12-24 23:42:24 /build/assets/UpdateProfileInformationForm-CNp0Bjwh.js  ~ 0.12ms
  2025-12-24 23:42:24 /build/assets/Index-DM69dNGo.js .............. ~ 0.15ms
  2025-12-24 23:42:24 /build/assets/Index-Bdx268IB.css ............. ~ 0.13ms
  2025-12-24 23:42:24 /build/assets/Success-DBBxY3Bu.js ............ ~ 0.43ms
  2025-12-24 23:42:24 /build/assets/Success-r-hqeCiF.css ........... ~ 0.22ms
  2025-12-24 23:42:24 /build/assets/Track-Cv5MEkSS.js .............. ~ 0.55ms
  2025-12-24 23:42:24 /build/assets/Track-L7omozRj.css ............. ~ 0.30ms
  2025-12-24 23:42:24 /build/assets/TrackingForm-cYk5MIon.js ....... ~ 0.15ms
  2025-12-24 23:42:24 /build/assets/TrackingForm-BbDMoIBK.css ...... ~ 0.19ms
  2025-12-24 23:42:24 /build/assets/Index-CrPuMe4a.js ............ ~ 501.23ms
  2025-12-24 23:42:24 /build/assets/StudentLayout-m5xoRKOH.js ...... ~ 0.38ms
  2025-12-24 23:42:24 /build/assets/StudentLayout-OSj59oVD.css ..... ~ 0.28ms
  2025-12-24 23:42:24 /build/assets/ChangePassword-CeCL_1-u.js ..... ~ 1.59ms
  2025-12-24 23:42:24 /build/assets/Index-ZrZR0rlx.js .............. ~ 0.34ms
  2025-12-24 23:42:24 /build/assets/Dashboard-CadrW6ck.js .......... ~ 0.14ms
  2025-12-24 23:42:24 /build/assets/Dashboard-XybeFVte.css ......... ~ 0.22ms
  2025-12-24 23:42:24 /build/assets/Index-I-d16tnj.js .............. ~ 0.68ms
  2025-12-24 23:42:24 /build/assets/Assignments-BOxfcwE2.js ........ ~ 0.22ms
  2025-12-24 23:42:24 /build/assets/Assignments-BdxcnUAt.css ....... ~ 0.28ms
  2025-12-24 23:42:24 /build/assets/Classes-CoeCR3N4.js ............ ~ 0.17ms
  2025-12-24 23:42:24 /build/assets/Classes-CYXZVLji.css ........... ~ 0.14ms
  2025-12-24 23:42:24 /build/assets/Dashboard-NnYKRjwh.js .......... ~ 0.10ms
  2025-12-24 23:42:24 /build/assets/Dashboard-Df8LdpHi.css ......... ~ 0.16ms
  2025-12-24 23:42:24 /build/assets/Materials-NH0c_9Vk.js .......... ~ 0.70ms
  2025-12-24 23:42:24 /build/assets/Materials-D_KfWPSc.css ......... ~ 0.25ms
  2025-12-24 23:42:24 /build/assets/Index-DBuhXfuU.js .............. ~ 0.52ms
  2025-12-24 23:42:24 /build/assets/Edit-Bpn9BUuD.js ............... ~ 0.49ms
  2025-12-24 23:42:24 /build/assets/Edit-C4P7t_N1.css .............. ~ 1.85ms
  2025-12-24 23:42:24 /build/assets/Index-Db44Mj__.js .............. ~ 0.25ms
  2025-12-24 23:42:24 /build/assets/MyTimetable-GtIRky_P.js ........ ~ 0.33ms
  2025-12-24 23:42:24 /build/assets/Show-Qtozdjv1.js ............... ~ 0.15ms
  2025-12-24 23:42:24 /build/assets/MyTimetable-DCklv2Sq.css ....... ~ 0.12ms
  2025-12-24 23:42:24 /build/assets/Generate-DR4yFReU.js ........... ~ 0.14ms
  2025-12-24 23:42:24 /build/assets/Constraints-9gtMvr79.js ........ ~ 1.03ms
  2025-12-24 23:42:24 /build/assets/Constraints-BZS0SRTT.css ....... ~ 0.33ms
  2025-12-24 23:42:24 /build/assets/Periods-BbsM6Fh-.js .......... ~ 501.19ms
  2025-12-24 23:42:24 /build/assets/SubjectAllocation-Z6UcFIJy.js .. ~ 0.30ms
  2025-12-24 23:42:24 /build/assets/SubjectAllocation-LlDamDcb.css . ~ 0.27ms
  2025-12-24 23:42:24 /build/assets/ClassTimetable-Dcw09Z05.js ..... ~ 0.23ms
  2025-12-24 23:42:24 /build/assets/ClassTimetable-DKnYbDuK.css .... ~ 0.23ms
  2025-12-24 23:42:24 /build/assets/TeacherTimetable-lTjm-Wt8.js ... ~ 0.22ms
  2025-12-24 23:42:25 /build/assets/Welcome-D3MSiuFg.js ............ ~ 0.17ms
  2025-12-24 23:42:25 /build/assets/DefaultLayout-CZjYLiYR.js ...... ~ 0.16ms
  2025-12-24 23:42:25 /build/assets/DefaultLayout-UfeXBpZ5.css ..... ~ 0.14ms
  2025-12-24 23:42:25 /build/assets/Pagination-ECRwH47T.js ......... ~ 0.14ms
  2025-12-24 23:42:25 /build/assets/Pagination-BbeKvaSo.css ........ ~ 0.14ms
  2025-12-24 23:42:25 /build/assets/lodash-BWuwFB3v.js ............. ~ 0.13ms
  2025-12-24 23:42:25 /build/assets/Footer-Gje_vOTM.js ............. ~ 0.21ms
  2025-12-24 23:42:25 /build/assets/Footer-Dp49msI0.css ............ ~ 0.19ms
  2025-12-24 23:42:29 /teacher/my-timetable ...................... ~ 501.29ms
  2025-12-24 23:42:30 /build/assets/app-BuAiy87a.css ............... ~ 0.14ms
  2025-12-24 23:42:30 /build/assets/app-CIwfdflE.css ............... ~ 0.15ms
  2025-12-24 23:42:30 /build/assets/app-BtMGlBNi.js ................ ~ 0.12ms
  2025-12-24 23:42:30 /build/assets/MyTimetable-GtIRky_P.js ........ ~ 0.71ms
  2025-12-24 23:42:30 /build/assets/DefaultLayout-CZjYLiYR.js ...... ~ 0.38ms
  2025-12-24 23:42:30 /build/assets/Footer-Gje_vOTM.js ............. ~ 0.42ms
  2025-12-24 23:42:30 /build/assets/Footer-Dp49msI0.css ............ ~ 0.26ms
  2025-12-24 23:42:30 /build/assets/DefaultLayout-UfeXBpZ5.css ..... ~ 0.20ms
  2025-12-24 23:42:30 /build/assets/MyTimetable-DCklv2Sq.css ....... ~ 0.51ms
  2025-12-24 23:42:30 /favicon.ico ................................. ~ 0.29ms
  2025-12-24 23:42:31 /build/assets/OnlineApplications-BArVHkIj.js . ~ 0.28ms
  2025-12-24 23:42:31 /build/assets/OnlineApplications-CZwoTwJe.css  ~ 0.17ms
  2025-12-24 23:42:31 /build/assets/Index-C1K6ru1x.js .............. ~ 0.18ms
  2025-12-24 23:42:31 /build/assets/Report-BKILL8YM.js ............. ~ 0.48ms
  2025-12-24 23:42:31 /build/assets/debounce-B-eNu6_e.js ........... ~ 0.25ms
  2025-12-24 23:42:31 /build/assets/ConfirmPassword-B2xDz2ia.js .... ~ 0.20ms
  2025-12-24 23:42:31 /build/assets/GuestLayout-CavBf92I.js ...... ~ 501.01ms
  2025-12-24 23:42:31 /build/assets/GuestLayout-D0pWnSgT.css ....... ~ 0.13ms
  2025-12-24 23:42:31 /build/assets/InputError-DsKubmnd.js ......... ~ 0.14ms
  2025-12-24 23:42:31 /build/assets/InputLabel-ClYBtuXY.js ......... ~ 0.11ms
  2025-12-24 23:42:31 /build/assets/PrimaryButton-Dx9Gs-QG.js ...... ~ 0.13ms
  2025-12-24 23:42:31 /build/assets/TextInput-DA-SaAlg.js .......... ~ 0.12ms
  2025-12-24 23:42:31 /build/assets/ForgotPassword-CeoOp5SB.js ..... ~ 0.11ms
  2025-12-24 23:42:31 /build/assets/Login-Cnx3K02r.js .............. ~ 0.10ms
  2025-12-24 23:42:31 /build/assets/Checkbox-BXLVFPzU.js ........... ~ 0.09ms
  2025-12-24 23:42:31 /build/assets/Register-D0Dgw8tC.js ........... ~ 0.12ms
  2025-12-24 23:42:31 /build/assets/ResetPassword-BnRLHvvj.js ...... ~ 0.22ms
  2025-12-24 23:42:31 /build/assets/VerifyEmail-CEyllq4_.js ........ ~ 0.18ms
  2025-12-24 23:42:31 /build/assets/Index-Cth74VPG.js .............. ~ 0.21ms
  2025-12-24 23:42:31 /build/assets/SchoolCalendar-DY8nyl9L.js ..... ~ 0.32ms
  2025-12-24 23:42:31 /build/assets/SchoolCalendar-qEf1aTuN.css .... ~ 0.24ms
  2025-12-24 23:42:31 /build/assets/Index-BnFyYwu-.js .............. ~ 0.44ms
  2025-12-24 23:42:31 /build/assets/index-RrlS12bl.js .............. ~ 0.17ms
  2025-12-24 23:42:31 /build/assets/Show-C73Oc_r3.js ............... ~ 0.28ms
  2025-12-24 23:42:31 /build/assets/Show-BI6oj0NI.css .............. ~ 0.18ms
  2025-12-24 23:42:31 /build/assets/Allowance-XkTQfaVo.js .......... ~ 0.15ms
  2025-12-24 23:42:31 /build/assets/BlogCategories-CCgqbyGc.js ..... ~ 0.20ms
  2025-12-24 23:42:31 /build/assets/Deduction-Dyfxj3kH.js .......... ~ 0.27ms
  2025-12-24 23:42:31 /build/assets/Divisions-BZrSsbnv.js .......... ~ 0.23ms
  2025-12-24 23:42:31 /build/assets/EmploymentStatuses-eHcENBDo.js . ~ 0.53ms
  2025-12-24 23:42:31 /build/assets/EmploymentTypes-Cmulbx6s.js .... ~ 0.31ms
  2025-12-24 23:42:31 /build/assets/Genders-Dpcn7ip6.js ............ ~ 0.24ms
  2025-12-24 23:42:31 /build/assets/Honorifics-CltRzArm.js ......... ~ 0.22ms
  2025-12-24 23:42:31 /build/assets/Income-ClC2jNPM.js ............. ~ 0.20ms
  2025-12-24 23:42:31 /build/assets/Index-CQSC8UHR.js .............. ~ 0.16ms
  2025-12-24 23:42:31 /build/assets/Index-hOtiuyDQ.css ............. ~ 0.15ms
  2025-12-24 23:42:31 /build/assets/JobTitles-D4Tm5TZ-.js .......... ~ 0.45ms
  2025-12-24 23:42:31 /build/assets/QualificationTypes-DMiCfoXn.js . ~ 0.38ms
  2025-12-24 23:42:32 /build/assets/Relationships-qX2ntCBL.js ...... ~ 0.82ms
  2025-12-24 23:42:32 /build/assets/Religions-CWXADSE1.js .......... ~ 0.23ms
  2025-12-24 23:42:32 /build/assets/SalaryGrade-mIvMsqFx.js ........ ~ 0.39ms
  2025-12-24 23:42:32 /build/assets/SalaryScale-BA53Uwg0.js ........ ~ 0.20ms
  2025-12-24 23:42:32 /build/assets/Streams-CHVLJG6Z.js ............ ~ 0.29ms
  2025-12-24 23:42:32 /build/assets/Subjects-Dyxg46-8.js ........... ~ 0.17ms
  2025-12-24 23:42:32 /build/assets/TeacherTitles-DxLFViBD.js ...... ~ 0.13ms
  2025-12-24 23:42:32 /build/assets/Dashboard-C9NnJMrG.js .......... ~ 0.08ms
  2025-12-24 23:42:32 /build/assets/GreetingCard-Bg3aZOAr.js ....... ~ 0.08ms
  2025-12-24 23:42:32 /build/assets/GreetingCard-d-HuJ_xn.css ...... ~ 0.10ms
  2025-12-24 23:42:32 /build/assets/AssignClasses-C6Yi1dZS.js ...... ~ 0.31ms
  2025-12-24 23:42:32 /build/assets/index-BOyi1N20.js .............. ~ 0.36ms
  2025-12-24 23:42:32 /build/assets/AssignClasses-DNa1Zu07.css ..... ~ 0.66ms
  2025-12-24 23:42:32 /build/assets/AssignSubjects-C0KN6maT.js ..... ~ 0.31ms
  2025-12-24 23:42:32 /build/assets/Edit-DHhmZKX6.js ............... ~ 0.46ms
  2025-12-24 23:42:32 /build/assets/Edit-BY4eCtR7.css .............. ~ 0.42ms
  2025-12-24 23:42:32 /build/assets/EmergencyContactAccordion-KBKOgGIV.js  ~ 0.19ms
  2025-12-24 23:42:32 /build/assets/EmployeeDataAccordion-BRZm9WBe.js  ~ 0.15ms
  2025-12-24 23:42:32 /build/assets/Index-Cevzn_6x.js .............. ~ 0.14ms
  2025-12-24 23:42:32 /build/assets/Modal-CIl0yhGf.js .............. ~ 0.14ms
  2025-12-24 23:42:32 /build/assets/Dropdown-DHpTL3PX.js ........... ~ 0.27ms
  2025-12-24 23:42:32 /build/assets/Index-CCa_qaaw.css ............. ~ 0.33ms
  2025-12-24 23:42:32 /build/assets/Index-CUnuMXru.js .............. ~ 0.17ms
  2025-12-24 23:42:32 /build/assets/Index-gehn0z9Y.css ............. ~ 0.27ms
  2025-12-24 23:42:32 /build/assets/QualificationDetailAccordion-Czk5LLlY.js  ~ 0.32ms
  2025-12-24 23:42:32 /build/assets/Show-BsTpOem4.js ............... ~ 0.28ms
  2025-12-24 23:42:32 /build/assets/Create-CP9_0-ri.js ............. ~ 0.15ms
  2025-12-24 23:42:32 /build/assets/Create-Kc1s9BP_.css ............ ~ 0.20ms
  2025-12-24 23:42:32 /build/assets/Edit-DcpGXECV.js ............... ~ 0.36ms
  2025-12-24 23:42:32 /build/assets/Edit-BXvpM3JB.css .............. ~ 0.17ms
  2025-12-24 23:42:32 /build/assets/Index-DnJnRz9v.js .............. ~ 0.16ms
  2025-12-24 23:42:32 /build/assets/Show-mDdoVPIt.js ............... ~ 0.38ms
  2025-12-24 23:42:32 /build/assets/Show-BcbfK-aJ.css .............. ~ 0.30ms
  2025-12-24 23:42:32 /build/assets/WorkHistoryAccordion-ZWuY2NU9.js  ~ 0.27ms
  2025-12-24 23:42:32 /build/assets/FeeBalance-DEj5xCZI.js ......... ~ 0.27ms
  2025-12-24 23:42:32 /build/assets/FeeBalance-VxAQu3JP.css ........ ~ 0.17ms
  2025-12-24 23:42:32 /build/assets/FeeReport-C63p46Om.js .......... ~ 0.16ms
  2025-12-24 23:42:32 /build/assets/FeeReport-8VCRTbjL.css ......... ~ 0.15ms
  2025-12-24 23:42:32 /build/assets/Create-BD8UDbLO.js ............. ~ 0.18ms
  2025-12-24 23:42:32 /build/assets/Create-v8Xhr7wC.css ............ ~ 0.17ms
  2025-12-24 23:42:32 /build/assets/Edit-BZDc2bqR.js ............... ~ 0.25ms
  2025-12-24 23:42:32 /build/assets/Edit-BHrrC4kE.css .............. ~ 0.22ms
  2025-12-24 23:42:32 /build/assets/Index-DG05Mu3A.js .............. ~ 0.21ms
  2025-12-24 23:42:32 /build/assets/Index-B3zSWBtC.css ............. ~ 0.24ms
  2025-12-24 23:42:32 /build/assets/Index-CnWNm9u6.js .............. ~ 0.20ms
  2025-12-24 23:42:32 /build/assets/Index-Doodeb1f.css ............. ~ 0.16ms
  2025-12-24 23:42:32 /build/assets/PaymentHistory-BFDsZqMG.js ..... ~ 0.16ms
  2025-12-24 23:42:32 /build/assets/PaymentHistory-BJycJNMh.css .... ~ 0.14ms
  2025-12-24 23:42:32 /build/assets/Reports-bdfFfy8K.js ............ ~ 0.14ms
  2025-12-24 23:42:32 /build/assets/chart-BR_H7_9u.js .............. ~ 0.15ms
  2025-12-24 23:42:32 /build/assets/CollectionReport-C_EDT3OJ.js ... ~ 0.28ms
  2025-12-24 23:42:32 /build/assets/CollectionReport-DYb6BmdP.css .. ~ 0.21ms
  2025-12-24 23:42:33 /build/assets/Overview-wkEMBo9R.js ........... ~ 0.37ms
  2025-12-24 23:42:33 /build/assets/TransferFunds-zsPbkj8c.js ...... ~ 0.18ms
  2025-12-24 23:42:33 /build/assets/TransferFunds-CH4O_5Wh.css ..... ~ 0.37ms
  2025-12-24 23:42:33 /build/assets/TransferHistory-C-XdWg-J.js .... ~ 0.32ms
  2025-12-24 23:42:33 /build/assets/TransferHistory-Cpner_fp.css ... ~ 0.34ms
  2025-12-24 23:42:33 /build/assets/VerifyPayment-3DgANU4T.js ...... ~ 0.16ms
  2025-12-24 23:42:33 /build/assets/VerifyPayment-DoPr7nd5.css ..... ~ 0.35ms
  2025-12-24 23:42:33 /build/assets/Index-DSCgecPh.js .............. ~ 0.26ms
  2025-12-24 23:42:33 /build/assets/Create-DDBj6UDa.js ............. ~ 0.14ms
  2025-12-24 23:42:33 /build/assets/Index-DGD2W0PO.js .............. ~ 0.20ms
  2025-12-24 23:42:33 /build/assets/Index-CTLxQcaM.js .............. ~ 0.43ms
  2025-12-24 23:42:33 /build/assets/Assignments-DT22ddaR.js ........ ~ 0.42ms
  2025-12-24 23:42:33 /build/assets/Assignments-E-S82EKF.css ....... ~ 1.02ms
  2025-12-24 23:42:33 /build/assets/Classes-p4lrpihy.js ............ ~ 0.22ms
  2025-12-24 23:42:33 /build/assets/Classes-fTwbkkVc.css ........... ~ 0.49ms
  2025-12-24 23:42:33 /build/assets/Materials-sbKBAMcb.js .......... ~ 0.35ms
  2025-12-24 23:42:33 /build/assets/Materials-C0tM08BT.css ......... ~ 0.30ms
  2025-12-24 23:42:33 /build/assets/Submissions-BHzKflBE.js ........ ~ 0.33ms
  2025-12-24 23:42:33 /build/assets/Submissions-tVJZ77wn.css ....... ~ 0.35ms
  2025-12-24 23:42:33 /build/assets/Index-BHo6e6BB.js .............. ~ 0.35ms
  2025-12-24 23:42:33 /build/assets/AllStaff-CEG8MeCP.js ........... ~ 0.50ms
  2025-12-24 23:42:33 /build/assets/AllStudents-B1qxomX-.js ........ ~ 0.57ms
  2025-12-24 23:42:33 /build/assets/Index-CxUnJcRk.js .............. ~ 0.20ms
  2025-12-24 23:42:33 /build/assets/index-DHXAGmwn.css ............. ~ 0.30ms
  2025-12-24 23:42:33 /build/assets/StaffAttendance-BlbCgwVq.js .... ~ 0.83ms
  2025-12-24 23:42:33 /build/assets/Index-Blhj00Jh.js .............. ~ 0.28ms
  2025-12-24 23:42:33 /build/assets/AcademicYears-C3Z6zYt7.js ...... ~ 0.46ms
  2025-12-24 23:42:33 /build/assets/Create-pEX67v2i.js ............. ~ 0.33ms
  2025-12-24 23:42:33 /build/assets/Create-DCBl5WcC.css ............ ~ 0.22ms
  2025-12-24 23:42:33 /build/assets/Index-CYXJuguz.js .............. ~ 0.75ms
  2025-12-24 23:42:33 /build/assets/Create-DKKzBbv1.js ............. ~ 0.20ms
  2025-12-24 23:42:33 /build/assets/Create-C8kjwkFB.css ............ ~ 0.77ms
  2025-12-24 23:42:33 /build/assets/Edit-CQ8R9h6L.js ............... ~ 0.33ms
  2025-12-24 23:42:33 /build/assets/Edit-ujsFgBVD.css .............. ~ 0.44ms
  2025-12-24 23:42:33 /build/assets/Index-B0SZwK5Q.js .............. ~ 0.33ms
  2025-12-24 23:42:33 /build/assets/Index-CyoEYGUx.css ............. ~ 0.43ms
  2025-12-24 23:42:33 /build/assets/Show-DiKYopt-.js ............... ~ 0.32ms
  2025-12-24 23:42:33 /build/assets/Show-Bq3C96w7.css .............. ~ 0.36ms
  2025-12-24 23:42:33 /build/assets/Index-q-5sIyN4.js .............. ~ 0.16ms
  2025-12-24 23:42:33 /build/assets/Index-BNCCPdWN.js .............. ~ 0.43ms
  2025-12-24 23:42:33 /build/assets/Index-DI0SQ82Y.js .............. ~ 0.73ms
  2025-12-24 23:42:33 /build/assets/Blogs-ChW2ryaj.js .............. ~ 0.14ms
  2025-12-24 23:42:33 /build/assets/Editor-l0e1ol0h.js ............. ~ 0.36ms
  2025-12-24 23:42:33 /build/assets/Editor-DCiBGPfP.css ............ ~ 0.46ms
  2025-12-24 23:42:33 /build/assets/Careers-h7IkThwV.js ............ ~ 0.18ms
  2025-12-24 23:42:33 /build/assets/Index-DELBBwgx.js .............. ~ 0.23ms
  2025-12-24 23:42:33 /build/assets/Index-DJ9xZC-1.css ............. ~ 0.18ms
  2025-12-24 23:42:33 /build/assets/Buttons-EoAOPCCs.js ............ ~ 2.65ms
  2025-12-24 23:42:33 /build/assets/Buttons-DHNf4XXu.css ........... ~ 0.55ms
  2025-12-24 23:42:33 /build/assets/Colors-COl9VYjW.js ............. ~ 0.14ms
  2025-12-24 23:42:33 /build/assets/Index-BQ_vkt5F.js .............. ~ 0.23ms
  2025-12-24 23:42:33 /build/assets/Index-CEPBEXi6.css ............. ~ 0.12ms
  2025-12-24 23:42:33 /build/assets/Index-8FvxowY2.js .............. ~ 0.24ms
  2025-12-24 23:42:33 /build/assets/Index-BeCjOJb2.js .............. ~ 0.13ms
  2025-12-24 23:42:33 /build/assets/Create-DcAZ29PZ.js ............. ~ 0.15ms
  2025-12-24 23:42:33 /build/assets/Create-Co4pdLcW.css ............ ~ 0.17ms
  2025-12-24 23:42:33 /build/assets/Edit-DDr0UUkI.js ............... ~ 0.13ms
  2025-12-24 23:42:33 /build/assets/Edit-CQCm6wpr.css .............. ~ 0.26ms
  2025-12-24 23:42:33 /build/assets/Index-be_eswSK.js .............. ~ 0.35ms
  2025-12-24 23:42:33 /build/assets/ManagePageSections-Dc9BkDyC.js . ~ 0.45ms
  2025-12-24 23:42:33 /build/assets/ManagePageSections-Bn7DDJFs.css  ~ 0.34ms
  2025-12-24 23:42:33 /build/assets/Index-Ca8B0tbn.js .............. ~ 0.15ms
  2025-12-24 23:42:33 /build/assets/Login-CLNllQkD.js .............. ~ 0.14ms
  2025-12-24 23:42:33 /build/assets/Dashboard-Cjy_u_55.js .......... ~ 0.13ms
  2025-12-24 23:42:33 /build/assets/AssignClasses-B7CqsFCz.js ...... ~ 0.13ms
  2025-12-24 23:42:33 /build/assets/AssignClasses-BpmGkGfR.css ..... ~ 0.10ms
  2025-12-24 23:42:33 /build/assets/Index-CnNVnwzF.js .............. ~ 0.08ms
  2025-12-24 23:42:33 /build/assets/Functions-DBdvPDQ4.js .......... ~ 0.09ms
  2025-12-24 23:42:33 /build/assets/MarkAttendance-DsKdq_Zo.js ..... ~ 0.13ms
  2025-12-24 23:42:33 /build/assets/Report-gQ1t-fxO.js ............. ~ 0.13ms
  2025-12-24 23:42:33 /build/assets/Login-DcmN2gd4.js .............. ~ 0.17ms
  2025-12-24 23:42:33 /build/assets/Login-C4dk7bUa.css ............. ~ 0.17ms
  2025-12-24 23:42:33 /build/assets/Index-C_2UmDP3.js .............. ~ 0.58ms
  2025-12-24 23:42:33 /build/assets/Dashboard-BuxpuPk2.js .......... ~ 0.42ms
  2025-12-24 23:42:33 /build/assets/Dashboard-DMZbz74x.css ......... ~ 0.26ms
  2025-12-24 23:42:33 /build/assets/EnterMarks-B0LnR8dI.js ......... ~ 0.17ms
  2025-12-24 23:42:33 /build/assets/EnterMarks-DwL5Vpbu.css ........ ~ 0.27ms
  2025-12-24 23:42:33 /build/assets/SubmittedMarks-72CkkRlt.js ..... ~ 0.19ms
  2025-12-24 23:42:34 /build/assets/SubmittedMarks-CTHh4nKk.css .... ~ 0.09ms
  2025-12-24 23:42:34 /build/assets/Index-Wp4DaDQy.js .............. ~ 0.13ms
  2025-12-24 23:42:34 /build/assets/Index-bfWcpLwP.css ............. ~ 0.19ms
  2025-12-24 23:42:34 /build/assets/EmergencyContacts-MAWgNgin.js .. ~ 0.13ms
  2025-12-24 23:42:34 /build/assets/EmployeeDetails-Ch0faZ6F.js .... ~ 0.12ms
  2025-12-24 23:42:34 /build/assets/Qualifications-DHq6skGy.js ... ~ 502.08ms
  2025-12-24 23:42:34 /build/assets/UpdatePassword-DrnVHBT3.js ..... ~ 1.00ms
  2025-12-24 23:42:34 /build/assets/UpdatePassword-BJM0g8p3.css .... ~ 0.39ms
  2025-12-24 23:42:34 /build/assets/WorkHistories-B1KYJojb.js ...... ~ 0.17ms
  2025-12-24 23:42:34 /build/assets/Index-CuXYCp-x.js .............. ~ 0.23ms
  2025-12-24 23:42:34 /build/assets/Index-CQSrs7sh.css ............. ~ 0.21ms
  2025-12-24 23:42:34 /build/assets/Index-GWBMYpTf.js .............. ~ 0.14ms
  2025-12-24 23:42:34 /build/assets/Index-QeIx4N54.js .............. ~ 0.19ms
  2025-12-24 23:42:34 /build/assets/ApprovalQueue-M7-EHw7H.js ...... ~ 0.13ms
  2025-12-24 23:42:34 /build/assets/ApprovalQueue-Dj6kgcRy.css ..... ~ 0.32ms
  2025-12-24 23:42:34 /build/assets/Index-BKvMkuWg.js .............. ~ 0.27ms
  2025-12-24 23:42:34 /build/assets/Index-Cm38Iza_.js .............. ~ 0.48ms
  2025-12-24 23:42:34 /build/assets/PayrollAdjustment-OlFbbvh1.js .. ~ 0.49ms
  2025-12-24 23:42:34 /build/assets/iziToast-DzHbHxGk.js ........... ~ 0.31ms
  2025-12-24 23:42:34 /build/assets/PayrollAdjustmentAllowance-MNHHFOrs.js  ~ 0.25ms
  2025-12-24 23:42:34 /build/assets/PayrollAdjustmentDeduction-CKVrvmuS.js  ~ 0.44ms
  2025-12-24 23:42:34 /build/assets/PayrollDetails-BWhAgiXX.js ..... ~ 0.25ms
  2025-12-24 23:42:34 /build/assets/PayrollRun-BCNDlJY0.js ......... ~ 0.18ms
  2025-12-24 23:42:34 /build/assets/Edit-B1HGmJFl.js ............... ~ 0.17ms
  2025-12-24 23:42:34 /build/assets/SecondaryButton-CIWECRtD.js .... ~ 0.91ms
  2025-12-24 23:42:34 /build/assets/Index-DknNErSI.js .............. ~ 0.17ms
  2025-12-24 23:42:34 /build/assets/DeleteUserForm-BEkImKK2.js ..... ~ 0.65ms
  2025-12-24 23:42:34 /build/assets/UpdatePasswordForm-Cl5FQvW5.js . ~ 0.55ms
  2025-12-24 23:42:34 /build/assets/UpdateProfileInformationForm-CNp0Bjwh.js  ~ 0.37ms
  2025-12-24 23:42:34 /build/assets/Index-DM69dNGo.js .............. ~ 0.26ms
  2025-12-24 23:42:34 /build/assets/Index-Bdx268IB.css ............. ~ 0.41ms
  2025-12-24 23:42:34 /build/assets/Success-DBBxY3Bu.js ............ ~ 0.13ms
  2025-12-24 23:42:34 /build/assets/Success-r-hqeCiF.css ........... ~ 0.13ms
  2025-12-24 23:42:34 /build/assets/Track-Cv5MEkSS.js .............. ~ 0.23ms
  2025-12-24 23:42:34 /build/assets/Track-L7omozRj.css ............. ~ 0.30ms
  2025-12-24 23:42:34 /build/assets/TrackingForm-cYk5MIon.js ....... ~ 0.18ms
  2025-12-24 23:42:34 /build/assets/TrackingForm-BbDMoIBK.css ...... ~ 0.26ms
  2025-12-24 23:42:34 /build/assets/Index-CrPuMe4a.js .............. ~ 0.38ms
  2025-12-24 23:42:34 /build/assets/StudentLayout-m5xoRKOH.js ...... ~ 0.33ms
  2025-12-24 23:42:34 /build/assets/StudentLayout-OSj59oVD.css ..... ~ 0.13ms
  2025-12-24 23:42:34 /build/assets/ChangePassword-CeCL_1-u.js ..... ~ 0.33ms
  2025-12-24 23:42:34 /build/assets/Index-ZrZR0rlx.js .............. ~ 0.22ms
  2025-12-24 23:42:34 /build/assets/Dashboard-CadrW6ck.js .......... ~ 0.19ms
  2025-12-24 23:42:34 /build/assets/Dashboard-XybeFVte.css ......... ~ 0.16ms
  2025-12-24 23:42:34 /build/assets/Index-I-d16tnj.js .............. ~ 0.10ms
  2025-12-24 23:42:34 /build/assets/Assignments-BOxfcwE2.js ........ ~ 0.12ms
  2025-12-24 23:42:34 /build/assets/Assignments-BdxcnUAt.css ....... ~ 0.12ms
  2025-12-24 23:42:34 /build/assets/Classes-CoeCR3N4.js ............ ~ 0.16ms
  2025-12-24 23:42:34 /build/assets/Classes-CYXZVLji.css ........... ~ 0.32ms
  2025-12-24 23:42:34 /build/assets/Dashboard-NnYKRjwh.js .......... ~ 0.27ms
  2025-12-24 23:42:34 /build/assets/Dashboard-Df8LdpHi.css ......... ~ 0.50ms
  2025-12-24 23:42:34 /build/assets/Materials-NH0c_9Vk.js .......... ~ 0.19ms
  2025-12-24 23:42:34 /build/assets/Materials-D_KfWPSc.css ......... ~ 0.15ms
  2025-12-24 23:42:34 /build/assets/Index-DBuhXfuU.js .............. ~ 0.09ms
  2025-12-24 23:42:34 /build/assets/Edit-Bpn9BUuD.js ............... ~ 0.14ms
  2025-12-24 23:42:34 /build/assets/Edit-C4P7t_N1.css .............. ~ 0.09ms
  2025-12-24 23:42:34 /build/assets/Index-Db44Mj__.js .............. ~ 0.10ms
  2025-12-24 23:42:34 /build/assets/Show-Qtozdjv1.js ............... ~ 0.13ms
  2025-12-24 23:42:34 /build/assets/MyTimetable-GtIRky_P.js ........ ~ 0.09ms
  2025-12-24 23:42:34 /build/assets/MyTimetable-DCklv2Sq.css ....... ~ 0.10ms
  2025-12-24 23:42:34 /build/assets/Generate-DR4yFReU.js ........... ~ 0.09ms
  2025-12-24 23:42:34 /build/assets/Constraints-9gtMvr79.js ........ ~ 0.10ms
  2025-12-24 23:42:34 /build/assets/Constraints-BZS0SRTT.css ....... ~ 0.09ms
  2025-12-24 23:42:34 /build/assets/Periods-BbsM6Fh-.js ............ ~ 0.11ms
  2025-12-24 23:42:34 /build/assets/SubjectAllocation-Z6UcFIJy.js .. ~ 0.22ms
  2025-12-24 23:42:34 /build/assets/SubjectAllocation-LlDamDcb.css . ~ 0.20ms
  2025-12-24 23:42:34 /build/assets/ClassTimetable-Dcw09Z05.js ..... ~ 0.16ms
  2025-12-24 23:42:34 /build/assets/ClassTimetable-DKnYbDuK.css .... ~ 0.30ms
  2025-12-24 23:42:34 /build/assets/TeacherTimetable-lTjm-Wt8.js ... ~ 0.41ms
  2025-12-24 23:42:34 /build/assets/Welcome-D3MSiuFg.js ............ ~ 0.19ms
  2025-12-24 23:42:34 /build/assets/DefaultLayout-CZjYLiYR.js ...... ~ 0.26ms
  2025-12-24 23:42:34 /build/assets/DefaultLayout-UfeXBpZ5.css ..... ~ 0.24ms
  2025-12-24 23:42:34 /build/assets/Pagination-ECRwH47T.js ......... ~ 0.21ms
  2025-12-24 23:42:34 /build/assets/Pagination-BbeKvaSo.css ........ ~ 0.14ms
  2025-12-24 23:42:34 /build/assets/lodash-BWuwFB3v.js ............. ~ 0.11ms
  2025-12-24 23:42:34 /build/assets/Footer-Gje_vOTM.js ............. ~ 0.12ms
  2025-12-24 23:42:34 /build/assets/Footer-Dp49msI0.css ............ ~ 0.10ms
  2025-12-24 23:42:56 /build/assets/SubmittedMarks-72CkkRlt.js ..... ~ 0.99ms
  2025-12-24 23:42:56 /build/assets/SubmittedMarks-CTHh4nKk.css .... ~ 0.38ms
  2025-12-24 23:42:56 /assets/images/branding/skaas-schools-logo.png  ~ 1.50ms
  2025-12-24 23:42:56 /employee/exams/submitted-marks ............ ~ 502.37ms
  2025-12-24 23:42:56 /build/assets/boxicons-CeGEncwm.woff2 ........ ~ 0.64ms
  2025-12-24 23:42:56 /build/assets/PublicSans-Medium-DOt0zBLs.ttf . ~ 2.25ms
  2025-12-24 23:42:56 /build/assets/PublicSans-Regular-CcK-bgQZ.ttf  ~ 2.91ms
  2025-12-24 23:43:00 /employee/exams/submitted-marks ............ ~ 500.71ms
  2025-12-24 23:43:00 /build/assets/app-BuAiy87a.css ............... ~ 0.22ms
  2025-12-24 23:43:00 /build/assets/app-CIwfdflE.css ............... ~ 0.21ms
  2025-12-24 23:43:00 /build/assets/app-BtMGlBNi.js ................ ~ 0.19ms
  2025-12-24 23:43:01 /build/assets/SubmittedMarks-72CkkRlt.js ..... ~ 0.49ms
  2025-12-24 23:43:01 /build/assets/DefaultLayout-CZjYLiYR.js ...... ~ 0.34ms
  2025-12-24 23:43:01 /build/assets/Footer-Gje_vOTM.js ............. ~ 0.43ms
  2025-12-24 23:43:01 /build/assets/Footer-Dp49msI0.css ............ ~ 0.33ms
  2025-12-24 23:43:01 /build/assets/DefaultLayout-UfeXBpZ5.css ..... ~ 0.64ms
  2025-12-24 23:43:01 /build/assets/SubmittedMarks-CTHh4nKk.css .... ~ 0.53ms
  2025-12-24 23:43:01 /favicon.ico ................................. ~ 0.30ms
  2025-12-24 23:43:01 /assets/images/branding/skaas-schools-logo.png  ~ 0.80ms
  2025-12-24 23:43:01 /employee/exams/submitted-marks .............. ~ 0.32ms
  2025-12-24 23:43:02 /build/assets/boxicons-CeGEncwm.woff2 ........ ~ 0.66ms
  2025-12-24 23:43:02 /build/assets/PublicSans-Medium-DOt0zBLs.ttf . ~ 2.94ms
  2025-12-24 23:43:02 /build/assets/PublicSans-Regular-CcK-bgQZ.ttf  ~ 5.50ms
  2025-12-24 23:43:02 /build/assets/OnlineApplications-BArVHkIj.js . ~ 6.57ms
  2025-12-24 23:43:02 /build/assets/OnlineApplications-CZwoTwJe.css  ~ 7.33ms
  2025-12-24 23:43:02 /build/assets/Index-C1K6ru1x.js .............. ~ 5.68ms
  2025-12-24 23:43:02 /build/assets/Report-BKILL8YM.js ............. ~ 0.46ms
  2025-12-24 23:43:02 /build/assets/debounce-B-eNu6_e.js ........... ~ 0.78ms
  2025-12-24 23:43:02 /build/assets/ConfirmPassword-B2xDz2ia.js .... ~ 0.29ms
  2025-12-24 23:43:02 /build/assets/GuestLayout-CavBf92I.js ........ ~ 0.25ms
  2025-12-24 23:43:02 /build/assets/GuestLayout-D0pWnSgT.css ....... ~ 0.19ms
  2025-12-24 23:43:02 /build/assets/InputError-DsKubmnd.js ......... ~ 0.34ms
  2025-12-24 23:43:02 /build/assets/InputLabel-ClYBtuXY.js ......... ~ 0.43ms
  2025-12-24 23:43:02 /build/assets/PrimaryButton-Dx9Gs-QG.js ...... ~ 0.18ms
  2025-12-24 23:43:02 /build/assets/TextInput-DA-SaAlg.js .......... ~ 0.14ms
  2025-12-24 23:43:02 /build/assets/ForgotPassword-CeoOp5SB.js ..... ~ 0.21ms
  2025-12-24 23:43:02 /build/assets/Login-Cnx3K02r.js .............. ~ 0.18ms
  2025-12-24 23:43:02 /build/assets/Checkbox-BXLVFPzU.js ........... ~ 0.12ms
  2025-12-24 23:43:02 /build/assets/Register-D0Dgw8tC.js ........... ~ 0.95ms
  2025-12-24 23:43:02 /build/assets/ResetPassword-BnRLHvvj.js ...... ~ 0.29ms
  2025-12-24 23:43:02 /build/assets/VerifyEmail-CEyllq4_.js ........ ~ 0.37ms
  2025-12-24 23:43:02 /build/assets/Index-Cth74VPG.js .............. ~ 0.49ms
  2025-12-24 23:43:02 /build/assets/SchoolCalendar-DY8nyl9L.js ..... ~ 0.71ms
  2025-12-24 23:43:02 /build/assets/SchoolCalendar-qEf1aTuN.css .... ~ 0.44ms
  2025-12-24 23:43:02 /build/assets/Index-BnFyYwu-.js .............. ~ 0.34ms
  2025-12-24 23:43:02 /build/assets/index-RrlS12bl.js .............. ~ 1.70ms
  2025-12-24 23:43:02 /build/assets/Show-C73Oc_r3.js ............... ~ 0.17ms
  2025-12-24 23:43:02 /build/assets/Show-BI6oj0NI.css .............. ~ 0.23ms
  2025-12-24 23:43:02 /build/assets/Allowance-XkTQfaVo.js .......... ~ 0.22ms
  2025-12-24 23:43:02 /build/assets/BlogCategories-CCgqbyGc.js ..... ~ 0.28ms
  2025-12-24 23:43:02 /build/assets/Deduction-Dyfxj3kH.js .......... ~ 0.67ms
  2025-12-24 23:43:02 /build/assets/Divisions-BZrSsbnv.js .......... ~ 0.20ms
  2025-12-24 23:43:02 /build/assets/EmploymentStatuses-eHcENBDo.js . ~ 1.06ms
  2025-12-24 23:43:03 /build/assets/EmploymentTypes-Cmulbx6s.js .... ~ 0.41ms
  2025-12-24 23:43:03 /build/assets/Genders-Dpcn7ip6.js ............ ~ 0.32ms
  2025-12-24 23:43:03 /build/assets/Honorifics-CltRzArm.js ......... ~ 0.31ms
  2025-12-24 23:43:03 /build/assets/Income-ClC2jNPM.js ............. ~ 0.28ms
  2025-12-24 23:43:03 /build/assets/Index-CQSC8UHR.js .............. ~ 0.32ms
  2025-12-24 23:43:03 /build/assets/Index-hOtiuyDQ.css ............. ~ 0.79ms
  2025-12-24 23:43:03 /build/assets/JobTitles-D4Tm5TZ-.js .......... ~ 0.84ms
  2025-12-24 23:43:03 /build/assets/QualificationTypes-DMiCfoXn.js . ~ 0.30ms
  2025-12-24 23:43:03 /build/assets/Relationships-qX2ntCBL.js ...... ~ 0.18ms
  2025-12-24 23:43:03 /build/assets/Religions-CWXADSE1.js .......... ~ 0.21ms
  2025-12-24 23:43:03 /build/assets/SalaryGrade-mIvMsqFx.js ........ ~ 0.51ms
  2025-12-24 23:43:03 /build/assets/SalaryScale-BA53Uwg0.js ........ ~ 0.33ms
  2025-12-24 23:43:03 /build/assets/Streams-CHVLJG6Z.js ............ ~ 0.63ms
  2025-12-24 23:43:03 /build/assets/Subjects-Dyxg46-8.js ........... ~ 0.46ms
  2025-12-24 23:43:03 /build/assets/TeacherTitles-DxLFViBD.js ...... ~ 0.17ms
  2025-12-24 23:43:03 /build/assets/Dashboard-C9NnJMrG.js .......... ~ 0.27ms
  2025-12-24 23:43:03 /build/assets/GreetingCard-Bg3aZOAr.js ....... ~ 0.10ms
  2025-12-24 23:43:03 /build/assets/GreetingCard-d-HuJ_xn.css ...... ~ 0.13ms
  2025-12-24 23:43:03 /build/assets/AssignClasses-C6Yi1dZS.js ...... ~ 0.20ms
  2025-12-24 23:43:03 /build/assets/index-BOyi1N20.js .............. ~ 0.24ms
  2025-12-24 23:43:03 /build/assets/AssignClasses-DNa1Zu07.css ..... ~ 0.45ms
  2025-12-24 23:43:03 /build/assets/AssignSubjects-C0KN6maT.js ..... ~ 0.37ms
  2025-12-24 23:43:03 /build/assets/Edit-DHhmZKX6.js ............... ~ 0.22ms
  2025-12-24 23:43:03 /build/assets/Edit-BY4eCtR7.css .............. ~ 0.44ms
  2025-12-24 23:43:03 /build/assets/EmergencyContactAccordion-KBKOgGIV.js  ~ 0.51ms
  2025-12-24 23:43:03 /build/assets/EmployeeDataAccordion-BRZm9WBe.js  ~ 0.40ms
  2025-12-24 23:43:03 /build/assets/Index-Cevzn_6x.js .............. ~ 0.29ms
  2025-12-24 23:43:03 /build/assets/Modal-CIl0yhGf.js .............. ~ 0.26ms
  2025-12-24 23:43:03 /build/assets/Dropdown-DHpTL3PX.js ......... ~ 503.05ms
  2025-12-24 23:43:03 /build/assets/Index-CCa_qaaw.css ............. ~ 0.91ms
  2025-12-24 23:43:03 /build/assets/Index-CUnuMXru.js .............. ~ 0.28ms
  2025-12-24 23:43:03 /build/assets/Index-gehn0z9Y.css ............. ~ 0.18ms
  2025-12-24 23:43:03 /build/assets/QualificationDetailAccordion-Czk5LLlY.js  ~ 1.18ms
  2025-12-24 23:43:03 /build/assets/Show-BsTpOem4.js ............... ~ 0.43ms
  2025-12-24 23:43:03 /build/assets/Create-CP9_0-ri.js ............. ~ 0.69ms
  2025-12-24 23:43:03 /build/assets/Create-Kc1s9BP_.css ............ ~ 1.05ms
  2025-12-24 23:43:03 /build/assets/Edit-DcpGXECV.js ............... ~ 0.21ms
  2025-12-24 23:43:03 /build/assets/Edit-BXvpM3JB.css .............. ~ 0.43ms
  2025-12-24 23:43:03 /build/assets/Index-DnJnRz9v.js .............. ~ 0.48ms
  2025-12-24 23:43:03 /build/assets/Show-mDdoVPIt.js ............... ~ 0.45ms
  2025-12-24 23:43:04 /build/assets/Show-BcbfK-aJ.css .............. ~ 0.20ms
  2025-12-24 23:43:04 /build/assets/WorkHistoryAccordion-ZWuY2NU9.js  ~ 0.34ms
  2025-12-24 23:43:04 /build/assets/FeeBalance-DEj5xCZI.js ......... ~ 0.53ms
  2025-12-24 23:43:04 /build/assets/FeeBalance-VxAQu3JP.css ........ ~ 0.82ms
  2025-12-24 23:43:04 /build/assets/FeeReport-C63p46Om.js .......... ~ 0.14ms
  2025-12-24 23:43:04 /build/assets/FeeReport-8VCRTbjL.css ......... ~ 0.78ms
  2025-12-24 23:43:04 /build/assets/Create-BD8UDbLO.js ............. ~ 0.19ms
  2025-12-24 23:43:04 /build/assets/Create-v8Xhr7wC.css ............ ~ 0.19ms
  2025-12-24 23:43:04 /build/assets/Edit-BZDc2bqR.js ............... ~ 0.30ms
  2025-12-24 23:43:04 /build/assets/Edit-BHrrC4kE.css .............. ~ 0.39ms
  2025-12-24 23:43:04 /build/assets/Index-DG05Mu3A.js .............. ~ 0.71ms
  2025-12-24 23:43:04 /build/assets/Index-B3zSWBtC.css ............. ~ 0.40ms
  2025-12-24 23:43:04 /build/assets/Index-CnWNm9u6.js .............. ~ 0.46ms
  2025-12-24 23:43:04 /build/assets/Index-Doodeb1f.css ............. ~ 0.29ms
  2025-12-24 23:43:04 /build/assets/PaymentHistory-BFDsZqMG.js ..... ~ 0.21ms
  2025-12-24 23:43:04 /build/assets/PaymentHistory-BJycJNMh.css .... ~ 0.33ms
  2025-12-24 23:43:04 /build/assets/Reports-bdfFfy8K.js ............ ~ 0.38ms
  2025-12-24 23:43:04 /build/assets/chart-BR_H7_9u.js .............. ~ 0.39ms
  2025-12-24 23:43:04 /build/assets/CollectionReport-C_EDT3OJ.js ... ~ 0.45ms
  2025-12-24 23:43:04 /build/assets/CollectionReport-DYb6BmdP.css .. ~ 0.32ms
  2025-12-24 23:43:04 /build/assets/Overview-wkEMBo9R.js ........... ~ 0.63ms
  2025-12-24 23:43:04 /build/assets/TransferFunds-zsPbkj8c.js ...... ~ 0.21ms
  2025-12-24 23:43:04 /build/assets/TransferFunds-CH4O_5Wh.css ..... ~ 0.25ms
  2025-12-24 23:43:04 /build/assets/TransferHistory-C-XdWg-J.js .... ~ 0.26ms
  2025-12-24 23:43:04 /build/assets/TransferHistory-Cpner_fp.css ... ~ 0.48ms
  2025-12-24 23:43:04 /build/assets/VerifyPayment-3DgANU4T.js ...... ~ 0.31ms
  2025-12-24 23:43:04 /build/assets/VerifyPayment-DoPr7nd5.css ..... ~ 0.20ms
  2025-12-24 23:43:04 /build/assets/Index-DSCgecPh.js .............. ~ 0.16ms
  2025-12-24 23:43:04 /build/assets/Create-DDBj6UDa.js ............. ~ 0.40ms
  2025-12-24 23:43:04 /build/assets/Index-DGD2W0PO.js .............. ~ 0.22ms
  2025-12-24 23:43:04 /build/assets/Index-CTLxQcaM.js .............. ~ 0.29ms
  2025-12-24 23:43:04 /build/assets/Assignments-DT22ddaR.js ........ ~ 0.28ms
  2025-12-24 23:43:04 /build/assets/Assignments-E-S82EKF.css ....... ~ 0.37ms
  2025-12-24 23:43:04 /build/assets/Classes-p4lrpihy.js ............ ~ 0.18ms
  2025-12-24 23:43:04 /build/assets/Classes-fTwbkkVc.css ........... ~ 0.37ms
  2025-12-24 23:43:04 /build/assets/Materials-sbKBAMcb.js .......... ~ 0.42ms
  2025-12-24 23:43:04 /build/assets/Materials-C0tM08BT.css ......... ~ 0.31ms
  2025-12-24 23:43:04 /build/assets/Submissions-BHzKflBE.js ........ ~ 0.39ms
  2025-12-24 23:43:04 /build/assets/Submissions-tVJZ77wn.css ....... ~ 0.30ms
  2025-12-24 23:43:04 /build/assets/Index-BHo6e6BB.js .............. ~ 0.33ms
  2025-12-24 23:43:04 /build/assets/AllStaff-CEG8MeCP.js ........... ~ 0.22ms
  2025-12-24 23:43:04 /build/assets/AllStudents-B1qxomX-.js ........ ~ 0.43ms
  2025-12-24 23:43:04 /build/assets/Index-CxUnJcRk.js .............. ~ 0.32ms
  2025-12-24 23:43:04 /build/assets/index-DHXAGmwn.css ............. ~ 0.25ms
  2025-12-24 23:43:04 /build/assets/StaffAttendance-BlbCgwVq.js .... ~ 0.35ms
  2025-12-24 23:43:04 /build/assets/Index-Blhj00Jh.js .............. ~ 0.26ms
  2025-12-24 23:43:05 /build/assets/AcademicYears-C3Z6zYt7.js ...... ~ 0.47ms
  2025-12-24 23:43:05 /build/assets/Create-pEX67v2i.js ............. ~ 0.43ms
  2025-12-24 23:43:05 /build/assets/Create-DCBl5WcC.css ............ ~ 0.28ms
  2025-12-24 23:43:05 /build/assets/Index-CYXJuguz.js .............. ~ 0.78ms
  2025-12-24 23:43:05 /build/assets/Create-DKKzBbv1.js ............. ~ 0.49ms
  2025-12-24 23:43:05 /build/assets/Create-C8kjwkFB.css ............ ~ 0.17ms
  2025-12-24 23:43:05 /build/assets/Edit-CQ8R9h6L.js ............... ~ 0.18ms
  2025-12-24 23:43:05 /build/assets/Edit-ujsFgBVD.css .............. ~ 0.16ms
  2025-12-24 23:43:05 /build/assets/Index-B0SZwK5Q.js .............. ~ 0.42ms
  2025-12-24 23:43:05 /build/assets/Index-CyoEYGUx.css ............. ~ 0.21ms
  2025-12-24 23:43:05 /build/assets/Show-DiKYopt-.js ............... ~ 0.18ms
  2025-12-24 23:43:05 /build/assets/Show-Bq3C96w7.css .............. ~ 0.41ms
  2025-12-24 23:43:05 /build/assets/Index-q-5sIyN4.js .............. ~ 0.76ms
  2025-12-24 23:43:05 /build/assets/Index-BNCCPdWN.js .............. ~ 0.76ms
  2025-12-24 23:43:05 /build/assets/Index-DI0SQ82Y.js .............. ~ 0.31ms
  2025-12-24 23:43:05 /build/assets/Blogs-ChW2ryaj.js .............. ~ 0.42ms
  2025-12-24 23:43:05 /build/assets/Editor-l0e1ol0h.js ............. ~ 0.31ms
  2025-12-24 23:43:05 /build/assets/Editor-DCiBGPfP.css .......... ~ 500.97ms
  2025-12-24 23:43:05 /build/assets/Careers-h7IkThwV.js ............ ~ 0.27ms
  2025-12-24 23:43:05 /build/assets/Index-DELBBwgx.js .............. ~ 0.11ms
  2025-12-24 23:43:05 /build/assets/Index-DJ9xZC-1.css ............. ~ 0.14ms
  2025-12-24 23:43:05 /build/assets/Buttons-EoAOPCCs.js ............ ~ 0.19ms
  2025-12-24 23:43:05 /build/assets/Buttons-DHNf4XXu.css ........... ~ 0.55ms
  2025-12-24 23:43:05 /build/assets/Colors-COl9VYjW.js ............. ~ 2.05ms
  2025-12-24 23:43:05 /build/assets/Index-BQ_vkt5F.js .............. ~ 0.36ms
  2025-12-24 23:43:05 /build/assets/Index-CEPBEXi6.css ............. ~ 0.32ms
  2025-12-24 23:43:05 /build/assets/Index-8FvxowY2.js .............. ~ 0.63ms
  2025-12-24 23:43:05 /build/assets/Index-BeCjOJb2.js .............. ~ 0.37ms
  2025-12-24 23:43:05 /build/assets/Create-DcAZ29PZ.js ............. ~ 0.44ms
  2025-12-24 23:43:05 /build/assets/Create-Co4pdLcW.css ............ ~ 1.32ms
  2025-12-24 23:43:05 /build/assets/Edit-DDr0UUkI.js ............... ~ 1.77ms
  2025-12-24 23:43:06 /build/assets/Edit-CQCm6wpr.css .............. ~ 3.98ms
  2025-12-24 23:43:06 /build/assets/Index-be_eswSK.js .............. ~ 0.25ms
  2025-12-24 23:43:06 /build/assets/ManagePageSections-Dc9BkDyC.js . ~ 0.27ms
  2025-12-24 23:43:06 /build/assets/ManagePageSections-Bn7DDJFs.css  ~ 5.47ms
  2025-12-24 23:43:06 /build/assets/Index-Ca8B0tbn.js .............. ~ 0.39ms
  2025-12-24 23:43:06 /build/assets/Login-CLNllQkD.js .............. ~ 0.96ms
  2025-12-24 23:43:06 /build/assets/Dashboard-Cjy_u_55.js .......... ~ 0.63ms
  2025-12-24 23:43:06 /build/assets/AssignClasses-B7CqsFCz.js ...... ~ 0.58ms
  2025-12-24 23:43:06 /build/assets/AssignClasses-BpmGkGfR.css ... ~ 501.32ms
  2025-12-24 23:43:06 /build/assets/Index-CnNVnwzF.js .............. ~ 0.30ms
  2025-12-24 23:43:06 /build/assets/Functions-DBdvPDQ4.js .......... ~ 0.15ms
  2025-12-24 23:43:06 /build/assets/MarkAttendance-DsKdq_Zo.js ..... ~ 0.17ms
  2025-12-24 23:43:06 /build/assets/Report-gQ1t-fxO.js ............. ~ 0.29ms
  2025-12-24 23:43:06 /build/assets/Login-DcmN2gd4.js .............. ~ 0.21ms
  2025-12-24 23:43:06 /build/assets/Login-C4dk7bUa.css ............. ~ 0.15ms
  2025-12-24 23:43:06 /build/assets/Index-C_2UmDP3.js .............. ~ 0.32ms
  2025-12-24 23:43:06 /build/assets/Dashboard-BuxpuPk2.js .......... ~ 0.51ms
  2025-12-24 23:43:06 /build/assets/Dashboard-DMZbz74x.css ......... ~ 0.29ms
  2025-12-24 23:43:06 /build/assets/EnterMarks-B0LnR8dI.js ......... ~ 0.24ms
  2025-12-24 23:43:06 /build/assets/EnterMarks-DwL5Vpbu.css ........ ~ 0.17ms
  2025-12-24 23:43:06 /build/assets/SubmittedMarks-72CkkRlt.js .... ~ 10.77ms
  2025-12-24 23:43:06 /build/assets/SubmittedMarks-CTHh4nKk.css .... ~ 0.32ms
  2025-12-24 23:43:06 /build/assets/Index-Wp4DaDQy.js .............. ~ 0.22ms
  2025-12-24 23:43:06 /build/assets/Index-bfWcpLwP.css ............. ~ 0.54ms
  2025-12-24 23:43:06 /build/assets/EmergencyContacts-MAWgNgin.js .. ~ 0.17ms
  2025-12-24 23:43:06 /build/assets/EmployeeDetails-Ch0faZ6F.js .... ~ 0.18ms
  2025-12-24 23:43:06 /build/assets/Qualifications-DHq6skGy.js ..... ~ 0.14ms
  2025-12-24 23:43:06 /build/assets/UpdatePassword-DrnVHBT3.js ..... ~ 0.61ms
  2025-12-24 23:43:07 /build/assets/UpdatePassword-BJM0g8p3.css .... ~ 0.19ms
  2025-12-24 23:43:07 /build/assets/WorkHistories-B1KYJojb.js ...... ~ 0.22ms
  2025-12-24 23:43:07 /build/assets/Index-CuXYCp-x.js .............. ~ 0.21ms
  2025-12-24 23:43:07 /build/assets/Index-CQSrs7sh.css ............. ~ 0.28ms
  2025-12-24 23:43:07 /build/assets/Index-GWBMYpTf.js .............. ~ 0.37ms
  2025-12-24 23:43:07 /build/assets/Index-QeIx4N54.js .............. ~ 0.66ms
  2025-12-24 23:43:07 /build/assets/ApprovalQueue-M7-EHw7H.js ...... ~ 0.39ms
  2025-12-24 23:43:07 /build/assets/ApprovalQueue-Dj6kgcRy.css ..... ~ 0.26ms
  2025-12-24 23:43:07 /build/assets/Index-BKvMkuWg.js .............. ~ 0.21ms
  2025-12-24 23:43:07 /build/assets/Index-Cm38Iza_.js .............. ~ 0.17ms
  2025-12-24 23:43:07 /build/assets/PayrollAdjustment-OlFbbvh1.js .. ~ 0.53ms
  2025-12-24 23:43:07 /build/assets/iziToast-DzHbHxGk.js ........... ~ 0.17ms
  2025-12-24 23:43:07 /build/assets/PayrollAdjustmentAllowance-MNHHFOrs.js  ~ 0.41ms
  2025-12-24 23:43:07 /build/assets/PayrollAdjustmentDeduction-CKVrvmuS.js  ~ 0.40ms
  2025-12-24 23:43:07 /build/assets/PayrollDetails-BWhAgiXX.js ..... ~ 0.28ms
  2025-12-24 23:43:07 /build/assets/PayrollRun-BCNDlJY0.js ......... ~ 0.76ms
  2025-12-24 23:43:07 /build/assets/Edit-B1HGmJFl.js ............... ~ 0.22ms
  2025-12-24 23:43:07 /build/assets/SecondaryButton-CIWECRtD.js .... ~ 0.73ms
  2025-12-24 23:43:07 /build/assets/Index-DknNErSI.js .............. ~ 0.41ms
  2025-12-24 23:43:07 /build/assets/DeleteUserForm-BEkImKK2.js ..... ~ 0.31ms
  2025-12-24 23:43:07 /build/assets/UpdatePasswordForm-Cl5FQvW5.js . ~ 0.51ms
  2025-12-24 23:43:07 /build/assets/UpdateProfileInformationForm-CNp0Bjwh.js  ~ 0.78ms
  2025-12-24 23:43:07 /build/assets/Index-DM69dNGo.js .............. ~ 1.70ms
  2025-12-24 23:43:07 /build/assets/Index-Bdx268IB.css ............. ~ 0.65ms
  2025-12-24 23:43:07 /build/assets/Success-DBBxY3Bu.js ............ ~ 0.30ms
  2025-12-24 23:43:07 /build/assets/Success-r-hqeCiF.css ........... ~ 0.28ms
  2025-12-24 23:43:07 /build/assets/Track-Cv5MEkSS.js .............. ~ 0.44ms
  2025-12-24 23:43:07 /build/assets/Track-L7omozRj.css ............. ~ 0.31ms
  2025-12-24 23:43:07 /build/assets/TrackingForm-cYk5MIon.js ....... ~ 0.28ms
  2025-12-24 23:43:07 /build/assets/TrackingForm-BbDMoIBK.css ...... ~ 0.38ms
  2025-12-24 23:43:07 /build/assets/Index-CrPuMe4a.js .............. ~ 0.28ms
  2025-12-24 23:43:07 /build/assets/StudentLayout-m5xoRKOH.js ...... ~ 0.41ms
  2025-12-24 23:43:07 /build/assets/StudentLayout-OSj59oVD.css ..... ~ 0.38ms
  2025-12-24 23:43:07 /build/assets/ChangePassword-CeCL_1-u.js ..... ~ 0.28ms
  2025-12-24 23:43:07 /build/assets/Index-ZrZR0rlx.js .............. ~ 0.25ms
  2025-12-24 23:43:07 /build/assets/Dashboard-CadrW6ck.js .......... ~ 0.24ms
  2025-12-24 23:43:08 /build/assets/Dashboard-XybeFVte.css ......... ~ 0.24ms
  2025-12-24 23:43:08 /build/assets/Index-I-d16tnj.js .............. ~ 0.19ms
  2025-12-24 23:43:08 /build/assets/Assignments-BOxfcwE2.js ........ ~ 0.48ms
  2025-12-24 23:43:08 /build/assets/Assignments-BdxcnUAt.css ....... ~ 0.46ms
  2025-12-24 23:43:08 /build/assets/Classes-CoeCR3N4.js ............ ~ 0.31ms
  2025-12-24 23:43:08 /build/assets/Classes-CYXZVLji.css ........... ~ 0.61ms
  2025-12-24 23:43:08 /build/assets/Dashboard-NnYKRjwh.js .......... ~ 0.61ms
  2025-12-24 23:43:08 /build/assets/Dashboard-Df8LdpHi.css ......... ~ 0.61ms
  2025-12-24 23:43:08 /build/assets/Materials-NH0c_9Vk.js .......... ~ 0.51ms
  2025-12-24 23:43:08 /build/assets/Materials-D_KfWPSc.css ......... ~ 0.27ms
  2025-12-24 23:43:08 /build/assets/Index-DBuhXfuU.js .............. ~ 0.38ms
  2025-12-24 23:43:08 /build/assets/Edit-Bpn9BUuD.js ............... ~ 0.23ms
  2025-12-24 23:43:08 /build/assets/Edit-C4P7t_N1.css .............. ~ 0.34ms
  2025-12-24 23:43:08 /build/assets/Index-Db44Mj__.js .............. ~ 0.36ms
  2025-12-24 23:43:08 /build/assets/Show-Qtozdjv1.js ............... ~ 0.28ms
  2025-12-24 23:43:08 /build/assets/MyTimetable-GtIRky_P.js ........ ~ 0.47ms
  2025-12-24 23:43:08 /build/assets/MyTimetable-DCklv2Sq.css ....... ~ 0.19ms
  2025-12-24 23:43:08 /build/assets/Generate-DR4yFReU.js ........... ~ 0.09ms
  2025-12-24 23:43:08 /build/assets/Constraints-9gtMvr79.js ........ ~ 0.08ms
  2025-12-24 23:43:08 /build/assets/Constraints-BZS0SRTT.css ....... ~ 0.08ms
  2025-12-24 23:43:08 /build/assets/Periods-BbsM6Fh-.js ............ ~ 0.08ms
  2025-12-24 23:43:08 /build/assets/SubjectAllocation-Z6UcFIJy.js .. ~ 0.08ms
  2025-12-24 23:43:08 /build/assets/SubjectAllocation-LlDamDcb.css . ~ 0.08ms
  2025-12-24 23:43:08 /build/assets/ClassTimetable-Dcw09Z05.js ..... ~ 0.08ms
  2025-12-24 23:43:08 /build/assets/ClassTimetable-DKnYbDuK.css .... ~ 0.09ms
  2025-12-24 23:43:08 /build/assets/TeacherTimetable-lTjm-Wt8.js ... ~ 0.08ms
  2025-12-24 23:43:08 /build/assets/Welcome-D3MSiuFg.js ............ ~ 0.08ms
  2025-12-24 23:43:08 /build/assets/DefaultLayout-CZjYLiYR.js ...... ~ 0.13ms
  2025-12-24 23:43:08 /build/assets/DefaultLayout-UfeXBpZ5.css ..... ~ 0.09ms
  2025-12-24 23:43:08 /build/assets/Pagination-ECRwH47T.js ......... ~ 0.09ms
  2025-12-24 23:43:08 /build/assets/Pagination-BbeKvaSo.css ........ ~ 0.17ms
  2025-12-24 23:43:08 /build/assets/lodash-BWuwFB3v.js ............. ~ 0.25ms
  2025-12-24 23:43:08 /build/assets/Footer-Gje_vOTM.js ............. ~ 0.17ms
  2025-12-24 23:43:08 /build/assets/Footer-Dp49msI0.css ............ ~ 0.14ms
  2025-12-24 23:45:41 /employee/exams/enter-marks ................ ~ 508.74ms
  2025-12-24 23:45:42 /build/assets/EnterMarks-B0LnR8dI.js ......... ~ 0.82ms
  2025-12-24 23:45:42 /build/assets/index-BOyi1N20.js .............. ~ 0.31ms
  2025-12-24 23:45:42 /build/assets/EnterMarks-DwL5Vpbu.css ........ ~ 0.64ms
  2025-12-24 23:45:43 /employee/datatable/exams .................. ~ 502.10ms
  2025-12-24 23:45:43 /employee/classes ............................ ~ 0.24ms
  2025-12-24 23:45:43 /build/assets/PublicSans-MediumItalic-DuodZiUi.ttf  ~ 2.98ms
  2025-12-24 23:45:46 /employee/exams/submitted-marks ............ ~ 501.17ms
  2025-12-24 23:45:46 /employee/exams/submitted-marks ............ ~ 500.73ms
  2025-12-24 23:45:56 /employee/attendance/mark ........................ ~ 2s
  2025-12-24 23:45:58 /build/assets/MarkAttendance-DsKdq_Zo.js ..... ~ 1.04ms
  2025-12-24 23:45:58 /employee/attendance/history ............... ~ 502.91ms
  2025-12-24 23:45:58 /build/assets/PublicSans-Bold-DEFlLvwJ.ttf ... ~ 0.49ms
  2025-12-24 23:46:20 /employee/calendar ......................... ~ 501.73ms
  2025-12-24 23:46:21 /build/assets/Index-C_2UmDP3.js .............. ~ 0.32ms
  2025-12-24 23:46:21 /build/assets/SchoolCalendar-qEf1aTuN.css .... ~ 1.40ms
  2025-12-24 23:46:21 /build/assets/SchoolCalendar-DY8nyl9L.js ..... ~ 5.71ms
  2025-12-24 23:46:21 /employee/calendar/events/fetch ............ ~ 506.48ms
  2025-12-24 23:46:50 .................................................. ~ 5s
  2025-12-24 23:48:25 /teacher/my-timetable ............................ ~ 1s
  2025-12-24 23:48:27 /teacher/my-timetable ............................ ~ 2s
  2025-12-24 23:49:07 /teacher/my-timetable ............................ ~ 1s
  2025-12-24 23:49:48 /favicon.ico ................................. ~ 2.83ms
  2025-12-24 23:49:49 /assets/images/branding/skaas-schools-logo.png  ~ 3.71ms
  2025-12-24 23:49:49 /teacher/my-timetable ............................ ~ 1s
  2025-12-24 23:51:04 /employee/calendar ............................... ~ 5s
  2025-12-24 23:51:10 /employee/calendar/events/fetch ............ ~ 500.82ms
  2025-12-24 23:51:17 .................................................. ~ 5s
  2025-12-24 23:51:22 /employee/exams/submitted-marks ............ ~ 501.10ms
  2025-12-24 23:51:23 /employee/exams/submitted-marks-data ....... ~ 501.94ms
  2025-12-24 23:51:54 /employee/exams/enter-marks ................ ~ 500.73ms
  2025-12-24 23:51:55 /employee/datatable/exams .................. ~ 503.11ms
  2025-12-24 23:51:55 /employee/classes ............................ ~ 0.50ms
  2025-12-24 23:52:00 /employee/subjects ......................... ~ 501.14ms
  2025-12-24 23:52:05 /employee/exams/enrolled-students ............ ~ 0.64ms
  2025-12-24 23:52:05 /employee/exams/existing-marks ............... ~ 0.36ms
  2025-12-24 23:52:06 /employee/exam-subject-skills .............. ~ 500.43ms
  2025-12-24 23:52:12 /employee/logout ................................. ~ 2s
  2025-12-24 23:52:14 /login ....................................... ~ 0.30ms
  2025-12-24 23:52:16 /images/ecobiz_logo_new.jpeg ................. ~ 0.47ms
  2025-12-24 23:52:42 /login ..................................... ~ 501.07ms
  2025-12-24 23:52:42 /employee/dashboard ........................ ~ 502.54ms
  2025-12-24 23:52:42 /login ....................................... ~ 1.46ms
  2025-12-24 23:52:43 /dashboard ................................. ~ 501.14ms
  2025-12-24 23:52:43 /admin/dashboard ........................... ~ 500.91ms
  2025-12-24 23:52:53 /admin/exams/approval-queue ...................... ~ 2s
  2025-12-24 23:52:55 /admin/exams/approval-queue/pending-submissions  ~ 0.76ms
  2025-12-24 23:52:56 /admin/exams/approval-queue/stats ............ ~ 0.35ms
  2025-12-24 23:53:02 /admin/exams/approval-queue/virtual_4_8_6_10/details  ~ 500.87ms
  2025-12-24 23:53:16 /admin/exams/approval-queue/approve-marks .. ~ 500.91ms
  2025-12-24 23:53:16 /admin/exams/approval-queue/pending-submissions  ~ 0.45ms
  2025-12-24 23:53:17 /admin/exams/approval-queue/stats .......... ~ 501.80ms
  2025-12-24 23:53:23 .................................................. ~ 5s
  2025-12-24 23:53:30 /logout .......................................... ~ 1s
  2025-12-24 23:53:31 /login ....................................... ~ 0.49ms
  2025-12-24 23:53:51 /login ..................................... ~ 501.41ms
  2025-12-24 23:53:52 /login ....................................... ~ 0.94ms
  2025-12-25 00:00:18 /admission ................................. ~ 502.39ms
  2025-12-25 00:02:46 /login ..................................... ~ 505.51ms
  2025-12-25 00:02:47 /favicon.ico ................................. ~ 7.61ms
  2025-12-25 00:02:47 /images/ecobiz_logo_new.jpeg ................. ~ 4.18ms
  2025-12-25 00:03:11 /login ..................................... ~ 500.75ms
  2025-12-25 00:03:12 /student/dashboard ........................... ~ 0.65ms
  2025-12-25 00:03:12 /assets/images/branding/skaas-schools-logo.png  ~ 1.50ms
  2025-12-25 00:03:18 /student/results ........................... ~ 500.74ms
  2025-12-25 00:03:32 /student/results/6 ......................... ~ 502.92ms
  2025-12-25 00:03:44 /student/results/6/download ...................... ~ 1s
  2025-12-25 00:03:58 /student/results ........................... ~ 501.46ms
  2025-12-25 00:04:19 /student/lms/dashboard ..................... ~ 500.69ms
  2025-12-25 00:04:28 /student/lms/classes ....................... ~ 500.81ms
  2025-12-25 00:04:31 /student/lms/assignments ..................... ~ 0.74ms
  2025-12-25 00:04:32 /student/lms/dashboard ..................... ~ 500.45ms
  2025-12-25 00:04:38 /student/logout .................................. ~ 2s
  2025-12-25 00:04:40 /student/lms/dashboard ....................... ~ 0.25ms
  2025-12-25 00:04:41 /assets/images/branding/skaas-schools-logo.png  ~ 0.19ms
  2025-12-25 00:04:43 /student/logout .................................. ~ 2s
  2025-12-25 00:04:46 / .......................................... ~ 500.55ms
  2025-12-25 00:04:46 /website/css/custom.css ...................... ~ 0.27ms
  2025-12-25 00:04:46 /website/css/bootstrap.min.css ............... ~ 0.27ms
  2025-12-25 00:04:46 /website/css/style.css ....................... ~ 2.72ms
  2025-12-25 00:04:46 /website/css/icofont.min.css ................. ~ 0.33ms
  2025-12-25 00:04:46 /website/css/meanmenu.min.css ................ ~ 0.21ms
  2025-12-25 00:04:46 /website/css/owl.carousel.min.css ............ ~ 0.31ms
  2025-12-25 00:04:46 /website/css/owl.theme.default.min.css ....... ~ 0.18ms
  2025-12-25 00:04:46 /website/css/animate.css ..................... ~ 0.25ms
  2025-12-25 00:04:46 /website/css/venobox.min.css ................. ~ 1.42ms
  2025-12-25 00:04:46 /website/css/responsive.css .................. ~ 0.54ms
  2025-12-25 00:04:46 /website/js/jquery-2.2.4.min.js .............. ~ 0.17ms
  2025-12-25 00:04:46 /website/js/popper.min.js .................... ~ 0.42ms
  2025-12-25 00:04:46 /website/js/bootstrap.min.js ................. ~ 2.44ms
  2025-12-25 00:04:46 /website/js/jquery.meanmenu.js ............... ~ 0.32ms
  2025-12-25 00:04:46 /website/js/jquery.sticky.js ................. ~ 0.34ms
  2025-12-25 00:04:46 /website/js/owl.carousel.min.js .............. ~ 0.48ms
  2025-12-25 00:04:46 /website/js/isotope.3.0.6.min.js ............. ~ 3.92ms
  2025-12-25 00:04:46 /website/js/venobox.min.js ................... ~ 2.18ms
  2025-12-25 00:04:46 /website/js/jquery.appear.js ................. ~ 0.22ms
  2025-12-25 00:04:46 /website/js/jquery.inview.min.js ............. ~ 0.16ms
  2025-12-25 00:04:46 /website/js/scrolltopcontrol.js .............. ~ 0.91ms
  2025-12-25 00:04:46 /website/js/wow.min.js ....................... ~ 0.36ms
  2025-12-25 00:04:46 /website/js/scripts.js ....................... ~ 0.44ms
  2025-12-25 00:04:47 /website/fonts/icofont.woff2 ................. ~ 1.07ms
  2025-12-25 00:04:52 /login ..................................... ~ 501.49ms
  2025-12-25 00:04:53 /images/ecobiz_logo_new.jpeg ................. ~ 0.61ms
  2025-12-25 00:05:15 /login ..................................... ~ 500.79ms
  2025-12-25 00:05:15 /employee/dashboard .......................... ~ 0.22ms
  2025-12-25 00:05:16 /login ..................................... ~ 501.57ms
  2025-12-25 00:05:16 /dashboard ................................... ~ 0.23ms
  2025-12-25 00:05:16 /admin/dashboard ........................... ~ 501.01ms
  2025-12-25 00:05:17 /assets/images/branding/skaas-schools-logo.png  ~ 0.32ms
  2025-12-25 00:05:31 /logout .......................................... ~ 1s
  2025-12-25 00:05:33 /login ....................................... ~ 0.30ms
  2025-12-25 00:05:51 /login ..................................... ~ 501.77ms
  2025-12-25 00:05:52 /student/dashboard ......................... ~ 500.79ms
  2025-12-25 00:06:02 /student/calendar .......................... ~ 505.42ms
  2025-12-25 00:06:03 /student/calendar/events/fetch ............. ~ 501.19ms
  2025-12-25 00:06:08 /student/fees .............................. ~ 501.59ms
  2025-12-25 00:06:13 /student/results ............................. ~ 0.83ms
  2025-12-25 00:06:18 /student/results/6 ......................... ~ 500.88ms
  2025-12-25 00:06:51 /student/profile ............................. ~ 0.64ms
  2025-12-25 00:06:52 /images/default-female-student.png ........... ~ 0.73ms
  2025-12-25 00:07:03 /student/logout .................................. ~ 1s
  2025-12-25 00:07:05 /student/profile ........................... ~ 500.71ms
  2025-12-25 00:07:06 /assets/images/branding/skaas-schools-logo.png  ~ 1.71ms
  2025-12-25 00:07:06 /images/default-female-student.png ........... ~ 0.64ms
  2025-12-25 00:07:10 /login ........................................... ~ 1s
  2025-12-25 00:07:12 /images/ecobiz_logo_new.jpeg ................. ~ 0.33ms
  2025-12-25 00:07:34 /login ..................................... ~ 501.62ms
  2025-12-25 00:07:35 /employee/dashboard .......................... ~ 0.59ms
  2025-12-25 00:07:35 /login ....................................... ~ 0.57ms
  2025-12-25 00:07:35 /dashboard ................................. ~ 504.81ms
  2025-12-25 00:07:36 /admin/dashboard ............................. ~ 0.91ms
  2025-12-25 00:07:36 /assets/images/branding/skaas-schools-logo.png  ~ 0.42ms
  2025-12-25 00:07:43 /admin/calendar ............................ ~ 501.01ms
  2025-12-25 00:07:44 /admin/calendar/events/fetch ............... ~ 501.31ms
  2025-12-25 00:07:50 .................................................. ~ 5s
  2025-12-25 00:07:57 /admin/exams/results ............................. ~ 4s
  2025-12-25 00:08:10 /datatable/enrolled-students ............... ~ 501.03ms
  2025-12-25 00:08:10 /datatable/exam-subjects ..................... ~ 0.37ms
  2025-12-25 00:08:11 /datatable/exam-marks ............................ ~ 2s
  2025-12-25 00:08:26 /admin/exams/generate-bulk-report .......... ~ 501.73ms
  2025-12-25 00:08:26 /admin/exams/results ......................... ~ 0.15ms
  2025-12-25 00:08:35 /admin/exams/results ....................... ~ 500.45ms
  2025-12-25 00:08:36 /favicon.ico ................................. ~ 0.23ms
  2025-12-25 00:08:37 /assets/images/branding/skaas-schools-logo.png  ~ 0.93ms
  2025-12-25 00:08:43 /datatable/enrolled-students ............... ~ 500.45ms
  2025-12-25 00:08:43 /datatable/exam-subjects ..................... ~ 0.37ms
  2025-12-25 00:08:43 /datatable/exam-marks ............................ ~ 1s
  2025-12-25 00:08:55 /admin/exams/generate-bulk-report ................ ~ 2s
  2025-12-25 00:09:12 /admin/fees/reports/fee-report ............. ~ 500.59ms
  2025-12-25 00:09:22 /admin/fees/reports/collection ............. ~ 501.24ms
  2025-12-25 00:09:37 /admin/fees/reports/collection ............... ~ 0.25ms
  2025-12-25 00:09:40 /admin/fees/reports/fee-report ............. ~ 500.94ms
  2025-12-25 00:09:52 /admin/fees/reports/collection ............. ~ 500.46ms
  2025-12-25 00:10:03 /admin/student-admissions ........................ ~ 1s
  2025-12-25 00:10:04 /datatable/student-admissions .............. ~ 501.34ms
  2025-12-25 00:10:07 /datatable/student-admissions .............. ~ 500.64ms
  2025-12-25 00:10:07 /datatable/student-admissions ................ ~ 0.15ms
  2025-12-25 00:10:07 /datatable/student-admissions ................ ~ 1.07ms
  2025-12-25 00:10:08 /datatable/student-admissions .............. ~ 500.51ms
  2025-12-25 00:10:09 /datatable/student-admissions ................ ~ 0.24ms
  2025-12-25 00:10:09 /datatable/student-admissions .............. ~ 501.67ms
  2025-12-25 00:10:10 /datatable/student-admissions ................ ~ 0.25ms
  2025-12-25 00:10:21 /admin/student-admissions/3/edit ........... ~ 500.67ms
  2025-12-25 00:10:22 /datatable/divisions ....................... ~ 501.23ms
  2025-12-25 00:10:22 /datatable/ranks ........................... ~ 500.76ms
  2025-12-25 00:10:22 /datatable/genders ......................... ~ 503.84ms
  2025-12-25 00:10:22 /datatable/religions ......................... ~ 3.18ms
  2025-12-25 00:10:22 /datatable/relationships ..................... ~ 2.11ms
  2025-12-25 00:10:26 /admin/student-admissions/first-step ......... ~ 0.32ms
  2025-12-25 00:10:26 /admin/student-admissions/3/edit ........... ~ 500.59ms
  2025-12-25 00:10:32 /admin/student-admissions/first-step ....... ~ 501.35ms
  2025-12-25 00:10:32 /admin/student-admissions/3/edit ........... ~ 501.08ms
  2025-12-25 00:10:33 /images/default-male-student.png ........... ~ 501.19ms
  2025-12-25 00:10:48 /admin/admission-applications .............. ~ 501.86ms
  2025-12-25 00:11:02 .................................................. ~ 5s
  2025-12-25 00:11:09 /admission ....................................... ~ 4s

   INFO  Environment modified. Restarting server...  

   INFO  Server running on [http://127.0.0.1:8001].  

  Press Ctrl+C to stop the server

  PHP Deprecated:  App\Models\Teacher::scopeSearch(): Implicitly marking parameter $terms as nullable is deprecated, the explicit nullable type must be used instead in /home/ecobiz/Documents/Software/School-Management-System-CMS/app/Models/Teacher.php on line 101
  PHP Deprecated:  App\Models\Employee::scopeSearch(): Implicitly marking parameter $terms as nullable is deprecated, the explicit nullable type must be used instead in /home/ecobiz/Documents/Software/School-Management-System-CMS/app/Models/Employee.php on line 453
  PHP Deprecated:  App\Models\Rank::scopeSearch(): Implicitly marking parameter $terms as nullable is deprecated, the explicit nullable type must be used instead in /home/ecobiz/Documents/Software/School-Management-System-CMS/app/Models/Rank.php on line 389
  PHP Deprecated:  App\Http\Controllers\FormWizard\TeacherController::firstStep(): Implicitly marking parameter $employee as nullable is deprecated, the explicit nullable type must be used instead in /home/ecobiz/Documents/Software/School-Management-System-CMS/app/Http/Controllers/FormWizard/TeacherController.php on line 12
  PHP Deprecated:  App\Http\Controllers\FormWizard\TeacherController::secondStep(): Implicitly marking parameter $employee as nullable is deprecated, the explicit nullable type must be used instead in /home/ecobiz/Documents/Software/School-Management-System-CMS/app/Http/Controllers/FormWizard/TeacherController.php on line 75
  PHP Deprecated:  App\Http\Controllers\Employee\Auth\LoginController::sendFailedLoginResponse(): Implicitly marking parameter $message as nullable is deprecated, the explicit nullable type must be used instead in /home/ecobiz/Documents/Software/School-Management-System-CMS/app/Http/Controllers/Employee/Auth/LoginController.php on line 271
  2025-12-25 00:34:14 /admin/admission-applications .................... ~ 3s

   INFO  Environment modified. Restarting server...  

   INFO  Server running on [http://127.0.0.1:8001].  

  Press Ctrl+C to stop the server

  2025-12-25 00:34:19 /favicon.ico ................................. ~ 1.17ms

   INFO  Environment modified. Restarting server...  

   INFO  Server running on [http://127.0.0.1:8001].  

  Press Ctrl+C to stop the server

  PHP Deprecated:  App\Models\Teacher::scopeSearch(): Implicitly marking parameter $terms as nullable is deprecated, the explicit nullable type must be used instead in /home/ecobiz/Documents/Software/School-Management-System-CMS/app/Models/Teacher.php on line 101
  PHP Deprecated:  App\Models\Employee::scopeSearch(): Implicitly marking parameter $terms as nullable is deprecated, the explicit nullable type must be used instead in /home/ecobiz/Documents/Software/School-Management-System-CMS/app/Models/Employee.php on line 453
  PHP Deprecated:  App\Models\Rank::scopeSearch(): Implicitly marking parameter $terms as nullable is deprecated, the explicit nullable type must be used instead in /home/ecobiz/Documents/Software/School-Management-System-CMS/app/Models/Rank.php on line 389
  PHP Deprecated:  App\Http\Controllers\FormWizard\TeacherController::firstStep(): Implicitly marking parameter $employee as nullable is deprecated, the explicit nullable type must be used instead in /home/ecobiz/Documents/Software/School-Management-System-CMS/app/Http/Controllers/FormWizard/TeacherController.php on line 12
  PHP Deprecated:  App\Http\Controllers\FormWizard\TeacherController::secondStep(): Implicitly marking parameter $employee as nullable is deprecated, the explicit nullable type must be used instead in /home/ecobiz/Documents/Software/School-Management-System-CMS/app/Http/Controllers/FormWizard/TeacherController.php on line 75
  PHP Deprecated:  App\Http\Controllers\Employee\Auth\LoginController::sendFailedLoginResponse(): Implicitly marking parameter $message as nullable is deprecated, the explicit nullable type must be used instead in /home/ecobiz/Documents/Software/School-Management-System-CMS/app/Http/Controllers/Employee/Auth/LoginController.php on line 271
  2025-12-25 00:36:10 /admin/admission-applications .................... ~ 1s
  2025-12-25 00:36:12 /build/assets/app-CIwfdflE.css ............... ~ 0.13ms
  2025-12-25 00:36:12 /build/assets/app-BuAiy87a.css ............... ~ 1.44ms
  2025-12-25 00:36:12 /build/assets/app-BoRBduzA.js ................ ~ 3.19ms
  2025-12-25 00:36:12 /build/assets/OnlineApplications-BfDKfhYx.js . ~ 0.55ms
  2025-12-25 00:36:12 /build/assets/DefaultLayout-BLkP19bw.js ...... ~ 0.14ms
  2025-12-25 00:36:12 /build/assets/Footer-4MoqJ8ow.js ............. ~ 1.57ms
  2025-12-25 00:36:12 /build/assets/Footer-Dp49msI0.css ............ ~ 0.39ms
  2025-12-25 00:36:12 /build/assets/DefaultLayout-UfeXBpZ5.css ..... ~ 0.18ms
  2025-12-25 00:36:12 /build/assets/Pagination-COk-BVHe.js ......... ~ 0.49ms
  2025-12-25 00:36:12 /build/assets/Pagination-BbeKvaSo.css ........ ~ 2.13ms
  2025-12-25 00:36:12 /build/assets/lodash-ByeUvYd2.js ............. ~ 0.19ms
  2025-12-25 00:36:12 /build/assets/OnlineApplications-CZwoTwJe.css  ~ 0.34ms
  2025-12-25 00:36:12 /favicon.ico ................................. ~ 0.22ms
  2025-12-25 00:36:12 /assets/images/branding/skaas-schools-logo.png  ~ 0.14ms
  2025-12-25 00:36:12 /build/assets/boxicons-CeGEncwm.woff2 ........ ~ 0.13ms
  2025-12-25 00:36:12 /build/assets/PublicSans-Medium-DOt0zBLs.ttf . ~ 0.24ms
  2025-12-25 00:36:12 /build/assets/PublicSans-Regular-CcK-bgQZ.ttf  ~ 0.72ms
  2025-12-25 00:36:12 /build/assets/PublicSans-Bold-DEFlLvwJ.ttf ... ~ 0.08ms
  2025-12-25 00:36:12 /build/assets/OnlineApplications-BfDKfhYx.js . ~ 0.86ms
  2025-12-25 00:36:12 /build/assets/OnlineApplications-CZwoTwJe.css  ~ 0.33ms
  2025-12-25 00:36:12 /build/assets/Index-DKDVhSq1.js .............. ~ 0.96ms
  2025-12-25 00:36:12 /build/assets/Report-CRW_HUJG.js ............. ~ 0.26ms
  2025-12-25 00:36:13 /build/assets/debounce-B2I27g_o.js ........... ~ 0.48ms
  2025-12-25 00:36:13 /build/assets/ConfirmPassword-C9_8ZcVZ.js .... ~ 0.31ms
  2025-12-25 00:36:13 /build/assets/GuestLayout-CKadpmV_.js ........ ~ 0.34ms
  2025-12-25 00:36:13 /build/assets/GuestLayout-D0pWnSgT.css ....... ~ 0.70ms
  2025-12-25 00:36:13 /build/assets/InputError-BylfTKtA.js ......... ~ 0.50ms
  2025-12-25 00:36:13 /build/assets/InputLabel-BtA2LWLu.js ......... ~ 0.13ms
  2025-12-25 00:36:13 /build/assets/PrimaryButton-CIzlBSfx.js ...... ~ 0.58ms
  2025-12-25 00:36:13 /build/assets/TextInput-D3M2XbTU.js .......... ~ 0.30ms
  2025-12-25 00:36:13 /build/assets/ForgotPassword-nHuCq9Z6.js ..... ~ 0.27ms
  2025-12-25 00:36:13 /build/assets/Login-DBKn-Z7G.js .............. ~ 0.44ms
  2025-12-25 00:36:13 /build/assets/Checkbox-B44MS6aH.js ........... ~ 0.33ms
  2025-12-25 00:36:13 /build/assets/Register-DTctTDIR.js ........... ~ 0.32ms
  2025-12-25 00:36:13 /build/assets/ResetPassword-DDa1AgU4.js ...... ~ 0.15ms
  2025-12-25 00:36:13 /build/assets/VerifyEmail-DJ0pDBVh.js ........ ~ 0.15ms
  2025-12-25 00:36:13 /build/assets/Index-CCMbKEWQ.js .............. ~ 0.12ms
  2025-12-25 00:36:13 /build/assets/SchoolCalendar-DXtU7Emk.js ..... ~ 0.54ms
  2025-12-25 00:36:13 /build/assets/Index-djuUYQ6W.js .............. ~ 0.48ms
  2025-12-25 00:36:13 /build/assets/SchoolCalendar-qEf1aTuN.css .... ~ 3.62ms
  2025-12-25 00:36:13 /build/assets/index-D4TRCPWs.js .............. ~ 0.78ms
  2025-12-25 00:36:13 /build/assets/Show-D3O0hl6Z.js ............... ~ 0.75ms
  2025-12-25 00:36:13 /build/assets/Allowance-rnuciTj7.js .......... ~ 0.25ms
  2025-12-25 00:36:13 /build/assets/Show-BI6oj0NI.css .............. ~ 0.48ms
  2025-12-25 00:36:13 /build/assets/BlogCategories-Cx04mYk-.js ..... ~ 1.03ms
  2025-12-25 00:36:13 /build/assets/Deduction-CFk6dBov.js .......... ~ 1.38ms
  2025-12-25 00:36:13 /build/assets/Divisions-BqU30wEi.js .......... ~ 0.47ms
  2025-12-25 00:36:13 /build/assets/EmploymentStatuses--TMbOz7O.js . ~ 0.28ms
  2025-12-25 00:36:13 /build/assets/EmploymentTypes-B3wR97-x.js .... ~ 0.18ms
  2025-12-25 00:36:13 /build/assets/Genders-Bdq9cguA.js ............ ~ 0.28ms
  2025-12-25 00:36:13 /build/assets/Honorifics-Be2jX-TB.js ......... ~ 0.30ms
  2025-12-25 00:36:13 /build/assets/Income-D051Vsxt.js ............. ~ 0.27ms
  2025-12-25 00:36:13 /build/assets/Index-Czas0T0S.js .............. ~ 0.45ms
  2025-12-25 00:36:13 /build/assets/Index-hOtiuyDQ.css ............. ~ 0.35ms
  2025-12-25 00:36:13 /build/assets/JobTitles-vxkb9clB.js .......... ~ 0.24ms
  2025-12-25 00:36:13 /build/assets/QualificationTypes-ZHmMtvpl.js . ~ 0.13ms
  2025-12-25 00:36:13 /build/assets/Relationships-D5UAzwKO.js .... ~ 502.51ms
  2025-12-25 00:36:13 /build/assets/Religions-2bK3-9mW.js .......... ~ 0.22ms
  2025-12-25 00:36:13 /build/assets/SalaryGrade-Di7hmKcS.js ........ ~ 0.27ms
  2025-12-25 00:36:13 /build/assets/SalaryScale-BaSPx30V.js ........ ~ 0.53ms
  2025-12-25 00:36:13 /build/assets/Streams-BJaQkaM1.js ............ ~ 0.51ms
  2025-12-25 00:36:13 /build/assets/Subjects-6_Rpp7NM.js ........... ~ 0.26ms
  2025-12-25 00:36:13 /build/assets/TeacherTitles-B1fqr1OY.js ...... ~ 0.19ms
  2025-12-25 00:36:13 /build/assets/Dashboard-DFIkjk33.js .......... ~ 1.99ms
  2025-12-25 00:36:13 /build/assets/GreetingCard-B-SUz_QV.js ....... ~ 0.44ms
  2025-12-25 00:36:13 /build/assets/AssignClasses-NzwWVLnb.js ...... ~ 0.23ms
  2025-12-25 00:36:13 /build/assets/GreetingCard-d-HuJ_xn.css ...... ~ 0.90ms
  2025-12-25 00:36:13 /build/assets/index-Cw13z36Q.js .............. ~ 0.59ms
  2025-12-25 00:36:13 /build/assets/AssignClasses-DNa1Zu07.css ..... ~ 0.38ms
  2025-12-25 00:36:13 /build/assets/AssignSubjects-sEMdFYVq.js ..... ~ 0.38ms
  2025-12-25 00:36:13 /build/assets/Edit-CRJmL2DW.js ............... ~ 0.71ms
  2025-12-25 00:36:13 /build/assets/Edit-BY4eCtR7.css .............. ~ 0.28ms
  2025-12-25 00:36:13 /build/assets/EmergencyContactAccordion-W1eYafq0.js  ~ 0.16ms
  2025-12-25 00:36:13 /build/assets/EmployeeDataAccordion-D-ITE6Hu.js  ~ 0.16ms
  2025-12-25 00:36:13 /build/assets/Index-BY7wait4.js .............. ~ 0.39ms
  2025-12-25 00:36:13 /build/assets/Modal-C8TcOcGo.js .............. ~ 0.10ms
  2025-12-25 00:36:13 /build/assets/Dropdown-DILDdBON.js ........... ~ 0.20ms
  2025-12-25 00:36:13 /build/assets/Index-BHGlIFRa.js .............. ~ 0.32ms
  2025-12-25 00:36:13 /build/assets/Index-CCa_qaaw.css ............. ~ 0.16ms
  2025-12-25 00:36:13 /build/assets/Index-gehn0z9Y.css ............. ~ 0.14ms
  2025-12-25 00:36:13 /build/assets/QualificationDetailAccordion-Cuns-3ZR.js  ~ 0.17ms
  2025-12-25 00:36:13 /build/assets/Show-CcwTHsDn.js ............... ~ 0.11ms
  2025-12-25 00:36:13 /build/assets/Create-CVORxhfx.js ............. ~ 0.39ms
  2025-12-25 00:36:13 /build/assets/Create-Kc1s9BP_.css ............ ~ 0.38ms
  2025-12-25 00:36:13 /build/assets/Edit-BSrt9fWm.js ............... ~ 0.26ms
  2025-12-25 00:36:13 /build/assets/Edit-BXvpM3JB.css .............. ~ 0.18ms
  2025-12-25 00:36:13 /build/assets/Index-DG6S8R5I.js .............. ~ 0.32ms
  2025-12-25 00:36:13 /build/assets/Show-CiNCJJXB.js ............... ~ 0.40ms
  2025-12-25 00:36:13 /build/assets/Show-BcbfK-aJ.css .............. ~ 0.28ms
  2025-12-25 00:36:13 /build/assets/WorkHistoryAccordion-BuxzaE6Y.js  ~ 0.24ms
  2025-12-25 00:36:13 /build/assets/FeeBalance-CVuNfxle.js ......... ~ 0.36ms
  2025-12-25 00:36:13 /build/assets/FeeReport-CUUGTYQ4.js .......... ~ 0.26ms
  2025-12-25 00:36:13 /build/assets/FeeBalance-VxAQu3JP.css ........ ~ 0.17ms
  2025-12-25 00:36:13 /build/assets/FeeReport-8VCRTbjL.css ......... ~ 0.26ms
  2025-12-25 00:36:13 /build/assets/Create-BlIbZKAF.js ............. ~ 0.82ms
  2025-12-25 00:36:13 /build/assets/Edit-DdiY91Mq.js ............... ~ 0.25ms
  2025-12-25 00:36:13 /build/assets/Create-v8Xhr7wC.css ............ ~ 0.92ms
  2025-12-25 00:36:13 /build/assets/Index-BCIVPzUY.js .............. ~ 0.22ms
  2025-12-25 00:36:13 /build/assets/Edit-BHrrC4kE.css .............. ~ 1.15ms
  2025-12-25 00:36:13 /build/assets/Index-B3zSWBtC.css ............. ~ 0.44ms
  2025-12-25 00:36:13 /build/assets/Index-M5Ulve-W.js .............. ~ 1.48ms
  2025-12-25 00:36:13 /build/assets/Index-Doodeb1f.css ............. ~ 0.59ms
  2025-12-25 00:36:13 /build/assets/PaymentHistory-DQouSQXf.js ..... ~ 1.32ms
  2025-12-25 00:36:13 /build/assets/PaymentHistory-BJycJNMh.css .... ~ 0.23ms
  2025-12-25 00:36:13 /build/assets/Reports-CCM8Csu3.js ............ ~ 0.40ms
  2025-12-25 00:36:13 /build/assets/chart-BR_H7_9u.js .............. ~ 1.10ms
  2025-12-25 00:36:13 /build/assets/CollectionReport-BCWaaIG6.js ... ~ 0.54ms
  2025-12-25 00:36:13 /build/assets/CollectionReport-DYb6BmdP.css .. ~ 0.57ms
  2025-12-25 00:36:13 /build/assets/Overview-DXNrptkU.js ........... ~ 0.24ms
  2025-12-25 00:36:13 /build/assets/TransferFunds-Wfu9veMP.js ...... ~ 0.23ms
  2025-12-25 00:36:13 /build/assets/TransferFunds-CH4O_5Wh.css ..... ~ 0.24ms
  2025-12-25 00:36:13 /build/assets/TransferHistory-lN5Ly4VK.js .... ~ 0.82ms
  2025-12-25 00:36:13 /build/assets/TransferHistory-Cpner_fp.css ... ~ 0.96ms
  2025-12-25 00:36:13 /build/assets/VerifyPayment-CAUpvQOI.js ...... ~ 0.30ms
  2025-12-25 00:36:13 /build/assets/VerifyPayment-DoPr7nd5.css ..... ~ 0.22ms
  2025-12-25 00:36:13 /build/assets/Index-7-5XzuUo.js .............. ~ 0.51ms
  2025-12-25 00:36:13 /build/assets/Create-tW-0VeaG.js ............. ~ 0.34ms
  2025-12-25 00:36:13 /build/assets/Index-_uzMFcCd.js .............. ~ 0.23ms
  2025-12-25 00:36:13 /build/assets/Index-CYmdRxPM.js .............. ~ 0.23ms
  2025-12-25 00:36:13 /build/assets/Assignments-RJ5x12fj.js ........ ~ 0.42ms
  2025-12-25 00:36:13 /build/assets/Assignments-E-S82EKF.css ....... ~ 0.18ms
  2025-12-25 00:36:13 /build/assets/Classes-B8hQw0Qo.js ............ ~ 0.43ms
  2025-12-25 00:36:13 /build/assets/Classes-fTwbkkVc.css ........... ~ 1.03ms
  2025-12-25 00:36:13 /build/assets/Materials-DJDFmAnh.js .......... ~ 0.34ms
  2025-12-25 00:36:13 /build/assets/Materials-C0tM08BT.css ......... ~ 0.37ms
  2025-12-25 00:36:13 /build/assets/Submissions-CP0PiLMs.js ........ ~ 0.18ms
  2025-12-25 00:36:13 /build/assets/Index-CA49tR6N.js .............. ~ 0.43ms
  2025-12-25 00:36:13 /build/assets/Submissions-tVJZ77wn.css ....... ~ 0.20ms
  2025-12-25 00:36:13 /build/assets/AllStaff-CcNdFCRL.js ........... ~ 0.45ms
  2025-12-25 00:36:13 /build/assets/AllStudents-DHYyeUoH.js ........ ~ 0.36ms
  2025-12-25 00:36:13 /build/assets/Index-DhNDelUs.js .............. ~ 0.38ms
  2025-12-25 00:36:13 /build/assets/index-DHXAGmwn.css ............. ~ 0.23ms
  2025-12-25 00:36:13 /build/assets/StaffAttendance-Drcyt7xr.js .... ~ 0.38ms
  2025-12-25 00:36:13 /build/assets/Index-BmJyJUb8.js .............. ~ 0.47ms
  2025-12-25 00:36:13 /build/assets/AcademicYears-B-0hPT7Z.js ...... ~ 0.23ms
  2025-12-25 00:36:13 /build/assets/Create-BjvTS1YP.js ............. ~ 0.35ms
  2025-12-25 00:36:13 /build/assets/Index-B7Xdl28X.js ............ ~ 500.99ms
  2025-12-25 00:36:13 /build/assets/Create-DCBl5WcC.css ............ ~ 1.81ms
  2025-12-25 00:36:13 /build/assets/Create-B8lHO9_N.js ............. ~ 0.19ms
  2025-12-25 00:36:13 /build/assets/Edit-CVLEWQJV.js ............... ~ 1.17ms
  2025-12-25 00:36:13 /build/assets/Create-C8kjwkFB.css ............ ~ 5.55ms
  2025-12-25 00:36:13 /build/assets/Edit-ujsFgBVD.css .............. ~ 0.23ms
  2025-12-25 00:36:13 /build/assets/Index-Cq6f1SYG.js .............. ~ 0.47ms
  2025-12-25 00:36:13 /build/assets/Show-B6C6qFnM.js ............... ~ 0.36ms
  2025-12-25 00:36:13 /build/assets/Index-CyoEYGUx.css ............. ~ 2.84ms
  2025-12-25 00:36:14 /build/assets/Show-Bq3C96w7.css .............. ~ 0.35ms
  2025-12-25 00:36:14 /build/assets/Index-BeftCnUc.js .............. ~ 0.45ms
  2025-12-25 00:36:14 /build/assets/Index-CHuWKUB7.js .............. ~ 0.12ms
  2025-12-25 00:36:14 /build/assets/Index-BZX1XCJM.js .............. ~ 0.12ms
  2025-12-25 00:36:14 /build/assets/Blogs-CEYfdzpG.js .............. ~ 0.12ms
  2025-12-25 00:36:14 /build/assets/Editor-JMsqHAxF.js ............. ~ 0.16ms
  2025-12-25 00:36:14 /build/assets/Careers-B8DqmW9Y.js ............ ~ 0.45ms
  2025-12-25 00:36:14 /build/assets/Editor-DCiBGPfP.css ............ ~ 0.17ms
  2025-12-25 00:36:14 /build/assets/Index-ErPKFbdU.js .............. ~ 0.17ms
  2025-12-25 00:36:14 /build/assets/Index-DJ9xZC-1.css ............. ~ 0.75ms
  2025-12-25 00:36:14 /build/assets/Buttons-CBuMPuvU.js ............ ~ 0.26ms
  2025-12-25 00:36:14 /build/assets/Buttons-DHNf4XXu.css ........... ~ 0.29ms
  2025-12-25 00:36:14 /build/assets/Colors-1b8pY0Eb.js ............. ~ 0.12ms
  2025-12-25 00:36:14 /build/assets/Index-DzvsU_AT.js .............. ~ 0.23ms
  2025-12-25 00:36:14 /build/assets/Index-CEPBEXi6.css ............. ~ 0.21ms
  2025-12-25 00:36:14 /build/assets/Index-BM6oD0wZ.js .............. ~ 0.53ms
  2025-12-25 00:36:14 /build/assets/Index-DiLQYCc5.js .............. ~ 0.49ms
  2025-12-25 00:36:14 /build/assets/Create-w8FZSdky.js ............. ~ 0.46ms
  2025-12-25 00:36:14 /build/assets/Edit-ueFJA_YY.js ............... ~ 0.47ms
  2025-12-25 00:36:14 /build/assets/Create-Co4pdLcW.css ............ ~ 0.40ms
  2025-12-25 00:36:14 /build/assets/Edit-CQCm6wpr.css .............. ~ 0.31ms
  2025-12-25 00:36:14 /build/assets/Index-B5DxfXl9.js .............. ~ 0.32ms
  2025-12-25 00:36:14 /build/assets/ManagePageSections-hMXq21uH.js . ~ 0.27ms
  2025-12-25 00:36:14 /build/assets/Index-CRNsrQVt.js .............. ~ 0.23ms
  2025-12-25 00:36:14 /build/assets/ManagePageSections-Bn7DDJFs.css  ~ 0.21ms
  2025-12-25 00:36:14 /build/assets/Login-DUwTKok8.js .............. ~ 0.46ms
  2025-12-25 00:36:14 /build/assets/Dashboard-Csq2xejl.js .......... ~ 0.30ms
  2025-12-25 00:36:14 /build/assets/AssignClasses-DCLMjKSS.js ...... ~ 1.45ms
  2025-12-25 00:36:14 /build/assets/AssignClasses-BpmGkGfR.css ..... ~ 0.23ms
  2025-12-25 00:36:14 /build/assets/Index-DQ_xf8MG.js .............. ~ 1.68ms
  2025-12-25 00:36:14 /build/assets/Functions-DBdvPDQ4.js .......... ~ 0.25ms
  2025-12-25 00:36:14 /build/assets/MarkAttendance-CVSa0Qyn.js ..... ~ 0.37ms
  2025-12-25 00:36:14 /build/assets/Report-D2QckLdN.js ............. ~ 0.55ms
  2025-12-25 00:36:14 /build/assets/Login-D38Vijut.js .............. ~ 0.30ms
  2025-12-25 00:36:14 /build/assets/Index-Cn831DCM.js .............. ~ 0.44ms
  2025-12-25 00:36:14 /build/assets/Login-C4dk7bUa.css ............. ~ 2.98ms
  2025-12-25 00:36:14 /build/assets/Dashboard-SVsSsa0m.js .......... ~ 0.83ms
  2025-12-25 00:36:14 /build/assets/EnterMarks-Dk3E9Dci.js ......... ~ 0.46ms
  2025-12-25 00:36:14 /build/assets/Dashboard-DMZbz74x.css ......... ~ 0.39ms
  2025-12-25 00:36:14 /build/assets/EnterMarks-CwSnFIR5.css ........ ~ 0.31ms
  2025-12-25 00:36:14 /build/assets/SubmittedMarks-Bdo7VtU_.js ..... ~ 0.28ms
  2025-12-25 00:36:14 /build/assets/SubmittedMarks-D32eDlNF.css .... ~ 0.47ms
  2025-12-25 00:36:14 /build/assets/Index-sf0xscBz.js .............. ~ 0.30ms
  2025-12-25 00:36:14 /build/assets/EmergencyContacts-DiRq2-3Y.js .. ~ 0.68ms
  2025-12-25 00:36:14 /build/assets/Index-bfWcpLwP.css ............. ~ 0.38ms
  2025-12-25 00:36:14 /build/assets/EmployeeDetails-DJBbK8E2.js .... ~ 0.53ms
  2025-12-25 00:36:14 /build/assets/Qualifications-DtTCWt_K.js ..... ~ 0.25ms
  2025-12-25 00:36:14 /build/assets/UpdatePassword-CzOt7Em0.js ..... ~ 0.17ms
  2025-12-25 00:36:14 /build/assets/UpdatePassword-BJM0g8p3.css .... ~ 0.57ms
  2025-12-25 00:36:14 /build/assets/Index-7C814lq5.js .............. ~ 2.64ms
  2025-12-25 00:36:14 /build/assets/WorkHistories-klW3y218.js ...... ~ 6.67ms
  2025-12-25 00:36:14 /build/assets/Index-CQSrs7sh.css ............. ~ 0.42ms
  2025-12-25 00:36:14 /build/assets/Index-DOPlSUXt.js .............. ~ 0.29ms
  2025-12-25 00:36:14 /build/assets/Index-BrdPPK0u.js .............. ~ 0.32ms
  2025-12-25 00:36:14 /build/assets/ApprovalQueue-Brmr8i81.js ...... ~ 0.90ms
  2025-12-25 00:36:14 /build/assets/ApprovalQueue-Dj6kgcRy.css ..... ~ 0.43ms
  2025-12-25 00:36:14 /build/assets/Index-BsH-Lg0J.js .............. ~ 1.23ms
  2025-12-25 00:36:14 /build/assets/iziToast-A5C-IhIN.js ........... ~ 0.87ms
  2025-12-25 00:36:14 /build/assets/Index-DvuTxJm7.js .............. ~ 4.25ms
  2025-12-25 00:36:14 /build/assets/PayrollAdjustment-CfO8qN_4.js .. ~ 8.54ms
  2025-12-25 00:36:14 /build/assets/PayrollAdjustmentAllowance-BXH0nYOV.js  ~ 0.33ms
  2025-12-25 00:36:14 /build/assets/PayrollAdjustmentDeduction-BzYxMfJ0.js  ~ 0.26ms
  2025-12-25 00:36:14 /build/assets/PayrollDetails-Zm7JT_TL.js ..... ~ 0.37ms
  2025-12-25 00:36:14 /build/assets/PayrollRun-CewXtoXR.js ......... ~ 0.46ms
  2025-12-25 00:36:14 /build/assets/Edit-C-8MU1T-.js ............... ~ 0.17ms
  2025-12-25 00:36:14 /build/assets/SecondaryButton-D5xMhI0m.js .... ~ 0.40ms
  2025-12-25 00:36:14 /build/assets/Index-DTSWcm-s.js .............. ~ 0.19ms
  2025-12-25 00:36:14 /build/assets/DeleteUserForm-DluxaSMq.js ..... ~ 0.43ms
  2025-12-25 00:36:14 /build/assets/UpdatePasswordForm-Cs4QUkJ4.js . ~ 0.48ms
  2025-12-25 00:36:14 /build/assets/UpdateProfileInformationForm-lVe5qewR.js  ~ 0.31ms
  2025-12-25 00:36:14 /build/assets/Index-DKUNpn_T.js .............. ~ 0.95ms
  2025-12-25 00:36:14 /build/assets/Index-Bdx268IB.css ............. ~ 0.51ms
  2025-12-25 00:36:14 /build/assets/Success-CmGTnhYY.js ............ ~ 0.26ms
  2025-12-25 00:36:14 /build/assets/Success-r-hqeCiF.css ........... ~ 0.64ms
  2025-12-25 00:36:14 /build/assets/Track-CdLLLzy5.js .............. ~ 3.73ms
  2025-12-25 00:36:14 /build/assets/Track-L7omozRj.css ............. ~ 0.60ms
  2025-12-25 00:36:14 /build/assets/TrackingForm-BuO4HRR1.js ....... ~ 0.19ms
  2025-12-25 00:36:14 /build/assets/TrackingForm-BbDMoIBK.css ...... ~ 0.77ms
  2025-12-25 00:36:14 /build/assets/Index-BmiVzCsk.js .............. ~ 0.27ms
  2025-12-25 00:36:14 /build/assets/StudentLayout-DP8S9eFT.js ...... ~ 0.46ms
  2025-12-25 00:36:14 /build/assets/StudentLayout-OSj59oVD.css ..... ~ 0.26ms
  2025-12-25 00:36:14 /build/assets/ChangePassword-CNbvGBdr.js ..... ~ 0.94ms
  2025-12-25 00:36:14 /build/assets/Index-CmjudkDt.js .............. ~ 0.69ms
  2025-12-25 00:36:14 /build/assets/Dashboard-BPZg2JS4.js .......... ~ 0.45ms
  2025-12-25 00:36:14 /build/assets/Dashboard-XybeFVte.css ......... ~ 0.94ms
  2025-12-25 00:36:14 /build/assets/Index-BDdkPDf8.js .............. ~ 0.21ms
  2025-12-25 00:36:14 /build/assets/Assignments-BRw_H8Te.js ........ ~ 0.36ms
  2025-12-25 00:36:14 /build/assets/Classes-DMvxGgK5.js ............ ~ 0.18ms
  2025-12-25 00:36:15 /build/assets/Assignments-BdxcnUAt.css ....... ~ 0.40ms
  2025-12-25 00:36:15 /build/assets/Classes-CYXZVLji.css ........... ~ 0.79ms
  2025-12-25 00:36:15 /build/assets/Dashboard-GyUl6bFe.js .......... ~ 0.28ms
  2025-12-25 00:36:15 /build/assets/Dashboard-Df8LdpHi.css ......... ~ 0.45ms
  2025-12-25 00:36:15 /build/assets/Materials-Bb1VK15o.js .......... ~ 0.36ms
  2025-12-25 00:36:15 /build/assets/Materials-D_KfWPSc.css ......... ~ 0.32ms
  2025-12-25 00:36:15 /build/assets/Index-w4TRbffN.js .............. ~ 0.27ms
  2025-12-25 00:36:15 /build/assets/Edit-Dg6tRLaV.js ............... ~ 0.23ms
  2025-12-25 00:36:15 /build/assets/Edit-C4P7t_N1.css .............. ~ 0.13ms
  2025-12-25 00:36:15 /build/assets/Index-CP8GM0cH.js .............. ~ 0.39ms
  2025-12-25 00:36:15 /build/assets/Show-BO_rL0G-.js ............... ~ 0.31ms
  2025-12-25 00:36:15 /build/assets/MyTimetable-CKCZhC9B.js ........ ~ 0.20ms
  2025-12-25 00:36:15 /build/assets/MyTimetable-BJDmxE_A.css ....... ~ 0.23ms
  2025-12-25 00:36:15 /build/assets/Generate-ColEiXQT.js ........... ~ 0.44ms
  2025-12-25 00:36:15 /build/assets/Constraints-BIni4Nhu.js ........ ~ 0.19ms
  2025-12-25 00:36:15 /build/assets/Constraints-BZS0SRTT.css ....... ~ 0.41ms
  2025-12-25 00:36:15 /build/assets/Periods-DG0XMwJ8.js ............ ~ 0.41ms
  2025-12-25 00:36:15 /build/assets/SubjectAllocation-DzKiqEhU.js .. ~ 2.47ms
  2025-12-25 00:36:15 /build/assets/ClassTimetable-3yFOKVEb.js ..... ~ 0.95ms
  2025-12-25 00:36:15 /build/assets/SubjectAllocation-LlDamDcb.css . ~ 0.33ms
  2025-12-25 00:36:15 /build/assets/ClassTimetable-DKnYbDuK.css .... ~ 0.23ms
  2025-12-25 00:36:15 /build/assets/TeacherTimetable-CaeKGBb8.js ... ~ 0.19ms
  2025-12-25 00:36:15 /build/assets/Welcome-rMnKHDlz.js ............ ~ 0.31ms
  2025-12-25 00:36:15 /build/assets/DefaultLayout-BLkP19bw.js ...... ~ 0.69ms
  2025-12-25 00:36:15 /build/assets/DefaultLayout-UfeXBpZ5.css ..... ~ 0.30ms
  2025-12-25 00:36:15 /build/assets/Pagination-COk-BVHe.js ......... ~ 0.56ms
  2025-12-25 00:36:15 /build/assets/Pagination-BbeKvaSo.css ........ ~ 0.37ms
  2025-12-25 00:36:15 /build/assets/lodash-ByeUvYd2.js ............. ~ 0.31ms
  2025-12-25 00:36:15 /build/assets/Footer-4MoqJ8ow.js ............. ~ 0.28ms
  2025-12-25 00:36:15 /build/assets/Footer-Dp49msI0.css ............ ~ 3.87ms
